1,xwiki,XWIKI-13942,8.4,java.lang.IllegalArgumentException,1,62328,0.0,1,"[0.0,1]"
1,xwiki,XWIKI-13942,8.4,java.lang.IllegalArgumentException,2,62328,0.0,1,"[0.0,1]"
2,xwiki,XWIKI-13942,8.4,java.lang.IllegalArgumentException,2,62328,0.0,2,"[1.5,1][0.0,2]"
3,xwiki,XWIKI-13942,8.4,java.lang.IllegalArgumentException,1,62328,0.0,1,"[0.0,1]"
4,xwiki,XWIKI-13942,8.4,java.lang.IllegalArgumentException,1,62328,0.0,1,"[0.0,1]"
3,xwiki,XWIKI-13942,8.4,java.lang.IllegalArgumentException,2,62328,0.0,3,"[1.5,1][0.0,3]"
2,xwiki,XWIKI-13942,8.4,java.lang.IllegalArgumentException,1,62328,0.0,1,"[0.0,1]"
5,xwiki,XWIKI-13942,8.4,java.lang.IllegalArgumentException,1,62328,0.0,1,"[0.0,1]"
4,xwiki,XWIKI-13942,8.4,java.lang.IllegalArgumentException,2,62328,0.0,1,"[0.0,1]"
6,xwiki,XWIKI-13942,8.4,java.lang.IllegalArgumentException,1,62328,0.0,1,"[0.0,1]"
8,xwiki,XWIKI-13942,8.4,java.lang.IllegalArgumentException,1,62328,0.0,1,"[0.0,1]"
5,xwiki,XWIKI-13942,8.4,java.lang.IllegalArgumentException,2,62328,0.0,6,"[1.5,1][0.0,6]"
6,xwiki,XWIKI-13942,8.4,java.lang.IllegalArgumentException,2,62328,0.0,3,"[2.5,1][1.5,2][0.0,3]"
4,xwiki,XWIKI-13942,8.4,java.lang.IllegalArgumentException,4,62328,0.0,19,"[4.5,1][2.0,5][0.0,19]"
4,xwiki,XWIKI-13942,8.4,java.lang.IllegalArgumentException,3,62328,0.0,17,"[4.5,1][2.0,16][0.0,17]"
7,xwiki,XWIKI-13942,8.4,java.lang.IllegalArgumentException,2,62328,0.0,1,"[0.0,1]"
7,xwiki,XWIKI-13942,8.4,java.lang.IllegalArgumentException,1,62328,0.0,1,"[0.0,1]"
8,xwiki,XWIKI-13942,8.4,java.lang.IllegalArgumentException,2,62328,0.0,1,"[0.0,1]"
1,xwiki,XWIKI-13942,8.4,java.lang.IllegalArgumentException,4,62328,0.0,52,"[4.5,1][2.0,3][0.0,52]"
9,xwiki,XWIKI-13942,8.4,java.lang.IllegalArgumentException,1,62328,0.0,1,"[0.0,1]"
9,xwiki,XWIKI-13942,8.4,java.lang.IllegalArgumentException,2,62328,0.0,1,"[0.0,1]"
6,xwiki,XWIKI-13942,8.4,java.lang.IllegalArgumentException,3,62328,0.0,13,"[2.0,1][0.0,13]"
2,xwiki,XWIKI-13942,8.4,java.lang.IllegalArgumentException,4,62328,0.0,58,"[4.5,1][4.0,5][2.0,6][0.0,58]"
2,xwiki,XWIKI-13942,8.4,java.lang.IllegalArgumentException,3,62328,0.0,41,"[4.5,1][2.0,3][0.0,41]"
10,xwiki,XWIKI-13942,8.4,java.lang.IllegalArgumentException,1,62328,0.0,1,"[0.0,1]"
8,xwiki,XWIKI-13942,8.4,java.lang.IllegalArgumentException,4,62328,0.0,14,"[4.5,1][2.0,8][0.0,14]"
4,xwiki,XWIKI-13942,8.4,java.lang.IllegalArgumentException,5,62328,0.0,15,"[4.75,1][4.6,5][4.0,10][0.0,15]"
10,xwiki,XWIKI-13942,8.4,java.lang.IllegalArgumentException,2,62328,0.0,5,"[1.5,1][0.0,5]"
7,xwiki,XWIKI-13942,8.4,java.lang.IllegalArgumentException,4,62328,0.0,23,"[4.5,1][2.0,6][0.0,23]"
5,xwiki,XWIKI-13942,8.4,java.lang.IllegalArgumentException,3,62328,0.0,54,"[4.5,1][4.0,3][2.0,6][0.0,54]"
6,xwiki,XWIKI-13942,8.4,java.lang.IllegalArgumentException,4,62328,0.0,29,"[4.5,1][4.0,5][2.0,11][0.0,29]"
3,xwiki,XWIKI-13942,8.4,java.lang.IllegalArgumentException,3,62328,0.0,83,"[4.5,1][2.0,8][0.0,83]"
3,xwiki,XWIKI-13942,8.4,java.lang.IllegalArgumentException,4,62328,0.0,97,"[4.5,1][2.0,13][0.0,97]"
8,xwiki,XWIKI-13942,8.4,java.lang.IllegalArgumentException,3,62328,0.0,16,"[4.5,1][2.0,2][0.0,16]"
5,xwiki,XWIKI-13942,8.4,java.lang.IllegalArgumentException,4,62328,0.0,49,"[4.5,1][2.0,4][0.0,49]"
1,xwiki,XWIKI-13942,8.4,java.lang.IllegalArgumentException,3,62328,0.0,120,"[4.5,1][3.0,13][2.0,15][0.0,120]"
7,xwiki,XWIKI-13942,8.4,java.lang.IllegalArgumentException,3,62328,0.0,67,"[4.5,1][2.0,8][0.0,67]"
9,xwiki,XWIKI-13942,8.4,java.lang.IllegalArgumentException,3,62328,0.0,37,"[4.5,1][2.0,4][0.0,37]"
10,xwiki,XWIKI-13942,8.4,java.lang.IllegalArgumentException,3,62328,0.0,23,"[4.5,1][2.0,7][0.0,23]"
9,xwiki,XWIKI-13942,8.4,java.lang.IllegalArgumentException,4,62328,0.0,65,"[4.5,1][2.0,20][0.0,65]"
10,xwiki,XWIKI-13942,8.4,java.lang.IllegalArgumentException,4,62328,0.0,29,"[4.5,1][2.0,13][0.0,29]"
1,xwiki,XWIKI-12667,7.2,java.lang.IllegalArgumentException,1,62328,0.0,1,"[0.0,1]"
1,xwiki,XWIKI-12667,7.2,java.lang.IllegalArgumentException,2,62328,0.0,1,"[0.0,1]"
10,xwiki,XWIKI-13942,8.4,java.lang.IllegalArgumentException,5,62328,0.0,1,"[0.0,1]"
2,xwiki,XWIKI-12667,7.2,java.lang.IllegalArgumentException,2,62328,0.0,1,"[0.0,1]"
2,xwiki,XWIKI-12667,7.2,java.lang.IllegalArgumentException,1,62328,0.0,1,"[0.0,1]"
3,xwiki,XWIKI-12667,7.2,java.lang.IllegalArgumentException,2,62328,0.0,1,"[0.0,1]"
3,xwiki,XWIKI-12667,7.2,java.lang.IllegalArgumentException,1,62328,0.0,1,"[0.0,1]"
4,xwiki,XWIKI-12667,7.2,java.lang.IllegalArgumentException,1,62328,0.0,1,"[0.0,1]"
4,xwiki,XWIKI-12667,7.2,java.lang.IllegalArgumentException,2,62328,0.0,1,"[0.0,1]"
5,xwiki,XWIKI-12667,7.2,java.lang.IllegalArgumentException,1,62328,0.0,4,"[1.3333333333333333,1][0.0,4]"
5,xwiki,XWIKI-12667,7.2,java.lang.IllegalArgumentException,2,62328,0.0,1,"[0.0,1]"
6,xwiki,XWIKI-12667,7.2,java.lang.IllegalArgumentException,1,62328,0.0,1,"[0.0,1]"
6,xwiki,XWIKI-12667,7.2,java.lang.IllegalArgumentException,2,62328,0.0,1,"[0.0,1]"
5,xwiki,XWIKI-12667,7.2,java.lang.IllegalArgumentException,4,62328,-1,0,
5,xwiki,XWIKI-12667,7.2,java.lang.IllegalArgumentException,6,62328,-1,0,
1,xwiki,XWIKI-13942,8.4,java.lang.IllegalArgumentException,5,62328,1.3333333333333333,5909,"[4.75,1][4.714285714285714,3][4.0,4][1.3333333333333333,9]"
3,xwiki,XWIKI-13942,8.4,java.lang.IllegalArgumentException,5,62328,1.3333333333333333,5868,"[4.75,1][4.714285714285714,11][4.0,13][1.3333333333333333,15]"
2,xwiki,XWIKI-13942,8.4,java.lang.IllegalArgumentException,5,62328,1.3333333333333333,5886,"[4.75,1][4.0,5][2.0,8][1.6,13][1.3333333333333333,14]"
5,xwiki,XWIKI-13942,8.4,java.lang.IllegalArgumentException,5,62328,1.3333333333333333,5801,"[4.75,1][2.6,4][1.3333333333333333,5]"
6,xwiki,XWIKI-13942,8.4,java.lang.IllegalArgumentException,5,62328,1.3333333333333333,5905,"[1.3333333333333333,1]"
8,xwiki,XWIKI-13942,8.4,java.lang.IllegalArgumentException,5,62328,1.3333333333333333,5874,"[4.75,1][2.6,3][1.3333333333333333,4]"
7,xwiki,XWIKI-13942,8.4,java.lang.IllegalArgumentException,5,62328,1.3333333333333333,5811,"[4.75,1][1.3333333333333333,2]"
9,xwiki,XWIKI-13942,8.4,java.lang.IllegalArgumentException,5,62328,1.6,5282,"[4.75,1][4.0,6][1.6,10]"
7,xwiki,XWIKI-12667,7.2,java.lang.IllegalArgumentException,2,62328,0.0,1,"[0.0,1]"
7,xwiki,XWIKI-12667,7.2,java.lang.IllegalArgumentException,1,62328,0.0,1,"[0.0,1]"
1,xwiki,XWIKI-12667,7.2,java.lang.IllegalArgumentException,3,62328,2.9523809523809526,3887,"[3.0,1][2.9523809523809526,3867]"
2,xwiki,XWIKI-12667,7.2,java.lang.IllegalArgumentException,3,62328,2.9523809523809526,5639,"[3.0,1][2.9523809523809526,5623]"
3,xwiki,XWIKI-12667,7.2,java.lang.IllegalArgumentException,3,62328,2.9523809523809526,4769,"[3.0,1][2.9523809523809526,4750]"
4,xwiki,XWIKI-12667,7.2,java.lang.IllegalArgumentException,3,62328,3.0,14067,"[3.0,1]"
5,xwiki,XWIKI-12667,7.2,java.lang.IllegalArgumentException,3,62328,2.9523809523809526,1562,"[3.0,1][2.9523809523809526,1536]"
3,xwiki,XWIKI-12667,7.2,java.lang.IllegalArgumentException,9,62328,9.8,6506,"[9.8,1]"
1,xwiki,XWIKI-12667,7.2,java.lang.IllegalArgumentException,6,62328,2.6666666666666665,3269,"[3.8,1][2.8,2][2.7142857142857144,15][2.6666666666666665,24]"
3,xwiki,XWIKI-12667,7.2,java.lang.IllegalArgumentException,4,62328,2.6666666666666665,3612,"[2.6666666666666665,1]"
1,xwiki,XWIKI-12667,7.2,java.lang.IllegalArgumentException,8,62328,9.8,6310,"[9.8,1]"
1,xwiki,XWIKI-12667,7.2,java.lang.IllegalArgumentException,4,62328,2.6666666666666665,3857,"[2.6666666666666665,1]"
2,xwiki,XWIKI-12667,7.2,java.lang.IllegalArgumentException,5,62328,2.6666666666666665,3350,"[3.8,1][2.8,3][2.6666666666666665,22]"
2,xwiki,XWIKI-12667,7.2,java.lang.IllegalArgumentException,8,62328,9.8,6628,"[9.8,1]"
3,xwiki,XWIKI-12667,7.2,java.lang.IllegalArgumentException,6,62328,2.6666666666666665,3353,"[3.8,1][2.8,6][2.7142857142857144,36][2.6666666666666665,90]"
1,xwiki,XWIKI-12667,7.2,java.lang.IllegalArgumentException,7,62328,9.8,6394,"[9.8,1]"
2,xwiki,XWIKI-12667,7.2,java.lang.IllegalArgumentException,6,62328,2.6666666666666665,3215,"[2.8,1][2.6666666666666665,10]"
8,xwiki,XWIKI-12667,7.2,java.lang.IllegalArgumentException,1,62328,0.0,1,"[0.0,1]"
2,xwiki,XWIKI-12667,7.2,java.lang.IllegalArgumentException,7,62328,9.8,6177,"[9.8,1]"
1,xwiki,XWIKI-12667,7.2,java.lang.IllegalArgumentException,9,62328,9.8,6239,"[9.8,1]"
2,xwiki,XWIKI-12667,7.2,java.lang.IllegalArgumentException,9,62328,9.8,6772,"[9.8,1]"
3,xwiki,XWIKI-12667,7.2,java.lang.IllegalArgumentException,8,62328,9.8,7232,"[9.8,1]"
2,xwiki,XWIKI-12667,7.2,java.lang.IllegalArgumentException,4,62328,2.6666666666666665,3895,"[3.6666666666666665,1][2.6666666666666665,2]"
3,xwiki,XWIKI-12667,7.2,java.lang.IllegalArgumentException,5,62328,2.6666666666666665,3350,"[3.8,1][2.8,11][2.7142857142857144,27][2.6666666666666665,54]"
1,xwiki,XWIKI-12667,7.2,java.lang.IllegalArgumentException,5,62328,2.6666666666666665,3312,"[3.8,1][2.8,9][2.75,13][2.6666666666666665,14]"
4,xwiki,XWIKI-12667,7.2,java.lang.IllegalArgumentException,5,62328,2.6666666666666665,3102,"[3.8,1][2.8,4][2.7142857142857144,32][2.6666666666666665,38]"
4,xwiki,XWIKI-12667,7.2,java.lang.IllegalArgumentException,6,62328,2.6666666666666665,3354,"[3.8,1][2.8,4][2.7142857142857144,21][2.6666666666666665,28]"
4,xwiki,XWIKI-12667,7.2,java.lang.IllegalArgumentException,7,62328,9.8,6843,"[9.8,1]"
3,xwiki,XWIKI-12667,7.2,java.lang.IllegalArgumentException,7,62328,9.8,6220,"[9.8,1]"
4,xwiki,XWIKI-12667,7.2,java.lang.IllegalArgumentException,4,62328,4.333333333333333,3982,"[4.666666666666666,1][4.5,3080][4.333333333333333,3125]"
8,xwiki,XWIKI-12667,7.2,java.lang.IllegalArgumentException,2,62328,0.0,1,"[0.0,1]"
4,xwiki,XWIKI-12667,7.2,java.lang.IllegalArgumentException,9,62328,9.8,5763,"[9.8,1]"
4,xwiki,XWIKI-12667,7.2,java.lang.IllegalArgumentException,8,62328,9.8,6376,"[9.8,1]"
5,xwiki,XWIKI-12667,7.2,java.lang.IllegalArgumentException,5,62328,2.333333333333333,3689,"[3.8,1][2.8,2][2.5,9][2.333333333333333,571]"
9,xwiki,XWIKI-12667,7.2,java.lang.IllegalArgumentException,2,62328,0.0,1,"[0.0,1]"
9,xwiki,XWIKI-12667,7.2,java.lang.IllegalArgumentException,1,62328,0.0,1,"[0.0,1]"
1,xwiki,XWIKI-12667,7.2,java.lang.IllegalArgumentException,10,62328,10.5,4259,"[10.5,1]"
5,xwiki,XWIKI-12667,7.2,java.lang.IllegalArgumentException,7,62328,9.8,6506,"[9.8,1]"
5,xwiki,XWIKI-12667,7.2,java.lang.IllegalArgumentException,8,62328,9.8,6350,"[9.8,1]"
10,xwiki,XWIKI-12667,7.2,java.lang.IllegalArgumentException,2,62328,0.0,1,"[0.0,1]"
5,xwiki,XWIKI-12667,7.2,java.lang.IllegalArgumentException,9,62328,9.8,6481,"[9.8,1]"
10,xwiki,XWIKI-12667,7.2,java.lang.IllegalArgumentException,1,62328,0.0,1,"[0.0,1]"
3,xwiki,XWIKI-12667,7.2,java.lang.IllegalArgumentException,10,62328,10.5,4335,"[10.5,1]"
2,xwiki,XWIKI-12667,7.2,java.lang.IllegalArgumentException,10,62328,10.5,3907,"[10.5,1]"
4,xwiki,XWIKI-12667,7.2,java.lang.IllegalArgumentException,10,62328,10.5,4244,"[10.5,1]"
6,xwiki,XWIKI-12667,7.2,java.lang.IllegalArgumentException,3,62328,2.9523809523809526,2928,"[3.0,1][2.9523809523809526,2900]"
1,xwiki,XWIKI-13546,7.4.2,java.lang.IllegalArgumentException,1,62328,0.0,1,"[0.0,1]"
1,xwiki,XWIKI-13546,7.4.2,java.lang.IllegalArgumentException,2,62328,0.0,1,"[0.0,1]"
5,xwiki,XWIKI-12667,7.2,java.lang.IllegalArgumentException,10,62328,10.5,3961,"[10.5,1]"
7,xwiki,XWIKI-12667,7.2,java.lang.IllegalArgumentException,9,62328,9.8,1815,"[9.8,1]"
8,xwiki,XWIKI-12667,7.2,java.lang.IllegalArgumentException,5,62328,2.6666666666666665,1238,"[3.8,1][2.8,2][2.7777777777777777,26][2.6666666666666665,30]"
2,xwiki,XWIKI-13546,7.4.2,java.lang.IllegalArgumentException,1,62328,0.0,1,"[0.0,1]"
2,xwiki,XWIKI-13546,7.4.2,java.lang.IllegalArgumentException,2,62328,0.0,1,"[0.0,1]"
9,xwiki,XWIKI-12667,7.2,java.lang.IllegalArgumentException,6,62328,-1,0,
6,xwiki,XWIKI-12667,7.2,java.lang.IllegalArgumentException,4,62328,2.6666666666666665,3910,"[3.6666666666666665,1][2.6666666666666665,2]"
6,xwiki,XWIKI-12667,7.2,java.lang.IllegalArgumentException,5,62328,2.333333333333333,3349,"[3.8,1][2.8,6][2.7777777777777777,16][2.6666666666666665,23][2.333333333333333,2823]"
10,xwiki,XWIKI-12667,7.2,java.lang.IllegalArgumentException,5,62328,-1,0,
7,xwiki,XWIKI-12667,7.2,java.lang.IllegalArgumentException,3,62328,2.9523809523809526,12128,"[3.0,1][2.9523809523809526,12117]"
6,xwiki,XWIKI-12667,7.2,java.lang.IllegalArgumentException,6,62328,2.6666666666666665,3083,"[3.8,1][2.8,10][2.7777777777777777,111][2.75,116][2.7142857142857144,117][2.6666666666666665,168]"
6,xwiki,XWIKI-12667,7.2,java.lang.IllegalArgumentException,8,62328,9.8,5536,"[9.8,1]"
6,xwiki,XWIKI-12667,7.2,java.lang.IllegalArgumentException,9,62328,9.8,6182,"[9.8,1]"
6,xwiki,XWIKI-12667,7.2,java.lang.IllegalArgumentException,7,62328,9.8,6171,"[9.8,1]"
6,xwiki,XWIKI-12667,7.2,java.lang.IllegalArgumentException,10,62328,10.5,3760,"[10.5,1]"
7,xwiki,XWIKI-12667,7.2,java.lang.IllegalArgumentException,4,62328,2.6666666666666665,3621,"[3.6666666666666665,1][2.6666666666666665,10]"
7,xwiki,XWIKI-12667,7.2,java.lang.IllegalArgumentException,5,62328,2.6666666666666665,3071,"[3.8,1][2.8,4][2.75,15][2.7142857142857144,27][2.6666666666666665,92]"
7,xwiki,XWIKI-12667,7.2,java.lang.IllegalArgumentException,6,62328,2.6666666666666665,3267,"[3.8,1][2.8,4][2.75,12][2.7142857142857144,56][2.6666666666666665,536]"
7,xwiki,XWIKI-12667,7.2,java.lang.IllegalArgumentException,7,62328,9.8,6651,"[9.8,1]"
3,xwiki,XWIKI-13546,7.4.2,java.lang.IllegalArgumentException,1,62328,0.0,1,"[0.0,1]"
7,xwiki,XWIKI-12667,7.2,java.lang.IllegalArgumentException,8,62328,9.8,6256,"[9.8,1]"
3,xwiki,XWIKI-13546,7.4.2,java.lang.IllegalArgumentException,2,62328,0.0,1,"[0.0,1]"
1,xwiki,XWIKI-13546,7.4.2,java.lang.IllegalArgumentException,5,62328,3.9523809523809526,964,"[4.5,1][4.0,2][3.9523809523809526,210]"
8,xwiki,XWIKI-12667,7.2,java.lang.IllegalArgumentException,3,62328,2.9523809523809526,12496,"[3.0,1][2.9523809523809526,12476]"
9,xwiki,XWIKI-12667,7.2,java.lang.IllegalArgumentException,3,62328,2.9523809523809526,13802,"[3.0,1][2.9523809523809526,13791]"
7,xwiki,XWIKI-12667,7.2,java.lang.IllegalArgumentException,10,62328,10.5,3913,"[10.5,1]"
10,xwiki,XWIKI-12667,7.2,java.lang.IllegalArgumentException,3,62328,2.9523809523809526,12626,"[3.0,1][2.9523809523809526,12615]"
8,xwiki,XWIKI-12667,7.2,java.lang.IllegalArgumentException,7,62328,9.8,6221,"[9.8,1]"
1,xwiki,XWIKI-13546,7.4.2,java.lang.IllegalArgumentException,3,62328,2.9523809523809526,27,"[3.0,1][2.9523809523809526,4]"
1,xwiki,XWIKI-13546,7.4.2,java.lang.IllegalArgumentException,6,62328,4.0,6610,"[4.0,1]"
8,xwiki,XWIKI-12667,7.2,java.lang.IllegalArgumentException,9,62328,9.8,6260,"[9.8,1]"
8,xwiki,XWIKI-12667,7.2,java.lang.IllegalArgumentException,6,62328,2.6666666666666665,3493,"[3.8,1][2.8,2][2.75,6][2.7142857142857144,34][2.6666666666666665,1426]"
8,xwiki,XWIKI-12667,7.2,java.lang.IllegalArgumentException,4,62328,4.333333333333333,3533,"[4.666666666666666,1][4.5,511][4.333333333333333,562]"
9,xwiki,XWIKI-12667,7.2,java.lang.IllegalArgumentException,5,62328,4.8,3963,"[4.8,1]"
9,xwiki,XWIKI-12667,7.2,java.lang.IllegalArgumentException,7,62328,9.8,7000,"[9.8,1]"
9,xwiki,XWIKI-12667,7.2,java.lang.IllegalArgumentException,8,62328,9.8,6275,"[9.8,1]"
9,xwiki,XWIKI-12667,7.2,java.lang.IllegalArgumentException,4,62328,2.6666666666666665,3904,"[3.6666666666666665,1][2.6666666666666665,7]"
9,xwiki,XWIKI-12667,7.2,java.lang.IllegalArgumentException,9,62328,9.8,6272,"[9.8,1]"
8,xwiki,XWIKI-12667,7.2,java.lang.IllegalArgumentException,8,62328,9.8,6514,"[9.8,1]"
4,xwiki,XWIKI-13546,7.4.2,java.lang.IllegalArgumentException,1,62328,0.0,1,"[0.0,1]"
4,xwiki,XWIKI-13546,7.4.2,java.lang.IllegalArgumentException,2,62328,0.0,1,"[0.0,1]"
10,xwiki,XWIKI-12667,7.2,java.lang.IllegalArgumentException,4,62328,2.333333333333333,4245,"[3.6666666666666665,1][2.6666666666666665,6][2.333333333333333,1697]"
10,xwiki,XWIKI-12667,7.2,java.lang.IllegalArgumentException,6,62328,2.333333333333333,3589,"[3.8,1][2.8,6][2.7777777777777777,69][2.75,73][2.333333333333333,75]"
1,xwiki,XWIKI-13546,7.4.2,java.lang.IllegalArgumentException,4,62328,3.9523809523809526,22,"[4.0,1][3.9523809523809526,2]"
1,xwiki,XWIKI-13546,7.4.2,java.lang.IllegalArgumentException,7,62328,6.5,2832,"[6.5,1]"
8,xwiki,XWIKI-12667,7.2,java.lang.IllegalArgumentException,10,62328,10.5,4203,"[10.5,1]"
10,xwiki,XWIKI-12667,7.2,java.lang.IllegalArgumentException,7,62328,9.8,6753,"[9.8,1]"
1,xwiki,XWIKI-13546,7.4.2,java.lang.IllegalArgumentException,10,62328,9.5,6526,"[9.5,1]"
10,xwiki,XWIKI-12667,7.2,java.lang.IllegalArgumentException,9,62328,9.8,6782,"[9.8,1]"
9,xwiki,XWIKI-12667,7.2,java.lang.IllegalArgumentException,10,62328,10.5,4280,"[10.5,1]"
1,xwiki,XWIKI-13546,7.4.2,java.lang.IllegalArgumentException,11,62328,12.99375,13,"[12.99375,1]"
10,xwiki,XWIKI-12667,7.2,java.lang.IllegalArgumentException,8,62328,9.8,5698,"[9.8,1]"
1,xwiki,XWIKI-13546,7.4.2,java.lang.IllegalArgumentException,8,62328,6.5,2926,"[8.5,1][6.5,2]"
1,xwiki,XWIKI-13546,7.4.2,java.lang.IllegalArgumentException,9,62328,6.5,3287,"[9.5,1][6.5,2]"
5,xwiki,XWIKI-13546,7.4.2,java.lang.IllegalArgumentException,2,62328,0.0,1,"[0.0,1]"
5,xwiki,XWIKI-13546,7.4.2,java.lang.IllegalArgumentException,1,62328,0.0,1,"[0.0,1]"
1,xwiki,XWIKI-13546,7.4.2,java.lang.IllegalArgumentException,12,62328,12.99375,19,"[12.993827160493828,1][12.99375,4]"
6,xwiki,XWIKI-13546,7.4.2,java.lang.IllegalArgumentException,1,62328,0.0,1,"[0.0,1]"
6,xwiki,XWIKI-13546,7.4.2,java.lang.IllegalArgumentException,2,62328,0.0,1,"[0.0,1]"
10,xwiki,XWIKI-12667,7.2,java.lang.IllegalArgumentException,10,62328,10.5,4245,"[10.5,1]"
1,xwiki,XWIKI-13546,7.4.2,java.lang.IllegalArgumentException,13,62328,12.99375,16,"[12.99375,1]"
2,xwiki,XWIKI-13546,7.4.2,java.lang.IllegalArgumentException,10,62328,9.5,3267,"[9.5,1]"
2,xwiki,XWIKI-13546,7.4.2,java.lang.IllegalArgumentException,3,62328,2.9523809523809526,18,"[2.9523809523809526,1]"
2,xwiki,XWIKI-13546,7.4.2,java.lang.IllegalArgumentException,4,62328,3.9523809523809526,23,"[3.9523809523809526,1]"
2,xwiki,XWIKI-13546,7.4.2,java.lang.IllegalArgumentException,6,62328,4.0,7374,"[4.0,1]"
2,xwiki,XWIKI-13546,7.4.2,java.lang.IllegalArgumentException,5,62328,4.0,3247,"[4.5,1][4.0,3]"
5,xwiki,XWIKI-13546,7.4.2,java.lang.IllegalArgumentException,4,62328,3.9523809523809526,11,"[3.9523809523809526,1]"
2,xwiki,XWIKI-13546,7.4.2,java.lang.IllegalArgumentException,7,62328,6.5,1095,"[7.5,1][6.5,2]"
7,xwiki,XWIKI-13546,7.4.2,java.lang.IllegalArgumentException,1,62328,0.0,1,"[0.0,1]"
5,xwiki,XWIKI-13546,7.4.2,java.lang.IllegalArgumentException,8,62328,6.5,3,"[6.5,1]"
7,xwiki,XWIKI-13546,7.4.2,java.lang.IllegalArgumentException,2,62328,0.0,1,"[0.0,1]"
2,xwiki,XWIKI-13546,7.4.2,java.lang.IllegalArgumentException,12,62328,12.99375,22,"[12.993827160493828,1][12.99375,6]"
2,xwiki,XWIKI-13546,7.4.2,java.lang.IllegalArgumentException,9,62328,6.5,3484,"[7.5,1][6.5,2]"
2,xwiki,XWIKI-13546,7.4.2,java.lang.IllegalArgumentException,11,62328,12.99375,13,"[12.99375,1]"
2,xwiki,XWIKI-13546,7.4.2,java.lang.IllegalArgumentException,13,62328,12.99375,13,"[12.99375,1]"
6,xwiki,XWIKI-13546,7.4.2,java.lang.IllegalArgumentException,5,62328,4.0,665,"[4.5,1][4.0,5]"
5,xwiki,XWIKI-13546,7.4.2,java.lang.IllegalArgumentException,7,62328,6.5,685,"[7.5,1][6.5,4]"
3,xwiki,XWIKI-13546,7.4.2,java.lang.IllegalArgumentException,5,62328,4.0,1309,"[4.5,1][4.0,2]"
3,xwiki,XWIKI-13546,7.4.2,java.lang.IllegalArgumentException,3,62328,2.9523809523809526,21,"[2.9523809523809526,1]"
4,xwiki,XWIKI-13546,7.4.2,java.lang.IllegalArgumentException,8,62328,6.5,1180,"[7.5,1][6.5,2]"
3,xwiki,XWIKI-13546,7.4.2,java.lang.IllegalArgumentException,6,62328,4.0,8110,"[4.0,1]"
3,xwiki,XWIKI-13546,7.4.2,java.lang.IllegalArgumentException,9,62328,6.5,1235,"[7.5,1][6.5,6]"
3,xwiki,XWIKI-13546,7.4.2,java.lang.IllegalArgumentException,4,62328,3.9523809523809526,19,"[3.9523809523809526,1]"
8,xwiki,XWIKI-13546,7.4.2,java.lang.IllegalArgumentException,1,62328,0.0,1,"[0.0,1]"
8,xwiki,XWIKI-13546,7.4.2,java.lang.IllegalArgumentException,2,62328,0.0,1,"[0.0,1]"
3,xwiki,XWIKI-13546,7.4.2,java.lang.IllegalArgumentException,8,62328,6.5,3411,"[6.5,1]"
3,xwiki,XWIKI-13546,7.4.2,java.lang.IllegalArgumentException,10,62328,9.5,7389,"[9.5,1]"
3,xwiki,XWIKI-13546,7.4.2,java.lang.IllegalArgumentException,11,62328,12.99375,16,"[12.993827160493828,1][12.99375,2]"
3,xwiki,XWIKI-13546,7.4.2,java.lang.IllegalArgumentException,12,62328,12.99375,31,"[12.993827160493828,1][12.99375,4]"
3,xwiki,XWIKI-13546,7.4.2,java.lang.IllegalArgumentException,13,62328,12.99375,15,"[12.99375,1]"
4,xwiki,XWIKI-13546,7.4.2,java.lang.IllegalArgumentException,3,62328,2.9523809523809526,20,"[3.0,1][2.9523809523809526,2]"
4,xwiki,XWIKI-13546,7.4.2,java.lang.IllegalArgumentException,6,62328,4.0,8201,"[4.0,1]"
4,xwiki,XWIKI-13546,7.4.2,java.lang.IllegalArgumentException,10,62328,9.5,7171,"[9.5,1]"
4,xwiki,XWIKI-13546,7.4.2,java.lang.IllegalArgumentException,11,62328,12.99375,15,"[12.99375,1]"
4,xwiki,XWIKI-13546,7.4.2,java.lang.IllegalArgumentException,4,62328,3.9523809523809526,37,"[3.9523809523809526,1]"
4,xwiki,XWIKI-13546,7.4.2,java.lang.IllegalArgumentException,5,62328,3.9523809523809526,2950,"[4.5,1][4.0,3][3.9523809523809526,2936]"
4,xwiki,XWIKI-13546,7.4.2,java.lang.IllegalArgumentException,12,62328,12.99375,18,"[12.993827160493828,1][12.99375,2]"
4,xwiki,XWIKI-13546,7.4.2,java.lang.IllegalArgumentException,7,62328,6.5,3430,"[6.5,1]"
4,xwiki,XWIKI-13546,7.4.2,java.lang.IllegalArgumentException,9,62328,6.5,3663,"[6.5,1]"
2,xwiki,XWIKI-13546,7.4.2,java.lang.IllegalArgumentException,8,62328,6.5,2560,"[7.5,1][6.5,3]"
5,xwiki,XWIKI-13546,7.4.2,java.lang.IllegalArgumentException,3,62328,2.9523809523809526,20,"[2.9523809523809526,1]"
4,xwiki,XWIKI-13546,7.4.2,java.lang.IllegalArgumentException,13,62328,12.99375,12,"[12.99375,1]"
5,xwiki,XWIKI-13546,7.4.2,java.lang.IllegalArgumentException,6,62328,4.0,8260,"[4.0,1]"
9,xwiki,XWIKI-13546,7.4.2,java.lang.IllegalArgumentException,2,62328,0.0,1,"[0.0,1]"
9,xwiki,XWIKI-13546,7.4.2,java.lang.IllegalArgumentException,1,62328,0.0,1,"[0.0,1]"
5,xwiki,XWIKI-13546,7.4.2,java.lang.IllegalArgumentException,10,62328,9.5,7654,"[9.5,1]"
5,xwiki,XWIKI-13546,7.4.2,java.lang.IllegalArgumentException,11,62328,12.99375,22,"[12.993827160493828,1][12.99375,5]"
6,xwiki,XWIKI-13546,7.4.2,java.lang.IllegalArgumentException,3,62328,2.9523809523809526,17,"[2.9523809523809526,1]"
5,xwiki,XWIKI-13546,7.4.2,java.lang.IllegalArgumentException,12,62328,12.99375,16,"[12.993827160493828,1][12.99375,2]"
5,xwiki,XWIKI-13546,7.4.2,java.lang.IllegalArgumentException,13,62328,12.99375,16,"[12.99375,1]"
5,xwiki,XWIKI-13546,7.4.2,java.lang.IllegalArgumentException,9,62328,6.5,3646,"[6.5,1]"
6,xwiki,XWIKI-13546,7.4.2,java.lang.IllegalArgumentException,6,62328,4.0,8260,"[4.0,1]"
10,xwiki,XWIKI-13546,7.4.2,java.lang.IllegalArgumentException,1,62328,0.0,1,"[0.0,1]"
10,xwiki,XWIKI-13546,7.4.2,java.lang.IllegalArgumentException,2,62328,0.0,1,"[0.0,1]"
6,xwiki,XWIKI-13546,7.4.2,java.lang.IllegalArgumentException,4,62328,3.9523809523809526,22,"[3.9523809523809526,1]"
5,xwiki,XWIKI-13546,7.4.2,java.lang.IllegalArgumentException,5,62328,3.9523809523809526,728,"[4.5,1][4.0,2][3.9523809523809526,715]"
3,xwiki,XWIKI-13546,7.4.2,java.lang.IllegalArgumentException,7,62328,6.5,2141,"[7.5,1][6.5,2]"
6,xwiki,XWIKI-13546,7.4.2,java.lang.IllegalArgumentException,7,62328,6.5,2651,"[6.5,1]"
6,xwiki,XWIKI-13546,7.4.2,java.lang.IllegalArgumentException,8,62328,6.5,3407,"[6.5,1]"
7,xwiki,XWIKI-13546,7.4.2,java.lang.IllegalArgumentException,7,62328,6.5,96,"[7.5,1][6.5,2]"
1,xwiki,XWIKI-13196,7.4.2,java.lang.IllegalArgumentException,1,62328,0.0,1,"[0.0,1]"
6,xwiki,XWIKI-13546,7.4.2,java.lang.IllegalArgumentException,9,62328,6.5,3100,"[7.5,1][6.5,3]"
1,xwiki,XWIKI-13196,7.4.2,java.lang.IllegalArgumentException,2,62328,0.0,1,"[0.0,1]"
7,xwiki,XWIKI-13546,7.4.2,java.lang.IllegalArgumentException,8,62328,6.5,273,"[7.5,1][6.5,3]"
6,xwiki,XWIKI-13546,7.4.2,java.lang.IllegalArgumentException,10,62328,9.5,6713,"[9.5,1]"
9,xwiki,XWIKI-13546,7.4.2,java.lang.IllegalArgumentException,7,62328,6.5,814,"[6.5,1]"
6,xwiki,XWIKI-13546,7.4.2,java.lang.IllegalArgumentException,12,62328,12.99375,14,"[12.99375,1]"
6,xwiki,XWIKI-13546,7.4.2,java.lang.IllegalArgumentException,13,62328,12.99375,14,"[12.99375,1]"
7,xwiki,XWIKI-13546,7.4.2,java.lang.IllegalArgumentException,3,62328,2.9523809523809526,24,"[2.9523809523809526,1]"
7,xwiki,XWIKI-13546,7.4.2,java.lang.IllegalArgumentException,4,62328,3.9523809523809526,27,"[3.9523809523809526,1]"
2,xwiki,XWIKI-13196,7.4.2,java.lang.IllegalArgumentException,1,62328,0.0,2,"[1.3333333333333333,1][0.0,2]"
2,xwiki,XWIKI-13196,7.4.2,java.lang.IllegalArgumentException,2,62328,0.0,1,"[0.0,1]"
7,xwiki,XWIKI-13546,7.4.2,java.lang.IllegalArgumentException,6,62328,4.0,6306,"[4.0,1]"
7,xwiki,XWIKI-13546,7.4.2,java.lang.IllegalArgumentException,5,62328,3.9523809523809526,185,"[4.5,1][4.0,2][3.9523809523809526,24]"
7,xwiki,XWIKI-13546,7.4.2,java.lang.IllegalArgumentException,10,62328,9.5,6599,"[9.5,1]"
7,xwiki,XWIKI-13546,7.4.2,java.lang.IllegalArgumentException,9,62328,6.5,2225,"[7.5,1][6.5,73]"
7,xwiki,XWIKI-13546,7.4.2,java.lang.IllegalArgumentException,12,62328,12.99375,32,"[12.993827160493828,1][12.99375,3]"
7,xwiki,XWIKI-13546,7.4.2,java.lang.IllegalArgumentException,11,62328,12.99375,14,"[12.99375,1]"
7,xwiki,XWIKI-13546,7.4.2,java.lang.IllegalArgumentException,13,62328,12.99375,16,"[12.99375,1]"
8,xwiki,XWIKI-13546,7.4.2,java.lang.IllegalArgumentException,3,62328,2.9523809523809526,21,"[2.9523809523809526,1]"
3,xwiki,XWIKI-13196,7.4.2,java.lang.IllegalArgumentException,1,62328,0.0,1,"[0.0,1]"
9,xwiki,XWIKI-13546,7.4.2,java.lang.IllegalArgumentException,8,62328,6.5,690,"[6.5,1]"
3,xwiki,XWIKI-13196,7.4.2,java.lang.IllegalArgumentException,2,62328,0.0,1,"[0.0,1]"
8,xwiki,XWIKI-13546,7.4.2,java.lang.IllegalArgumentException,6,62328,4.0,6347,"[4.0,1]"
8,xwiki,XWIKI-13546,7.4.2,java.lang.IllegalArgumentException,4,62328,3.9523809523809526,18,"[3.9523809523809526,1]"
8,xwiki,XWIKI-13546,7.4.2,java.lang.IllegalArgumentException,5,62328,4.0,2235,"[4.5,1][4.0,2]"
8,xwiki,XWIKI-13546,7.4.2,java.lang.IllegalArgumentException,8,62328,6.5,2646,"[7.5,1][6.5,2]"
8,xwiki,XWIKI-13546,7.4.2,java.lang.IllegalArgumentException,9,62328,6.5,2391,"[9.5,1][6.5,3]"
8,xwiki,XWIKI-13546,7.4.2,java.lang.IllegalArgumentException,10,62328,9.5,6636,"[9.5,1]"
9,xwiki,XWIKI-13546,7.4.2,java.lang.IllegalArgumentException,3,62328,2.9523809523809526,8,"[2.9523809523809526,1]"
4,xwiki,XWIKI-13196,7.4.2,java.lang.IllegalArgumentException,1,62328,0.0,1,"[0.0,1]"
6,xwiki,XWIKI-13546,7.4.2,java.lang.IllegalArgumentException,11,62328,12.99375,13,"[12.99375,1]"
8,xwiki,XWIKI-13546,7.4.2,java.lang.IllegalArgumentException,11,62328,12.99375,15,"[12.99375,1]"
4,xwiki,XWIKI-13196,7.4.2,java.lang.IllegalArgumentException,2,62328,0.0,1,"[0.0,1]"
8,xwiki,XWIKI-13546,7.4.2,java.lang.IllegalArgumentException,12,62328,12.99375,14,"[12.99375,1]"
8,xwiki,XWIKI-13546,7.4.2,java.lang.IllegalArgumentException,7,62328,6.5,935,"[6.5,1]"
8,xwiki,XWIKI-13546,7.4.2,java.lang.IllegalArgumentException,13,62328,12.99375,15,"[12.99375,1]"
9,xwiki,XWIKI-13546,7.4.2,java.lang.IllegalArgumentException,6,62328,4.0,6519,"[4.0,1]"
9,xwiki,XWIKI-13546,7.4.2,java.lang.IllegalArgumentException,4,62328,3.9523809523809526,49,"[3.9523809523809526,1]"
9,xwiki,XWIKI-13546,7.4.2,java.lang.IllegalArgumentException,10,62328,9.5,6371,"[9.5,1]"
5,xwiki,XWIKI-13196,7.4.2,java.lang.IllegalArgumentException,1,62328,0.0,1,"[0.0,1]"
9,xwiki,XWIKI-13546,7.4.2,java.lang.IllegalArgumentException,11,62328,12.99375,50,"[12.993827160493828,1][12.99375,10]"
9,xwiki,XWIKI-13546,7.4.2,java.lang.IllegalArgumentException,9,62328,6.5,1798,"[9.5,1][7.5,2][6.5,27]"
5,xwiki,XWIKI-13196,7.4.2,java.lang.IllegalArgumentException,2,62328,0.0,1,"[0.0,1]"
9,xwiki,XWIKI-13546,7.4.2,java.lang.IllegalArgumentException,13,62328,12.99375,25,"[12.993827160493828,1][12.99375,7]"
10,xwiki,XWIKI-13546,7.4.2,java.lang.IllegalArgumentException,6,62328,4.0,6379,"[4.0,1]"
10,xwiki,XWIKI-13546,7.4.2,java.lang.IllegalArgumentException,4,62328,3.9523809523809526,19,"[3.9523809523809526,1]"
10,xwiki,XWIKI-13546,7.4.2,java.lang.IllegalArgumentException,5,62328,3.9523809523809526,1204,"[4.5,1][4.0,3][3.9523809523809526,1100]"
6,xwiki,XWIKI-13196,7.4.2,java.lang.IllegalArgumentException,1,62328,0.0,1,"[0.0,1]"
6,xwiki,XWIKI-13196,7.4.2,java.lang.IllegalArgumentException,2,62328,0.0,1,"[0.0,1]"
10,xwiki,XWIKI-13546,7.4.2,java.lang.IllegalArgumentException,7,62328,6.5,2160,"[6.5,1]"
10,xwiki,XWIKI-13546,7.4.2,java.lang.IllegalArgumentException,8,62328,6.5,2343,"[6.5,1]"
10,xwiki,XWIKI-13546,7.4.2,java.lang.IllegalArgumentException,10,62328,9.5,6791,"[9.5,1]"
10,xwiki,XWIKI-13546,7.4.2,java.lang.IllegalArgumentException,11,62328,12.99375,16,"[12.99375,1]"
10,xwiki,XWIKI-13546,7.4.2,java.lang.IllegalArgumentException,3,62328,2.9523809523809526,22,"[3.0,1][2.9523809523809526,9]"
10,xwiki,XWIKI-13546,7.4.2,java.lang.IllegalArgumentException,9,62328,6.5,1097,"[7.5,1][6.5,3]"
7,xwiki,XWIKI-13196,7.4.2,java.lang.IllegalArgumentException,1,62328,0.0,2,"[1.3333333333333333,1][0.0,2]"
7,xwiki,XWIKI-13196,7.4.2,java.lang.IllegalArgumentException,2,62328,0.0,1,"[0.0,1]"
9,xwiki,XWIKI-13546,7.4.2,java.lang.IllegalArgumentException,5,62328,3.9523809523809526,1034,"[4.5,1][4.0,2][3.9523809523809526,5]"
1,xwiki,XWIKI-13196,7.4.2,java.lang.IllegalArgumentException,4,62328,2.6666666666666665,312,"[3.6666666666666665,1][2.6666666666666665,3]"
10,xwiki,XWIKI-13546,7.4.2,java.lang.IllegalArgumentException,12,62328,12.99375,15,"[12.99375,1]"
10,xwiki,XWIKI-13546,7.4.2,java.lang.IllegalArgumentException,13,62328,12.99375,17,"[12.99375,1]"
7,xwiki,XWIKI-13196,7.4.2,java.lang.IllegalArgumentException,6,62328,6.5,85,"[6.5,1]"
8,xwiki,XWIKI-13196,7.4.2,java.lang.IllegalArgumentException,1,62328,0.0,1,"[0.0,1]"
6,xwiki,XWIKI-13196,7.4.2,java.lang.IllegalArgumentException,4,62328,2.6666666666666665,501,"[3.6666666666666665,1][2.6666666666666665,2]"
8,xwiki,XWIKI-13196,7.4.2,java.lang.IllegalArgumentException,2,62328,0.0,1,"[0.0,1]"
1,xwiki,XWIKI-13196,7.4.2,java.lang.IllegalArgumentException,3,62328,2.9523809523809526,6146,"[3.0,1][2.9523809523809526,6127]"
9,xwiki,XWIKI-13546,7.4.2,java.lang.IllegalArgumentException,12,62328,12.99375,13,"[12.99375,1]"
1,xwiki,XWIKI-13196,7.4.2,java.lang.IllegalArgumentException,5,62328,6.5,1299,"[6.5,1]"
1,xwiki,XWIKI-13196,7.4.2,java.lang.IllegalArgumentException,8,62328,8.941176470588236,11085,"[8.941176470588236,1]"
1,xwiki,XWIKI-13196,7.4.2,java.lang.IllegalArgumentException,7,62328,6.5,1675,"[6.5,1]"
1,xwiki,XWIKI-13196,7.4.2,java.lang.IllegalArgumentException,6,62328,6.5,1449,"[6.5,1]"
1,xwiki,XWIKI-13196,7.4.2,java.lang.IllegalArgumentException,9,62328,9.5,2757,"[9.5,1]"
9,xwiki,XWIKI-13196,7.4.2,java.lang.IllegalArgumentException,1,62328,0.0,1,"[0.0,1]"
9,xwiki,XWIKI-13196,7.4.2,java.lang.IllegalArgumentException,2,62328,0.0,1,"[0.0,1]"
2,xwiki,XWIKI-13196,7.4.2,java.lang.IllegalArgumentException,3,62328,2.9523809523809526,622,"[3.0,1][2.9523809523809526,585]"
2,xwiki,XWIKI-13196,7.4.2,java.lang.IllegalArgumentException,4,62328,2.6666666666666665,3163,"[3.6666666666666665,1][2.6666666666666665,7]"
5,xwiki,XWIKI-13196,7.4.2,java.lang.IllegalArgumentException,4,62328,2.6666666666666665,244,"[3.6666666666666665,1][3.0,4][2.6666666666666665,7]"
4,xwiki,XWIKI-13196,7.4.2,java.lang.IllegalArgumentException,4,62328,4.666666666666666,452,"[4.666666666666666,1]"
2,xwiki,XWIKI-13196,7.4.2,java.lang.IllegalArgumentException,5,62328,6.5,577,"[6.5,1]"
2,xwiki,XWIKI-13196,7.4.2,java.lang.IllegalArgumentException,6,62328,6.5,758,"[6.5,1]"
3,xwiki,XWIKI-13196,7.4.2,java.lang.IllegalArgumentException,3,62328,2.9523809523809526,5618,"[3.0,1][2.9523809523809526,5600]"
10,xwiki,XWIKI-13196,7.4.2,java.lang.IllegalArgumentException,1,62328,0.0,1,"[0.0,1]"
2,xwiki,XWIKI-13196,7.4.2,java.lang.IllegalArgumentException,8,62328,8.941176470588236,12109,"[8.941176470588236,1]"
2,xwiki,XWIKI-13196,7.4.2,java.lang.IllegalArgumentException,7,62328,6.5,1832,"[6.5,1]"
10,xwiki,XWIKI-13196,7.4.2,java.lang.IllegalArgumentException,2,62328,0.0,1,"[0.0,1]"
2,xwiki,XWIKI-13196,7.4.2,java.lang.IllegalArgumentException,9,62328,9.5,3249,"[9.5,1]"
3,xwiki,XWIKI-13196,7.4.2,java.lang.IllegalArgumentException,5,62328,6.5,1414,"[6.5,1]"
3,xwiki,XWIKI-13196,7.4.2,java.lang.IllegalArgumentException,8,62328,8.941176470588236,12464,"[8.941176470588236,1]"
3,xwiki,XWIKI-13196,7.4.2,java.lang.IllegalArgumentException,7,62328,6.5,1746,"[6.5,1]"
3,xwiki,XWIKI-13196,7.4.2,java.lang.IllegalArgumentException,9,62328,9.5,3750,"[9.5,1]"
4,xwiki,XWIKI-13196,7.4.2,java.lang.IllegalArgumentException,3,62328,3.0,15832,"[3.0,1]"
4,xwiki,XWIKI-13196,7.4.2,java.lang.IllegalArgumentException,6,62328,6.5,550,"[6.5,1]"
5,xwiki,XWIKI-13196,7.4.2,java.lang.IllegalArgumentException,3,62328,2.9523809523809526,2459,"[3.0,1][2.9523809523809526,2431]"
4,xwiki,XWIKI-13196,7.4.2,java.lang.IllegalArgumentException,8,62328,8.941176470588236,13430,"[8.941176470588236,1]"
4,xwiki,XWIKI-13196,7.4.2,java.lang.IllegalArgumentException,5,62328,6.5,1474,"[6.5,1]"
1,chart,CHART-13b,13b,java.lang.IllegalArgumentException,2,62328,0.0,66,"[1.3333333333333333,1][0.0,66]"
7,xwiki,XWIKI-13196,7.4.2,java.lang.IllegalArgumentException,4,62328,2.6666666666666665,836,"[3.6666666666666665,1][2.6666666666666665,2]"
4,xwiki,XWIKI-13196,7.4.2,java.lang.IllegalArgumentException,7,62328,6.5,1803,"[6.5,1]"
2,chart,CHART-13b,13b,java.lang.IllegalArgumentException,2,62328,0.0,3,"[1.3333333333333333,1][0.0,3]"
5,xwiki,XWIKI-13196,7.4.2,java.lang.IllegalArgumentException,8,62328,8.941176470588236,13946,"[8.941176470588236,1]"
3,xwiki,XWIKI-13196,7.4.2,java.lang.IllegalArgumentException,6,62328,6.5,690,"[6.5,1]"
6,xwiki,XWIKI-13196,7.4.2,java.lang.IllegalArgumentException,3,62328,2.9523809523809526,4182,"[3.0,1][2.9523809523809526,4159]"
5,xwiki,XWIKI-13196,7.4.2,java.lang.IllegalArgumentException,6,62328,6.5,1184,"[6.5,1]"
3,chart,CHART-13b,13b,java.lang.IllegalArgumentException,2,62328,0.0,19,"[1.3333333333333333,1][0.0,19]"
5,xwiki,XWIKI-13196,7.4.2,java.lang.IllegalArgumentException,9,62328,9.5,3683,"[9.5,1]"
5,xwiki,XWIKI-13196,7.4.2,java.lang.IllegalArgumentException,7,62328,6.5,1834,"[6.5,1]"
3,xwiki,XWIKI-13196,7.4.2,java.lang.IllegalArgumentException,4,62328,2.6666666666666665,2159,"[3.6666666666666665,1][2.6666666666666665,3]"
6,xwiki,XWIKI-13196,7.4.2,java.lang.IllegalArgumentException,8,62328,8.941176470588236,12862,"[8.941176470588236,1]"
6,xwiki,XWIKI-13196,7.4.2,java.lang.IllegalArgumentException,5,62328,6.5,1513,"[6.5,1]"
6,xwiki,XWIKI-13196,7.4.2,java.lang.IllegalArgumentException,6,62328,6.5,979,"[6.5,1]"
4,chart,CHART-13b,13b,java.lang.IllegalArgumentException,2,62328,0.0,46,"[1.3333333333333333,1][0.0,46]"
7,xwiki,XWIKI-13196,7.4.2,java.lang.IllegalArgumentException,3,62328,3.0,16036,"[3.0,1]"
6,xwiki,XWIKI-13196,7.4.2,java.lang.IllegalArgumentException,9,62328,9.5,3816,"[9.5,1]"
4,xwiki,XWIKI-13196,7.4.2,java.lang.IllegalArgumentException,9,62328,9.5,2108,"[9.5,1]"
5,chart,CHART-13b,13b,java.lang.IllegalArgumentException,2,62328,0.0,17,"[1.3333333333333333,1][0.0,17]"
6,chart,CHART-13b,13b,java.lang.IllegalArgumentException,2,62328,0.0,2,"[1.3333333333333333,1][0.0,2]"
7,xwiki,XWIKI-13196,7.4.2,java.lang.IllegalArgumentException,8,62328,8.941176470588236,13914,"[8.941176470588236,1]"
7,xwiki,XWIKI-13196,7.4.2,java.lang.IllegalArgumentException,5,62328,6.5,1519,"[6.5,1]"
7,xwiki,XWIKI-13196,7.4.2,java.lang.IllegalArgumentException,7,62328,6.5,1705,"[6.5,1]"
7,chart,CHART-13b,13b,java.lang.IllegalArgumentException,2,62328,0.0,38,"[1.3333333333333333,1][0.0,38]"
7,xwiki,XWIKI-13196,7.4.2,java.lang.IllegalArgumentException,9,62328,9.5,3550,"[9.5,1]"
8,xwiki,XWIKI-13196,7.4.2,java.lang.IllegalArgumentException,4,62328,2.6666666666666665,1502,"[3.6666666666666665,1][2.6666666666666665,2]"
8,xwiki,XWIKI-13196,7.4.2,java.lang.IllegalArgumentException,3,62328,2.9523809523809526,8469,"[3.0,1][2.9523809523809526,8453]"
5,xwiki,XWIKI-13196,7.4.2,java.lang.IllegalArgumentException,5,62328,6.5,1201,"[6.5,1]"
8,xwiki,XWIKI-13196,7.4.2,java.lang.IllegalArgumentException,5,62328,6.5,1396,"[6.5,1]"
8,chart,CHART-13b,13b,java.lang.IllegalArgumentException,2,62328,0.0,67,"[1.3333333333333333,1][0.0,67]"
8,xwiki,XWIKI-13196,7.4.2,java.lang.IllegalArgumentException,6,62328,6.5,758,"[6.5,1]"
1,chart,CHART-13b,13b,java.lang.IllegalArgumentException,5,62328,-1,0,
8,xwiki,XWIKI-13196,7.4.2,java.lang.IllegalArgumentException,7,62328,6.5,1456,"[6.5,1]"
8,xwiki,XWIKI-13196,7.4.2,java.lang.IllegalArgumentException,8,62328,8.941176470588236,8852,"[8.941176470588236,1]"
2,chart,CHART-13b,13b,java.lang.IllegalArgumentException,5,62328,-1,0,
9,xwiki,XWIKI-13196,7.4.2,java.lang.IllegalArgumentException,3,62328,2.9523809523809526,10297,"[3.0,1][2.9523809523809526,10277]"
7,chart,CHART-13b,13b,java.lang.IllegalArgumentException,6,62328,1.3333333333333333,189,"[5.75,1][5.333333333333333,2][1.3333333333333333,78]"
8,xwiki,XWIKI-13196,7.4.2,java.lang.IllegalArgumentException,9,62328,9.5,1031,"[9.5,1]"
6,xwiki,XWIKI-13196,7.4.2,java.lang.IllegalArgumentException,7,62328,6.5,1820,"[6.5,1]"
3,chart,CHART-13b,13b,java.lang.IllegalArgumentException,5,62328,-1,0,
9,xwiki,XWIKI-13196,7.4.2,java.lang.IllegalArgumentException,4,62328,2.6666666666666665,1506,"[3.6666666666666665,1][2.6666666666666665,2]"
9,chart,CHART-13b,13b,java.lang.IllegalArgumentException,2,62328,0.0,21,"[1.5,1][1.3333333333333333,3][0.0,21]"
9,xwiki,XWIKI-13196,7.4.2,java.lang.IllegalArgumentException,5,62328,6.5,1189,"[6.5,1]"
4,chart,CHART-13b,13b,java.lang.IllegalArgumentException,5,62328,-1,0,
1,time,TIME-20b,20b,java.lang.IllegalArgumentException,1,62328,0.0,1,"[0.0,1]"
2,time,TIME-20b,20b,java.lang.IllegalArgumentException,1,62328,0.0,1,"[0.0,1]"
5,chart,CHART-13b,13b,java.lang.IllegalArgumentException,5,62328,-1,0,
3,time,TIME-20b,20b,java.lang.IllegalArgumentException,1,62328,0.0,1,"[0.0,1]"
9,xwiki,XWIKI-13196,7.4.2,java.lang.IllegalArgumentException,6,62328,6.5,944,"[6.5,1]"
4,time,TIME-20b,20b,java.lang.IllegalArgumentException,1,62328,0.0,1,"[0.0,1]"
5,time,TIME-20b,20b,java.lang.IllegalArgumentException,1,62328,0.0,1,"[0.0,1]"
10,chart,CHART-13b,13b,java.lang.IllegalArgumentException,2,62328,0.0,115,"[1.3333333333333333,1][0.0,115]"
7,time,TIME-20b,20b,java.lang.IllegalArgumentException,1,62328,0.0,1,"[0.0,1]"
6,time,TIME-20b,20b,java.lang.IllegalArgumentException,1,62328,0.0,1,"[0.0,1]"
8,time,TIME-20b,20b,java.lang.IllegalArgumentException,1,62328,0.0,1,"[0.0,1]"
1,lang,LANG-2b,2b,java.lang.IllegalArgumentException,1,62328,0.0,1,"[0.0,1]"
9,time,TIME-20b,20b,java.lang.IllegalArgumentException,1,62328,0.0,1,"[0.0,1]"
2,lang,LANG-2b,2b,java.lang.IllegalArgumentException,1,62328,0.0,1,"[0.0,1]"
6,chart,CHART-13b,13b,java.lang.IllegalArgumentException,5,62328,-1,0,
3,lang,LANG-2b,2b,java.lang.IllegalArgumentException,1,62328,0.0,1,"[0.0,1]"
10,time,TIME-20b,20b,java.lang.IllegalArgumentException,1,62328,0.0,1,"[0.0,1]"
4,lang,LANG-2b,2b,java.lang.IllegalArgumentException,1,62328,0.0,1,"[0.0,1]"
5,lang,LANG-2b,2b,java.lang.IllegalArgumentException,1,62328,0.0,1,"[0.0,1]"
6,lang,LANG-2b,2b,java.lang.IllegalArgumentException,1,62328,0.0,1,"[0.0,1]"
7,lang,LANG-2b,2b,java.lang.IllegalArgumentException,1,62328,0.0,1,"[0.0,1]"
9,xwiki,XWIKI-13196,7.4.2,java.lang.IllegalArgumentException,8,62328,8.941176470588236,8270,"[8.941176470588236,1]"
8,lang,LANG-2b,2b,java.lang.IllegalArgumentException,1,62328,0.0,1,"[0.0,1]"
9,lang,LANG-2b,2b,java.lang.IllegalArgumentException,1,62328,0.0,1,"[0.0,1]"
10,lang,LANG-2b,2b,java.lang.IllegalArgumentException,1,62328,0.0,1,"[0.0,1]"
9,xwiki,XWIKI-13196,7.4.2,java.lang.IllegalArgumentException,7,62328,6.5,902,"[6.5,1]"
4,lang,LANG-54b,54b,java.lang.IllegalArgumentException,1,62328,0.0,29,"[1.6538461538461537,1][0.0,29]"
7,lang,LANG-54b,54b,java.lang.IllegalArgumentException,1,62328,0.0,4,"[1.6538461538461537,1][0.0,4]"
6,lang,LANG-54b,54b,java.lang.IllegalArgumentException,1,62328,0.0,28,"[1.6538461538461537,1][1.6428571428571428,22][0.0,28]"
2,lang,LANG-54b,54b,java.lang.IllegalArgumentException,1,62328,0.0,249,"[1.6538461538461537,1][1.6521739130434783,4][1.6363636363636362,23][1.6,75][0.0,249]"
1,lang,LANG-5b,5b,java.lang.IllegalArgumentException,1,62328,0.0,1,"[0.0,1]"
9,xwiki,XWIKI-13196,7.4.2,java.lang.IllegalArgumentException,9,62328,9.5,2229,"[9.5,1]"
5,lang,LANG-54b,54b,java.lang.IllegalArgumentException,1,62328,0.0,141,"[1.8319327731092439,1][1.7941176470588234,2][1.7142857142857144,5][1.6538461538461537,6][1.6363636363636362,25][1.6,72][0.0,141]"
8,lang,LANG-54b,54b,java.lang.IllegalArgumentException,1,62328,0.0,142,"[1.6470588235294117,1][1.6,9][0.0,142]"
10,xwiki,XWIKI-13196,7.4.2,java.lang.IllegalArgumentException,3,62328,3.0,11495,"[3.0,1]"
2,lang,LANG-5b,5b,java.lang.IllegalArgumentException,1,62328,0.0,1,"[0.0,1]"
3,lang,LANG-5b,5b,java.lang.IllegalArgumentException,1,62328,0.0,1,"[0.0,1]"
3,lang,LANG-54b,54b,java.lang.IllegalArgumentException,1,62328,0.0,342,"[1.6538461538461537,1][1.65,2][1.6470588235294117,30][1.6,59][0.0,342]"
4,lang,LANG-5b,5b,java.lang.IllegalArgumentException,1,62328,0.0,1,"[0.0,1]"
10,lang,LANG-54b,54b,java.lang.IllegalArgumentException,1,62328,0.0,136,"[1.6,1][1.4666666666666668,129][0.0,136]"
6,lang,LANG-5b,5b,java.lang.IllegalArgumentException,1,62328,0.0,1,"[0.0,1]"
5,lang,LANG-5b,5b,java.lang.IllegalArgumentException,1,62328,0.0,1,"[0.0,1]"
1,lang,LANG-54b,54b,java.lang.IllegalArgumentException,1,62328,0.0,511,"[1.6538461538461537,1][1.6428571428571428,2][1.6363636363636362,13][1.625,93][1.6,100][0.0,511]"
7,lang,LANG-5b,5b,java.lang.IllegalArgumentException,1,62328,0.0,1,"[0.0,1]"
8,lang,LANG-5b,5b,java.lang.IllegalArgumentException,1,62328,0.0,1,"[0.0,1]"
9,lang,LANG-5b,5b,java.lang.IllegalArgumentException,1,62328,0.0,1,"[0.0,1]"
9,lang,LANG-54b,54b,java.lang.IllegalArgumentException,1,62328,0.0,213,"[1.6363636363636362,1][1.625,32][1.6,204][0.0,213]"
10,lang,LANG-5b,5b,java.lang.IllegalArgumentException,1,62328,0.0,1,"[0.0,1]"
2,math,MATH-90b,90b,java.lang.IllegalArgumentException,1,62328,0.0,1,"[0.0,1]"
1,math,MATH-90b,90b,java.lang.IllegalArgumentException,1,62328,0.0,1,"[0.0,1]"
3,math,MATH-90b,90b,java.lang.IllegalArgumentException,1,62328,0.0,1,"[0.0,1]"
4,math,MATH-90b,90b,java.lang.IllegalArgumentException,1,62328,0.0,1,"[0.0,1]"
5,math,MATH-90b,90b,java.lang.IllegalArgumentException,1,62328,0.0,1,"[0.0,1]"
6,math,MATH-90b,90b,java.lang.IllegalArgumentException,1,62328,0.0,1,"[0.0,1]"
7,math,MATH-90b,90b,java.lang.IllegalArgumentException,1,62328,0.0,1,"[0.0,1]"
8,math,MATH-90b,90b,java.lang.IllegalArgumentException,1,62328,0.0,1,"[0.0,1]"
9,math,MATH-90b,90b,java.lang.IllegalArgumentException,1,62328,0.0,1,"[0.0,1]"
10,xwiki,XWIKI-13196,7.4.2,java.lang.IllegalArgumentException,7,62328,6.5,963,"[6.5,1]"
10,math,MATH-90b,90b,java.lang.IllegalArgumentException,1,62328,0.0,1,"[0.0,1]"
10,xwiki,XWIKI-13196,7.4.2,java.lang.IllegalArgumentException,5,62328,6.5,661,"[6.5,1]"
1,math,MATH-95b,95b,java.lang.IllegalArgumentException,1,62328,0.0,1,"[0.0,1]"
7,chart,CHART-13b,13b,java.lang.IllegalArgumentException,5,62328,-1,0,
1,math,MATH-95b,95b,java.lang.IllegalArgumentException,2,62328,0.0,1,"[0.0,1]"
1,math,MATH-95b,95b,java.lang.IllegalArgumentException,4,62328,0.0,1,"[0.0,1]"
2,math,MATH-95b,95b,java.lang.IllegalArgumentException,1,62328,0.0,1,"[0.0,1]"
2,math,MATH-95b,95b,java.lang.IllegalArgumentException,2,62328,0.0,1,"[0.0,1]"
10,xwiki,XWIKI-13196,7.4.2,java.lang.IllegalArgumentException,6,62328,6.5,609,"[6.5,1]"
2,math,MATH-95b,95b,java.lang.IllegalArgumentException,4,62328,0.0,1,"[0.0,1]"
10,xwiki,XWIKI-13196,7.4.2,java.lang.IllegalArgumentException,8,62328,8.941176470588236,6901,"[8.941176470588236,1]"
3,math,MATH-95b,95b,java.lang.IllegalArgumentException,1,62328,0.0,1,"[0.0,1]"
3,math,MATH-95b,95b,java.lang.IllegalArgumentException,2,62328,0.0,1,"[0.0,1]"
1,math,MATH-95b,95b,java.lang.IllegalArgumentException,3,62328,0.0,38,"[3.6666666666666665,1][1.3333333333333333,18][0.0,38]"
4,math,MATH-95b,95b,java.lang.IllegalArgumentException,2,62328,0.0,1,"[0.0,1]"
4,math,MATH-95b,95b,java.lang.IllegalArgumentException,1,62328,0.0,1,"[0.0,1]"
3,math,MATH-95b,95b,java.lang.IllegalArgumentException,4,62328,0.0,4,"[3.8,1][1.4999999998833982,2][0.0,4]"
3,math,MATH-95b,95b,java.lang.IllegalArgumentException,3,62328,0.0,10,"[3.6666666666666665,1][1.3333333333333333,2][0.0,10]"
4,math,MATH-95b,95b,java.lang.IllegalArgumentException,4,62328,0.0,5,"[3.8,1][1.4999999998835352,3][1.4999999998753493,4][0.0,5]"
5,math,MATH-95b,95b,java.lang.IllegalArgumentException,1,62328,0.0,1,"[0.0,1]"
2,math,MATH-95b,95b,java.lang.IllegalArgumentException,3,62328,0.0,30,"[3.6666666666666665,1][1.3333333333333333,12][0.0,30]"
1,chart,CHART-13b,13b,java.lang.IllegalArgumentException,3,62328,1.3333333333333333,1458,"[1.8333333333333335,1][1.6666666666666665,3][1.6,7][1.3333333333333333,8]"
5,math,MATH-95b,95b,java.lang.IllegalArgumentException,2,62328,0.0,1,"[0.0,1]"
4,math,MATH-95b,95b,java.lang.IllegalArgumentException,3,62328,0.0,35,"[3.6666666666666665,1][1.3333333333333333,4][0.0,35]"
6,math,MATH-95b,95b,java.lang.IllegalArgumentException,1,62328,0.0,1,"[0.0,1]"
6,math,MATH-95b,95b,java.lang.IllegalArgumentException,2,62328,0.0,1,"[0.0,1]"
5,math,MATH-95b,95b,java.lang.IllegalArgumentException,4,62328,0.0,8,"[3.8,1][2.0,2][1.4999999998835376,4][1.4,6][0.0,8]"
6,math,MATH-95b,95b,java.lang.IllegalArgumentException,4,62328,0.0,2,"[1.4,1][0.0,2]"
1,chart,CHART-13b,13b,java.lang.IllegalArgumentException,4,62328,1.3333333333333333,1446,"[1.3333333333333333,1]"
7,math,MATH-95b,95b,java.lang.IllegalArgumentException,1,62328,0.0,1,"[0.0,1]"
10,xwiki,XWIKI-13196,7.4.2,java.lang.IllegalArgumentException,9,62328,9.5,1773,"[9.5,1]"
7,math,MATH-95b,95b,java.lang.IllegalArgumentException,2,62328,0.0,1,"[0.0,1]"
8,math,MATH-95b,95b,java.lang.IllegalArgumentException,1,62328,0.0,1,"[0.0,1]"
7,math,MATH-95b,95b,java.lang.IllegalArgumentException,4,62328,0.0,1,"[0.0,1]"
6,math,MATH-95b,95b,java.lang.IllegalArgumentException,3,62328,0.0,22,"[3.6666666666666665,1][1.3333333333333333,14][0.0,22]"
8,math,MATH-95b,95b,java.lang.IllegalArgumentException,2,62328,0.0,1,"[0.0,1]"
8,math,MATH-95b,95b,java.lang.IllegalArgumentException,4,62328,0.0,1,"[0.0,1]"
9,math,MATH-95b,95b,java.lang.IllegalArgumentException,1,62328,0.0,1,"[0.0,1]"
5,math,MATH-95b,95b,java.lang.IllegalArgumentException,3,62328,0.0,66,"[3.6666666666666665,1][1.3333333333333333,22][0.0,66]"
7,math,MATH-95b,95b,java.lang.IllegalArgumentException,3,62328,0.0,27,"[1.3333333333333333,1][0.0,27]"
8,math,MATH-95b,95b,java.lang.IllegalArgumentException,3,62328,0.0,10,"[3.6666666666666665,1][1.3333333333333333,2][0.0,10]"
9,math,MATH-95b,95b,java.lang.IllegalArgumentException,2,62328,0.0,1,"[0.0,1]"
9,math,MATH-95b,95b,java.lang.IllegalArgumentException,4,62328,0.0,1,"[0.0,1]"
9,math,MATH-95b,95b,java.lang.IllegalArgumentException,3,62328,0.0,8,"[3.6666666666666665,1][1.3333333333333333,7][0.0,8]"
10,math,MATH-95b,95b,java.lang.IllegalArgumentException,1,62328,0.0,1,"[0.0,1]"
10,math,MATH-95b,95b,java.lang.IllegalArgumentException,2,62328,0.0,1,"[0.0,1]"
10,math,MATH-95b,95b,java.lang.IllegalArgumentException,4,62328,0.0,6,"[3.8,1][1.4999999998815479,3][0.0,6]"
1,math,MATH-97b,97b,java.lang.IllegalArgumentException,1,62328,0.0,1,"[0.0,1]"
2,math,MATH-97b,97b,java.lang.IllegalArgumentException,1,62328,0.0,1,"[0.0,1]"
3,math,MATH-97b,97b,java.lang.IllegalArgumentException,1,62328,0.0,1,"[0.0,1]"
10,math,MATH-95b,95b,java.lang.IllegalArgumentException,3,62328,0.0,22,"[3.6666666666666665,1][1.3333333333333333,3][0.0,22]"
4,math,MATH-97b,97b,java.lang.IllegalArgumentException,1,62328,0.0,1,"[0.0,1]"
5,math,MATH-97b,97b,java.lang.IllegalArgumentException,1,62328,0.0,1,"[0.0,1]"
6,math,MATH-97b,97b,java.lang.IllegalArgumentException,1,62328,0.0,1,"[0.0,1]"
7,math,MATH-97b,97b,java.lang.IllegalArgumentException,1,62328,0.0,1,"[0.0,1]"
9,math,MATH-97b,97b,java.lang.IllegalArgumentException,1,62328,0.0,1,"[0.0,1]"
8,math,MATH-97b,97b,java.lang.IllegalArgumentException,1,62328,0.0,1,"[0.0,1]"
1,chart,CHART-13b,13b,java.lang.IllegalArgumentException,6,62328,1.3333333333333333,1436,"[5.5,1][5.4,2][5.333333333333333,4][1.3333333333333333,95]"
10,math,MATH-97b,97b,java.lang.IllegalArgumentException,1,62328,0.0,1,"[0.0,1]"
2,chart,CHART-13b,13b,java.lang.IllegalArgumentException,3,62328,1.3333333333333333,1148,"[1.6666666666666665,1][1.6,6][1.3333333333333333,11]"
2,chart,CHART-13b,13b,java.lang.IllegalArgumentException,6,62328,1.3333333333333333,1427,"[5.75,1][5.333333333333333,3][5.0,5][1.3333333333333333,6]"
2,chart,CHART-13b,13b,java.lang.IllegalArgumentException,4,62328,1.3333333333333333,1388,"[1.6666666666666665,1][1.6,4][1.3333333333333333,8]"
8,chart,CHART-13b,13b,java.lang.IllegalArgumentException,5,62328,-1,0,
3,chart,CHART-13b,13b,java.lang.IllegalArgumentException,3,62328,1.3333333333333333,1410,"[1.6666666666666665,1][1.3333333333333333,6]"
1,time,TIME-8b,8b,java.lang.IllegalArgumentException,1,62328,0.0,1,"[0.0,1]"
2,time,TIME-8b,8b,java.lang.IllegalArgumentException,1,62328,0.0,1,"[0.0,1]"
3,chart,CHART-13b,13b,java.lang.IllegalArgumentException,4,62328,1.3333333333333333,1377,"[1.6666666666666665,1][1.3333333333333333,7]"
3,chart,CHART-13b,13b,java.lang.IllegalArgumentException,6,62328,1.3333333333333333,1524,"[5.75,1][5.333333333333333,2][1.3333333333333333,265]"
3,time,TIME-8b,8b,java.lang.IllegalArgumentException,1,62328,0.0,1,"[0.0,1]"
4,time,TIME-8b,8b,java.lang.IllegalArgumentException,1,62328,0.0,1,"[0.0,1]"
5,time,TIME-8b,8b,java.lang.IllegalArgumentException,1,62328,0.0,1,"[0.0,1]"
4,chart,CHART-13b,13b,java.lang.IllegalArgumentException,4,62328,1.3333333333333333,1234,"[3.5,1][1.6666666666666665,3][1.3333333333333333,4]"
6,time,TIME-8b,8b,java.lang.IllegalArgumentException,1,62328,0.0,1,"[0.0,1]"
4,chart,CHART-13b,13b,java.lang.IllegalArgumentException,3,62328,1.3333333333333333,1140,"[3.333333333333333,1][1.8333333333333335,3][1.6,8][1.3333333333333333,17]"
7,time,TIME-8b,8b,java.lang.IllegalArgumentException,1,62328,0.0,1,"[0.0,1]"
8,time,TIME-8b,8b,java.lang.IllegalArgumentException,1,62328,0.0,1,"[0.0,1]"
9,time,TIME-8b,8b,java.lang.IllegalArgumentException,1,62328,0.0,1,"[0.0,1]"
10,time,TIME-8b,8b,java.lang.IllegalArgumentException,1,62328,0.0,1,"[0.0,1]"
9,chart,CHART-13b,13b,java.lang.IllegalArgumentException,5,62328,-1,0,
4,chart,CHART-13b,13b,java.lang.IllegalArgumentException,6,62328,1.3333333333333333,1202,"[5.75,1][5.5,4][5.333333333333333,5][1.3333333333333333,119]"
5,chart,CHART-13b,13b,java.lang.IllegalArgumentException,4,62328,1.3333333333333333,1077,"[1.6,1][1.3333333333333333,6]"
5,chart,CHART-13b,13b,java.lang.IllegalArgumentException,3,62328,1.3333333333333333,977,"[3.333333333333333,1][1.8333333333333335,2][1.3333333333333333,7]"
10,chart,CHART-13b,13b,java.lang.IllegalArgumentException,5,62328,-1,0,
5,chart,CHART-13b,13b,java.lang.IllegalArgumentException,6,62328,1.3333333333333333,1272,"[5.75,1][5.666666666666666,2][5.333333333333333,3][5.0,121][1.3333333333333333,124]"
1,elasticsearch,ES-14457,2.0.0,java.lang.IllegalArgumentException,1,62328,0.0,1,"[0.0,1]"
2,elasticsearch,ES-14457,2.0.0,java.lang.IllegalArgumentException,1,62328,0.0,1,"[0.0,1]"
6,chart,CHART-13b,13b,java.lang.IllegalArgumentException,3,62328,1.3333333333333333,939,"[1.6,1][1.3333333333333333,5]"
6,chart,CHART-13b,13b,java.lang.IllegalArgumentException,4,62328,1.3333333333333333,1110,"[3.333333333333333,1][1.6666666666666665,2][1.6,3][1.3333333333333333,11]"
6,chart,CHART-13b,13b,java.lang.IllegalArgumentException,6,62328,1.3333333333333333,1012,"[5.333333333333333,1][1.3333333333333333,5]"
10,xwiki,XWIKI-13196,7.4.2,java.lang.IllegalArgumentException,4,62328,2.6666666666666665,1535,"[3.6666666666666665,1][2.6666666666666665,6]"
3,elasticsearch,ES-14457,2.0.0,java.lang.IllegalArgumentException,1,62328,0.0,1,"[0.0,1]"
1,elasticsearch,ES-14457,2.0.0,java.lang.IllegalArgumentException,3,62328,1.0,9,"[2.5,1][1.0,4]"
7,chart,CHART-13b,13b,java.lang.IllegalArgumentException,3,62328,1.3333333333333333,1324,"[1.8333333333333335,1][1.6,5][1.3333333333333333,8]"
1,elasticsearch,ES-14457,2.0.0,java.lang.IllegalArgumentException,8,62328,8.5,2139,"[8.5,1]"
7,chart,CHART-13b,13b,java.lang.IllegalArgumentException,4,62328,1.3333333333333333,1232,"[1.6666666666666665,1][1.3333333333333333,4]"
2,elasticsearch,ES-14457,2.0.0,java.lang.IllegalArgumentException,2,62328,0.0,10,"[2.5,1][1.6666666666666665,2][1.0,3][0.0,10]"
1,elasticsearch,ES-14457,2.0.0,java.lang.IllegalArgumentException,2,62328,0.0,12,"[2.5,1][1.0,7][0.0,12]"
2,elasticsearch,ES-14457,2.0.0,java.lang.IllegalArgumentException,8,62328,8.5,2354,"[8.5,1]"
4,elasticsearch,ES-14457,2.0.0,java.lang.IllegalArgumentException,1,62328,0.0,1,"[0.0,1]"
8,chart,CHART-13b,13b,java.lang.IllegalArgumentException,3,62328,1.3333333333333333,1662,"[3.333333333333333,1][1.6666666666666665,2][1.6,3][1.3333333333333333,7]"
8,chart,CHART-13b,13b,java.lang.IllegalArgumentException,4,62328,1.3333333333333333,1184,"[3.333333333333333,1][1.6666666666666665,2][1.3333333333333333,4]"
3,elasticsearch,ES-14457,2.0.0,java.lang.IllegalArgumentException,6,62328,4.972222222222222,575,"[4.972222222222222,1]"
8,chart,CHART-13b,13b,java.lang.IllegalArgumentException,6,62328,1.3333333333333333,1169,"[5.75,1][5.333333333333333,2][5.0,3][1.3333333333333333,17]"
9,chart,CHART-13b,13b,java.lang.IllegalArgumentException,3,62328,1.3333333333333333,1177,"[3.333333333333333,1][1.3333333333333333,3]"
9,chart,CHART-13b,13b,java.lang.IllegalArgumentException,4,62328,1.3333333333333333,1376,"[1.6666666666666665,1][1.3333333333333333,6]"
9,chart,CHART-13b,13b,java.lang.IllegalArgumentException,6,62328,1.3333333333333333,1352,"[5.75,1][5.333333333333333,4][1.3333333333333333,7]"
3,elasticsearch,ES-14457,2.0.0,java.lang.IllegalArgumentException,7,62328,8.5,2959,"[8.5,1]"
1,elasticsearch,ES-14457,2.0.0,java.lang.IllegalArgumentException,7,62328,8.5,6551,"[8.5,1]"
10,chart,CHART-13b,13b,java.lang.IllegalArgumentException,3,62328,1.3333333333333333,1154,"[3.333333333333333,1][1.8333333333333335,3][1.6666666666666665,8][1.6,9][1.3333333333333333,10]"
10,chart,CHART-13b,13b,java.lang.IllegalArgumentException,4,62328,1.3333333333333333,1538,"[1.6666666666666665,1][1.3333333333333333,3]"
5,elasticsearch,ES-14457,2.0.0,java.lang.IllegalArgumentException,1,62328,0.0,1,"[0.0,1]"
4,elasticsearch,ES-14457,2.0.0,java.lang.IllegalArgumentException,2,62328,0.0,6,"[2.5,1][1.0,4][0.0,6]"
10,chart,CHART-13b,13b,java.lang.IllegalArgumentException,6,62328,1.3333333333333333,1636,"[5.0,1][1.3333333333333333,2]"
5,elasticsearch,ES-14457,2.0.0,java.lang.IllegalArgumentException,2,62328,0.0,10,"[2.5,1][1.4999999998835847,2][1.0,5][0.0,10]"
5,elasticsearch,ES-14457,2.0.0,java.lang.IllegalArgumentException,6,62328,4.972222222222222,1170,"[4.972222222222222,1]"
1,time,TIME-2b,2b,java.lang.IllegalArgumentException,1,62328,1.0,8239,"[1.8571428571428572,1][1.8461538461538463,3][1.0,4]"
1,time,TIME-2b,2b,java.lang.IllegalArgumentException,2,62328,1.0,7887,"[1.8461538461538463,1][1.7142857142857144,5][1.6,9][1.3333333333333333,24][1.0,56]"
2,time,TIME-2b,2b,java.lang.IllegalArgumentException,1,62328,1.0,8065,"[1.0,1]"
2,time,TIME-2b,2b,java.lang.IllegalArgumentException,2,62328,1.0,7553,"[1.8461538461538463,1][1.7142857142857144,2][1.6,10][1.0,19]"
3,time,TIME-2b,2b,java.lang.IllegalArgumentException,2,62328,1.0,7872,"[1.8461538461538463,1][1.7142857142857144,5][1.0,13]"
3,time,TIME-2b,2b,java.lang.IllegalArgumentException,1,62328,1.0,7620,"[1.7142857142857144,1][1.0,4]"
4,time,TIME-2b,2b,java.lang.IllegalArgumentException,1,62328,1.0,9369,"[1.7777777777777777,1][1.6,2][1.0,3]"
3,elasticsearch,ES-14457,2.0.0,java.lang.IllegalArgumentException,2,62328,0.0,38,"[2.5,1][1.0,15][0.0,38]"
4,time,TIME-2b,2b,java.lang.IllegalArgumentException,2,62328,1.0,7248,"[1.8461538461538463,1][1.7142857142857144,5][1.3333333333333333,10][1.0,21]"
5,time,TIME-2b,2b,java.lang.IllegalArgumentException,1,62328,1.0,8941,"[1.0,1]"
5,time,TIME-2b,2b,java.lang.IllegalArgumentException,2,62328,1.0,7541,"[1.0,1]"
6,time,TIME-2b,2b,java.lang.IllegalArgumentException,1,62328,1.0,7359,"[1.0,1]"
7,time,TIME-2b,2b,java.lang.IllegalArgumentException,2,62328,1.0,7585,"[1.8461538461538463,1][1.7142857142857144,6][1.3333333333333333,7][1.0,12]"
6,time,TIME-2b,2b,java.lang.IllegalArgumentException,2,62328,1.0,7232,"[1.8461538461538463,1][1.7142857142857144,3][1.3333333333333333,11][1.0,28]"
7,time,TIME-2b,2b,java.lang.IllegalArgumentException,1,62328,1.0,9550,"[1.0,1]"
8,time,TIME-2b,2b,java.lang.IllegalArgumentException,1,62328,1.0,9754,"[1.8571428571428572,1][1.0,2]"
8,time,TIME-2b,2b,java.lang.IllegalArgumentException,2,62328,1.0,7494,"[1.6,1][1.3333333333333333,36][1.0,51]"
9,time,TIME-2b,2b,java.lang.IllegalArgumentException,1,62328,1.0,8986,"[1.7142857142857144,1][1.6,4][1.3333333333333333,28][1.0,40]"
9,time,TIME-2b,2b,java.lang.IllegalArgumentException,2,62328,1.0,7430,"[1.0,1]"
10,time,TIME-2b,2b,java.lang.IllegalArgumentException,1,62328,1.0,8638,"[1.8461538461538463,1][1.6,3][1.0,14]"
10,time,TIME-2b,2b,java.lang.IllegalArgumentException,2,62328,1.0,6918,"[1.6,1][1.0,15]"
6,elasticsearch,ES-14457,2.0.0,java.lang.IllegalArgumentException,1,62328,0.0,1,"[0.0,1]"
7,elasticsearch,ES-14457,2.0.0,java.lang.IllegalArgumentException,1,62328,0.0,1,"[0.0,1]"
8,elasticsearch,ES-14457,2.0.0,java.lang.IllegalArgumentException,1,62328,0.0,1,"[0.0,1]"
1,elasticsearch,ES-14457,2.0.0,java.lang.IllegalArgumentException,6,62328,4.972222222222222,3065,"[4.972222222222222,1]"
1,elasticsearch,ES-14457,2.0.0,java.lang.IllegalArgumentException,4,62328,1.0,147,"[2.9722222222222223,1][1.0,8]"
1,elasticsearch,ES-14457,2.0.0,java.lang.IllegalArgumentException,9,62328,8.5,24852,"[8.5,1]"
1,elasticsearch,ES-14457,2.0.0,java.lang.IllegalArgumentException,5,62328,4.9714285714285715,41,"[4.9714285714285715,1]"
2,elasticsearch,ES-14457,2.0.0,java.lang.IllegalArgumentException,3,62328,2.5,137,"[2.5,1]"
9,elasticsearch,ES-14457,2.0.0,java.lang.IllegalArgumentException,1,62328,0.0,1,"[0.0,1]"
2,elasticsearch,ES-14457,2.0.0,java.lang.IllegalArgumentException,6,62328,4.972222222222222,3301,"[4.972222222222222,1]"
2,elasticsearch,ES-14457,2.0.0,java.lang.IllegalArgumentException,4,62328,1.0,140,"[1.0,1]"
2,elasticsearch,ES-14457,2.0.0,java.lang.IllegalArgumentException,7,62328,8.5,17098,"[8.5,1]"
2,elasticsearch,ES-14457,2.0.0,java.lang.IllegalArgumentException,5,62328,4.9714285714285715,60,"[4.9714285714285715,1]"
2,elasticsearch,ES-14457,2.0.0,java.lang.IllegalArgumentException,9,62328,8.5,22491,"[8.5,1]"
3,elasticsearch,ES-14457,2.0.0,java.lang.IllegalArgumentException,3,62328,2.5,196,"[2.5,1]"
8,elasticsearch,ES-14457,2.0.0,java.lang.IllegalArgumentException,2,62328,0.0,14,"[2.5,1][1.0,5][0.0,14]"
3,elasticsearch,ES-14457,2.0.0,java.lang.IllegalArgumentException,4,62328,1.0,136,"[2.9722222222222223,1][1.0,2]"
3,elasticsearch,ES-14457,2.0.0,java.lang.IllegalArgumentException,5,62328,4.9714285714285715,61,"[4.9714285714285715,1]"
10,elasticsearch,ES-14457,2.0.0,java.lang.IllegalArgumentException,1,62328,0.0,1,"[0.0,1]"
3,elasticsearch,ES-14457,2.0.0,java.lang.IllegalArgumentException,8,62328,8.5,16441,"[8.5,1]"
9,elasticsearch,ES-14457,2.0.0,java.lang.IllegalArgumentException,3,62328,0.0,23,"[2.5,1][1.0,14][0.0,23]"
3,elasticsearch,ES-14457,2.0.0,java.lang.IllegalArgumentException,9,62328,8.5,23081,"[8.5,1]"
4,elasticsearch,ES-14457,2.0.0,java.lang.IllegalArgumentException,3,62328,2.5,207,"[2.5,1]"
9,elasticsearch,ES-14457,2.0.0,java.lang.IllegalArgumentException,5,62328,4.9714285714285715,5,"[4.9714285714285715,1]"
4,elasticsearch,ES-14457,2.0.0,java.lang.IllegalArgumentException,4,62328,1.0,184,"[2.9722222222222223,1][1.0,6]"
4,elasticsearch,ES-14457,2.0.0,java.lang.IllegalArgumentException,5,62328,4.9714285714285715,85,"[4.9714285714285715,1]"
4,elasticsearch,ES-14457,2.0.0,java.lang.IllegalArgumentException,6,62328,4.972222222222222,3656,"[4.972222222222222,1]"
4,elasticsearch,ES-14457,2.0.0,java.lang.IllegalArgumentException,7,62328,8.5,15422,"[8.5,1]"
4,elasticsearch,ES-14457,2.0.0,java.lang.IllegalArgumentException,8,62328,8.5,14772,"[8.5,1]"
4,elasticsearch,ES-14457,2.0.0,java.lang.IllegalArgumentException,9,62328,8.5,22178,"[8.5,1]"
5,elasticsearch,ES-14457,2.0.0,java.lang.IllegalArgumentException,3,62328,2.5,295,"[2.5,1]"
5,elasticsearch,ES-14457,2.0.0,java.lang.IllegalArgumentException,4,62328,1.0,202,"[1.0,1]"
10,elasticsearch,ES-14457,2.0.0,java.lang.IllegalArgumentException,2,62328,0.0,21,"[2.5,1][1.0,12][0.0,21]"
5,elasticsearch,ES-14457,2.0.0,java.lang.IllegalArgumentException,7,62328,8.5,15910,"[8.5,1]"
5,elasticsearch,ES-14457,2.0.0,java.lang.IllegalArgumentException,5,62328,4.9714285714285715,63,"[4.9714285714285715,1]"
5,elasticsearch,ES-14457,2.0.0,java.lang.IllegalArgumentException,8,62328,8.5,16302,"[8.5,1]"
5,elasticsearch,ES-14457,2.0.0,java.lang.IllegalArgumentException,9,62328,8.5,20480,"[8.5,1]"
8,elasticsearch,ES-14457,2.0.0,java.lang.IllegalArgumentException,6,62328,4.972222222222222,2886,"[4.972222222222222,1]"
6,elasticsearch,ES-14457,2.0.0,java.lang.IllegalArgumentException,6,62328,4.972222222222222,3668,"[4.972222222222222,1]"
6,elasticsearch,ES-14457,2.0.0,java.lang.IllegalArgumentException,7,62328,8.5,14288,"[8.5,1]"
6,elasticsearch,ES-14457,2.0.0,java.lang.IllegalArgumentException,2,62328,1.0,465,"[1.4999999998835847,1][1.0,4]"
6,elasticsearch,ES-14457,2.0.0,java.lang.IllegalArgumentException,8,62328,8.5,13814,"[8.5,1]"
6,elasticsearch,ES-14457,2.0.0,java.lang.IllegalArgumentException,3,62328,2.5,208,"[2.5,1]"
6,elasticsearch,ES-14457,2.0.0,java.lang.IllegalArgumentException,9,62328,8.5,24700,"[8.5,1]"
6,elasticsearch,ES-14457,2.0.0,java.lang.IllegalArgumentException,4,62328,1.0,196,"[2.9722222222222223,1][1.0,8]"
6,elasticsearch,ES-14457,2.0.0,java.lang.IllegalArgumentException,5,62328,4.9714285714285715,56,"[4.9714285714285715,1]"
7,elasticsearch,ES-14457,2.0.0,java.lang.IllegalArgumentException,7,62328,8.5,17905,"[8.5,1]"
7,elasticsearch,ES-14457,2.0.0,java.lang.IllegalArgumentException,8,62328,8.5,14923,"[8.5,1]"
7,elasticsearch,ES-14457,2.0.0,java.lang.IllegalArgumentException,9,62328,8.5,20663,"[8.5,1]"
7,elasticsearch,ES-14457,2.0.0,java.lang.IllegalArgumentException,6,62328,4.972222222222222,3505,"[4.972222222222222,1]"
7,elasticsearch,ES-14457,2.0.0,java.lang.IllegalArgumentException,2,62328,1.0,390,"[1.0,1]"
7,elasticsearch,ES-14457,2.0.0,java.lang.IllegalArgumentException,3,62328,2.5,198,"[2.5,1]"
7,elasticsearch,ES-14457,2.0.0,java.lang.IllegalArgumentException,4,62328,1.0,187,"[1.0,1]"
7,elasticsearch,ES-14457,2.0.0,java.lang.IllegalArgumentException,5,62328,4.9714285714285715,100,"[4.9714285714285715,1]"
8,elasticsearch,ES-14457,2.0.0,java.lang.IllegalArgumentException,3,62328,2.5,279,"[2.5,1]"
8,elasticsearch,ES-14457,2.0.0,java.lang.IllegalArgumentException,4,62328,1.0,200,"[2.9722222222222223,1][1.0,2]"
8,elasticsearch,ES-14457,2.0.0,java.lang.IllegalArgumentException,5,62328,4.9714285714285715,86,"[4.9714285714285715,1]"
2,elasticsearch,ES-19026,5.0.0-alpha3,java.lang.IllegalStateException,9,62328,8.5,53,"[9.5,1][8.5,2]"
1,elasticsearch,ES-19026,5.0.0-alpha3,java.lang.IllegalStateException,3,62328,-1,0,
1,elasticsearch,ES-19026,5.0.0-alpha3,java.lang.IllegalStateException,4,62328,-1,0,
8,elasticsearch,ES-14457,2.0.0,java.lang.IllegalArgumentException,7,62328,8.5,15003,"[8.5,1]"
8,elasticsearch,ES-14457,2.0.0,java.lang.IllegalArgumentException,8,62328,8.5,15398,"[8.5,1]"
8,elasticsearch,ES-14457,2.0.0,java.lang.IllegalArgumentException,9,62328,8.5,20835,"[8.5,1]"
1,elasticsearch,ES-19026,5.0.0-alpha3,java.lang.IllegalStateException,6,62328,-1,0,
9,elasticsearch,ES-14457,2.0.0,java.lang.IllegalArgumentException,2,62328,1.0,264,"[2.5,1][1.0,9]"
9,elasticsearch,ES-14457,2.0.0,java.lang.IllegalArgumentException,4,62328,1.0,216,"[1.0,1]"
9,elasticsearch,ES-14457,2.0.0,java.lang.IllegalArgumentException,7,62328,8.5,16283,"[8.5,1]"
9,elasticsearch,ES-14457,2.0.0,java.lang.IllegalArgumentException,6,62328,4.972222222222222,3877,"[4.972222222222222,1]"
9,elasticsearch,ES-14457,2.0.0,java.lang.IllegalArgumentException,8,62328,8.5,16513,"[8.5,1]"
9,elasticsearch,ES-14457,2.0.0,java.lang.IllegalArgumentException,9,62328,8.5,26124,"[8.5,1]"
2,elasticsearch,ES-19026,5.0.0-alpha3,java.lang.IllegalStateException,5,62328,5.5,534,"[5.5,1]"
10,elasticsearch,ES-14457,2.0.0,java.lang.IllegalArgumentException,3,62328,2.5,213,"[2.5,1]"
10,elasticsearch,ES-14457,2.0.0,java.lang.IllegalArgumentException,4,62328,1.0,161,"[3.9722222222222223,1][1.0,3]"
10,elasticsearch,ES-14457,2.0.0,java.lang.IllegalArgumentException,6,62328,4.972222222222222,4089,"[4.972222222222222,1]"
10,elasticsearch,ES-14457,2.0.0,java.lang.IllegalArgumentException,8,62328,8.5,18464,"[8.5,1]"
10,elasticsearch,ES-14457,2.0.0,java.lang.IllegalArgumentException,7,62328,8.5,19767,"[8.5,1]"
10,elasticsearch,ES-14457,2.0.0,java.lang.IllegalArgumentException,5,62328,4.9714285714285715,107,"[4.9714285714285715,1]"
10,elasticsearch,ES-14457,2.0.0,java.lang.IllegalArgumentException,9,62328,8.5,28116,"[8.5,1]"
2,elasticsearch,ES-19026,5.0.0-alpha3,java.lang.IllegalStateException,3,62328,-1,0,
2,elasticsearch,ES-19026,5.0.0-alpha3,java.lang.IllegalStateException,4,62328,-1,0,
2,elasticsearch,ES-19026,5.0.0-alpha3,java.lang.IllegalStateException,6,62328,-1,0,
1,elasticsearch,ES-19026,5.0.0-alpha3,java.lang.IllegalStateException,1,62328,1.0,2374,"[1.0,1]"
1,elasticsearch,ES-19026,5.0.0-alpha3,java.lang.IllegalStateException,2,62328,1.0,2757,"[2.75,1][2.6666666666666665,14][1.0,19]"
1,elasticsearch,ES-19026,5.0.0-alpha3,java.lang.IllegalStateException,5,62328,5.5,3241,"[5.5,1]"
3,elasticsearch,ES-19026,5.0.0-alpha3,java.lang.IllegalStateException,3,62328,-1,0,
1,elasticsearch,ES-19026,5.0.0-alpha3,java.lang.IllegalStateException,7,62328,8.5,3687,"[8.5,1]"
1,elasticsearch,ES-19026,5.0.0-alpha3,java.lang.IllegalStateException,8,62328,8.5,3639,"[8.5,1]"
3,elasticsearch,ES-19026,5.0.0-alpha3,java.lang.IllegalStateException,4,62328,-1,0,
1,elasticsearch,ES-19026,5.0.0-alpha3,java.lang.IllegalStateException,9,62328,8.5,2305,"[9.5,1][8.5,2]"
3,elasticsearch,ES-19026,5.0.0-alpha3,java.lang.IllegalStateException,6,62328,-1,0,
1,elasticsearch,ES-19026,5.0.0-alpha3,java.lang.IllegalStateException,10,62328,8.5,620,"[8.5,1]"
1,elasticsearch,ES-19026,5.0.0-alpha3,java.lang.IllegalStateException,11,62328,11.5,1608,"[11.5,1]"
1,elasticsearch,ES-19026,5.0.0-alpha3,java.lang.IllegalStateException,12,62328,11.933333333333334,11000,"[11.933333333333334,1]"
1,elasticsearch,ES-19026,5.0.0-alpha3,java.lang.IllegalStateException,13,62328,11.933333333333334,11199,"[13.0,1][11.933333333333334,3]"
4,elasticsearch,ES-19026,5.0.0-alpha3,java.lang.IllegalStateException,3,62328,-1,0,
1,elasticsearch,ES-19026,5.0.0-alpha3,java.lang.IllegalStateException,14,62328,8.5,2893,"[10.833333333333334,1][8.5,3]"
4,elasticsearch,ES-19026,5.0.0-alpha3,java.lang.IllegalStateException,4,62328,-1,0,
4,elasticsearch,ES-19026,5.0.0-alpha3,java.lang.IllegalStateException,6,62328,-1,0,
2,elasticsearch,ES-19026,5.0.0-alpha3,java.lang.IllegalStateException,1,62328,1.0,1823,"[1.0,1]"
2,elasticsearch,ES-19026,5.0.0-alpha3,java.lang.IllegalStateException,2,62328,1.0,2354,"[2.75,1][1.0,67]"
1,elasticsearch,ES-19026,5.0.0-alpha3,java.lang.IllegalStateException,15,62328,8.5,3186,"[8.5,1]"
2,elasticsearch,ES-19026,5.0.0-alpha3,java.lang.IllegalStateException,7,62328,8.5,3136,"[8.5,1]"
2,elasticsearch,ES-19026,5.0.0-alpha3,java.lang.IllegalStateException,10,62328,8.5,580,"[8.5,1]"
2,elasticsearch,ES-19026,5.0.0-alpha3,java.lang.IllegalStateException,8,62328,8.5,2579,"[8.5,1]"
2,elasticsearch,ES-19026,5.0.0-alpha3,java.lang.IllegalStateException,11,62328,11.5,669,"[11.5,1]"
2,elasticsearch,ES-19026,5.0.0-alpha3,java.lang.IllegalStateException,12,62328,11.933333333333334,11046,"[11.933333333333334,1]"
2,elasticsearch,ES-19026,5.0.0-alpha3,java.lang.IllegalStateException,13,62328,11.933333333333334,10962,"[11.933333333333334,1]"
2,elasticsearch,ES-19026,5.0.0-alpha3,java.lang.IllegalStateException,14,62328,8.5,2624,"[12.666666666666666,1][10.833333333333334,2][8.5,5]"
2,elasticsearch,ES-19026,5.0.0-alpha3,java.lang.IllegalStateException,15,62328,8.5,3269,"[8.5,1]"
3,elasticsearch,ES-19026,5.0.0-alpha3,java.lang.IllegalStateException,1,62328,1.0,1442,"[1.0,1]"
3,elasticsearch,ES-19026,5.0.0-alpha3,java.lang.IllegalStateException,2,62328,1.0,2293,"[2.75,1][1.0,48]"
3,elasticsearch,ES-19026,5.0.0-alpha3,java.lang.IllegalStateException,5,62328,5.5,3459,"[5.5,1]"
3,elasticsearch,ES-19026,5.0.0-alpha3,java.lang.IllegalStateException,7,62328,8.5,2497,"[8.5,1]"
3,elasticsearch,ES-19026,5.0.0-alpha3,java.lang.IllegalStateException,8,62328,8.5,3140,"[8.5,1]"
3,elasticsearch,ES-19026,5.0.0-alpha3,java.lang.IllegalStateException,9,62328,8.5,1878,"[9.5,1][8.5,2]"
3,elasticsearch,ES-19026,5.0.0-alpha3,java.lang.IllegalStateException,10,62328,8.5,533,"[8.5,1]"
5,elasticsearch,ES-19026,5.0.0-alpha3,java.lang.IllegalStateException,3,62328,-1,0,
5,elasticsearch,ES-19026,5.0.0-alpha3,java.lang.IllegalStateException,4,62328,-1,0,
5,elasticsearch,ES-19026,5.0.0-alpha3,java.lang.IllegalStateException,6,62328,-1,0,
3,elasticsearch,ES-19026,5.0.0-alpha3,java.lang.IllegalStateException,11,62328,11.5,1777,"[11.5,1]"
3,elasticsearch,ES-19026,5.0.0-alpha3,java.lang.IllegalStateException,12,62328,11.933333333333334,10972,"[12.5,1][11.933333333333334,3]"
3,elasticsearch,ES-19026,5.0.0-alpha3,java.lang.IllegalStateException,13,62328,11.933333333333334,10027,"[11.933333333333334,1]"
3,elasticsearch,ES-19026,5.0.0-alpha3,java.lang.IllegalStateException,14,62328,8.5,2495,"[10.833333333333334,1][8.5,6]"
3,elasticsearch,ES-19026,5.0.0-alpha3,java.lang.IllegalStateException,15,62328,8.5,2765,"[8.5,1]"
4,elasticsearch,ES-19026,5.0.0-alpha3,java.lang.IllegalStateException,1,62328,1.0,1408,"[1.0,1]"
4,elasticsearch,ES-19026,5.0.0-alpha3,java.lang.IllegalStateException,2,62328,1.0,2280,"[2.75,1][1.0,9]"
4,elasticsearch,ES-19026,5.0.0-alpha3,java.lang.IllegalStateException,5,62328,5.5,3144,"[5.5,1]"
4,elasticsearch,ES-19026,5.0.0-alpha3,java.lang.IllegalStateException,7,62328,8.5,3440,"[8.5,1]"
4,elasticsearch,ES-19026,5.0.0-alpha3,java.lang.IllegalStateException,8,62328,8.5,3070,"[8.5,1]"
4,elasticsearch,ES-19026,5.0.0-alpha3,java.lang.IllegalStateException,9,62328,8.5,2095,"[9.5,1][8.5,2]"
4,elasticsearch,ES-19026,5.0.0-alpha3,java.lang.IllegalStateException,10,62328,8.5,405,"[8.5,1]"
4,elasticsearch,ES-19026,5.0.0-alpha3,java.lang.IllegalStateException,13,62328,11.933333333333334,10813,"[11.933333333333334,1]"
4,elasticsearch,ES-19026,5.0.0-alpha3,java.lang.IllegalStateException,12,62328,11.933333333333334,11071,"[11.933333333333334,1]"
4,elasticsearch,ES-19026,5.0.0-alpha3,java.lang.IllegalStateException,11,62328,11.5,1067,"[11.5,1]"
6,elasticsearch,ES-19026,5.0.0-alpha3,java.lang.IllegalStateException,3,62328,-1,0,
6,elasticsearch,ES-19026,5.0.0-alpha3,java.lang.IllegalStateException,4,62328,-1,0,
6,elasticsearch,ES-19026,5.0.0-alpha3,java.lang.IllegalStateException,6,62328,-1,0,
4,elasticsearch,ES-19026,5.0.0-alpha3,java.lang.IllegalStateException,14,62328,8.5,2685,"[10.833333333333334,1][8.5,3]"
4,elasticsearch,ES-19026,5.0.0-alpha3,java.lang.IllegalStateException,15,62328,8.5,2564,"[8.5,1]"
5,elasticsearch,ES-19026,5.0.0-alpha3,java.lang.IllegalStateException,1,62328,1.0,1859,"[1.0,1]"
5,elasticsearch,ES-19026,5.0.0-alpha3,java.lang.IllegalStateException,2,62328,1.0,2153,"[2.75,1][2.6666666666666665,49][1.0,52]"
5,elasticsearch,ES-19026,5.0.0-alpha3,java.lang.IllegalStateException,7,62328,8.5,3401,"[8.5,1]"
5,elasticsearch,ES-19026,5.0.0-alpha3,java.lang.IllegalStateException,5,62328,5.5,2519,"[5.5,1]"
5,elasticsearch,ES-19026,5.0.0-alpha3,java.lang.IllegalStateException,8,62328,8.5,2322,"[8.5,1]"
7,elasticsearch,ES-19026,5.0.0-alpha3,java.lang.IllegalStateException,3,62328,-1,0,
7,elasticsearch,ES-19026,5.0.0-alpha3,java.lang.IllegalStateException,4,62328,-1,0,
7,elasticsearch,ES-19026,5.0.0-alpha3,java.lang.IllegalStateException,6,62328,-1,0,
5,elasticsearch,ES-19026,5.0.0-alpha3,java.lang.IllegalStateException,9,62328,8.5,2352,"[8.5,1]"
5,elasticsearch,ES-19026,5.0.0-alpha3,java.lang.IllegalStateException,10,62328,8.5,662,"[8.5,1]"
5,elasticsearch,ES-19026,5.0.0-alpha3,java.lang.IllegalStateException,11,62328,11.5,2525,"[11.5,1]"
5,elasticsearch,ES-19026,5.0.0-alpha3,java.lang.IllegalStateException,12,62328,11.933333333333334,11116,"[11.933333333333334,1]"
5,elasticsearch,ES-19026,5.0.0-alpha3,java.lang.IllegalStateException,13,62328,11.933333333333334,10838,"[11.933333333333334,1]"
5,elasticsearch,ES-19026,5.0.0-alpha3,java.lang.IllegalStateException,14,62328,8.5,2534,"[10.833333333333334,1][8.5,2]"
6,elasticsearch,ES-19026,5.0.0-alpha3,java.lang.IllegalStateException,1,62328,1.0,1850,"[1.0,1]"
6,elasticsearch,ES-19026,5.0.0-alpha3,java.lang.IllegalStateException,2,62328,1.0,2205,"[2.75,1][2.6666666666666665,16][1.0,18]"
5,elasticsearch,ES-19026,5.0.0-alpha3,java.lang.IllegalStateException,15,62328,8.5,3324,"[8.5,1]"
6,elasticsearch,ES-19026,5.0.0-alpha3,java.lang.IllegalStateException,7,62328,8.5,2359,"[8.5,1]"
6,elasticsearch,ES-19026,5.0.0-alpha3,java.lang.IllegalStateException,5,62328,5.5,2584,"[5.5,1]"
6,elasticsearch,ES-19026,5.0.0-alpha3,java.lang.IllegalStateException,8,62328,8.5,3701,"[8.5,1]"
6,elasticsearch,ES-19026,5.0.0-alpha3,java.lang.IllegalStateException,9,62328,8.5,1596,"[8.5,1]"
6,elasticsearch,ES-19026,5.0.0-alpha3,java.lang.IllegalStateException,10,62328,8.5,642,"[10.666666666666666,1][8.5,2]"
6,elasticsearch,ES-19026,5.0.0-alpha3,java.lang.IllegalStateException,11,62328,11.5,1713,"[11.5,1]"
6,elasticsearch,ES-19026,5.0.0-alpha3,java.lang.IllegalStateException,12,62328,11.933333333333334,11291,"[12.5,1][11.933333333333334,3]"
8,elasticsearch,ES-19026,5.0.0-alpha3,java.lang.IllegalStateException,3,62328,-1,0,
8,elasticsearch,ES-19026,5.0.0-alpha3,java.lang.IllegalStateException,4,62328,-1,0,
8,elasticsearch,ES-19026,5.0.0-alpha3,java.lang.IllegalStateException,6,62328,-1,0,
7,elasticsearch,ES-19026,5.0.0-alpha3,java.lang.IllegalStateException,15,62328,8.5,160,"[8.5,1]"
6,elasticsearch,ES-19026,5.0.0-alpha3,java.lang.IllegalStateException,13,62328,11.933333333333334,11115,"[11.933333333333334,1]"
6,elasticsearch,ES-19026,5.0.0-alpha3,java.lang.IllegalStateException,14,62328,8.5,2760,"[10.833333333333334,1][8.5,15]"
7,elasticsearch,ES-19026,5.0.0-alpha3,java.lang.IllegalStateException,1,62328,1.0,1541,"[1.0,1]"
6,elasticsearch,ES-19026,5.0.0-alpha3,java.lang.IllegalStateException,15,62328,8.5,3261,"[8.5,1]"
7,elasticsearch,ES-19026,5.0.0-alpha3,java.lang.IllegalStateException,2,62328,1.0,2391,"[2.75,1][1.0,16]"
7,elasticsearch,ES-19026,5.0.0-alpha3,java.lang.IllegalStateException,5,62328,5.5,2895,"[5.5,1]"
7,elasticsearch,ES-19026,5.0.0-alpha3,java.lang.IllegalStateException,7,62328,8.5,2251,"[8.5,1]"
7,elasticsearch,ES-19026,5.0.0-alpha3,java.lang.IllegalStateException,8,62328,8.5,2970,"[8.5,1]"
7,elasticsearch,ES-19026,5.0.0-alpha3,java.lang.IllegalStateException,9,62328,8.5,2662,"[9.5,1][8.5,2]"
7,elasticsearch,ES-19026,5.0.0-alpha3,java.lang.IllegalStateException,10,62328,8.5,528,"[8.5,1]"
9,elasticsearch,ES-19026,5.0.0-alpha3,java.lang.IllegalStateException,3,62328,-1,0,
1,elasticsearch,ES-20479,2.4.0,java.lang.IllegalArgumentException,1,62328,0.0,35,"[1.8333333333333335,1][1.8181818181818183,3][1.7777777777777777,19][1.75,21][1.6666666666666665,30][1.6,33][0.0,35]"
7,elasticsearch,ES-19026,5.0.0-alpha3,java.lang.IllegalStateException,11,62328,11.5,1528,"[11.5,1]"
7,elasticsearch,ES-19026,5.0.0-alpha3,java.lang.IllegalStateException,12,62328,11.933333333333334,11053,"[11.933333333333334,1]"
9,elasticsearch,ES-19026,5.0.0-alpha3,java.lang.IllegalStateException,4,62328,-1,0,
7,elasticsearch,ES-19026,5.0.0-alpha3,java.lang.IllegalStateException,13,62328,11.933333333333334,11266,"[13.5,1][13.0,2][11.933333333333334,3]"
7,elasticsearch,ES-19026,5.0.0-alpha3,java.lang.IllegalStateException,14,62328,8.5,2349,"[10.833333333333334,1][8.5,5]"
9,elasticsearch,ES-19026,5.0.0-alpha3,java.lang.IllegalStateException,6,62328,-1,0,
8,elasticsearch,ES-19026,5.0.0-alpha3,java.lang.IllegalStateException,1,62328,1.0,1614,"[1.0,1]"
10,elasticsearch,ES-19026,5.0.0-alpha3,java.lang.IllegalStateException,3,62328,-1,0,
10,elasticsearch,ES-19026,5.0.0-alpha3,java.lang.IllegalStateException,6,62328,-1,0,
8,elasticsearch,ES-19026,5.0.0-alpha3,java.lang.IllegalStateException,2,62328,1.0,2279,"[2.75,1][2.6666666666666665,26][1.0,35]"
8,elasticsearch,ES-19026,5.0.0-alpha3,java.lang.IllegalStateException,5,62328,5.5,2502,"[5.5,1]"
8,elasticsearch,ES-19026,5.0.0-alpha3,java.lang.IllegalStateException,7,62328,8.5,2851,"[8.5,1]"
8,elasticsearch,ES-19026,5.0.0-alpha3,java.lang.IllegalStateException,8,62328,8.5,3383,"[8.5,1]"
8,elasticsearch,ES-19026,5.0.0-alpha3,java.lang.IllegalStateException,9,62328,8.5,2155,"[8.5,1]"
10,elasticsearch,ES-19026,5.0.0-alpha3,java.lang.IllegalStateException,4,62328,-1,0,
8,elasticsearch,ES-19026,5.0.0-alpha3,java.lang.IllegalStateException,10,62328,8.5,436,"[8.5,1]"
8,elasticsearch,ES-19026,5.0.0-alpha3,java.lang.IllegalStateException,11,62328,11.5,2619,"[11.5,1]"
8,elasticsearch,ES-19026,5.0.0-alpha3,java.lang.IllegalStateException,12,62328,11.933333333333334,11109,"[12.5,1][11.933333333333334,3]"
8,elasticsearch,ES-19026,5.0.0-alpha3,java.lang.IllegalStateException,13,62328,11.933333333333334,11424,"[11.933333333333334,1]"
8,elasticsearch,ES-19026,5.0.0-alpha3,java.lang.IllegalStateException,14,62328,8.5,2744,"[10.833333333333334,1][8.5,10]"
8,elasticsearch,ES-19026,5.0.0-alpha3,java.lang.IllegalStateException,15,62328,8.5,3471,"[8.5,1]"
9,elasticsearch,ES-19026,5.0.0-alpha3,java.lang.IllegalStateException,1,62328,1.0,1833,"[1.0,1]"
9,elasticsearch,ES-19026,5.0.0-alpha3,java.lang.IllegalStateException,2,62328,1.0,2603,"[2.75,1][2.6666666666666665,12][1.0,13]"
1,elasticsearch,ES-20479,2.4.0,java.lang.IllegalArgumentException,6,62328,-1,0,
1,elasticsearch,ES-20479,2.4.0,java.lang.IllegalArgumentException,9,62328,-1,0,
1,elasticsearch,ES-20479,2.4.0,java.lang.IllegalArgumentException,10,62328,-1,0,
9,elasticsearch,ES-19026,5.0.0-alpha3,java.lang.IllegalStateException,5,62328,5.5,2946,"[5.5,1]"
1,elasticsearch,ES-20479,2.4.0,java.lang.IllegalArgumentException,11,62328,-1,0,
9,elasticsearch,ES-19026,5.0.0-alpha3,java.lang.IllegalStateException,7,62328,8.5,3281,"[8.5,1]"
1,elasticsearch,ES-20479,2.4.0,java.lang.IllegalArgumentException,12,62328,-1,0,
9,elasticsearch,ES-19026,5.0.0-alpha3,java.lang.IllegalStateException,8,62328,8.5,3389,"[8.5,1]"
9,elasticsearch,ES-19026,5.0.0-alpha3,java.lang.IllegalStateException,9,62328,8.5,2178,"[9.5,1][8.5,2]"
1,elasticsearch,ES-20479,2.4.0,java.lang.IllegalArgumentException,13,62328,-1,0,
9,elasticsearch,ES-19026,5.0.0-alpha3,java.lang.IllegalStateException,10,62328,8.5,1469,"[8.5,1]"
9,elasticsearch,ES-19026,5.0.0-alpha3,java.lang.IllegalStateException,11,62328,11.5,1859,"[11.5,1]"
9,elasticsearch,ES-19026,5.0.0-alpha3,java.lang.IllegalStateException,12,62328,11.933333333333334,12294,"[11.933333333333334,1]"
10,elasticsearch,ES-19026,5.0.0-alpha3,java.lang.IllegalStateException,1,62328,1.0,2091,"[1.0,1]"
9,elasticsearch,ES-19026,5.0.0-alpha3,java.lang.IllegalStateException,13,62328,11.933333333333334,12905,"[11.933333333333334,1]"
9,elasticsearch,ES-19026,5.0.0-alpha3,java.lang.IllegalStateException,14,62328,8.5,2539,"[13.5,1][12.666666666666666,2][8.5,4]"
9,elasticsearch,ES-19026,5.0.0-alpha3,java.lang.IllegalStateException,15,62328,8.5,3930,"[8.5,1]"
10,elasticsearch,ES-19026,5.0.0-alpha3,java.lang.IllegalStateException,2,62328,1.0,3122,"[2.75,1][1.0,59]"
1,elasticsearch,ES-20479,2.4.0,java.lang.IllegalArgumentException,17,62328,-1,0,
1,elasticsearch,ES-20479,2.4.0,java.lang.IllegalArgumentException,40,62328,-1,0,
10,elasticsearch,ES-19026,5.0.0-alpha3,java.lang.IllegalStateException,5,62328,5.5,3187,"[5.5,1]"
10,elasticsearch,ES-19026,5.0.0-alpha3,java.lang.IllegalStateException,7,62328,8.5,3858,"[8.5,1]"
1,elasticsearch,ES-20479,2.4.0,java.lang.IllegalArgumentException,18,62328,-1,0,
1,elasticsearch,ES-20479,2.4.0,java.lang.IllegalArgumentException,19,62328,-1,0,
10,elasticsearch,ES-19026,5.0.0-alpha3,java.lang.IllegalStateException,8,62328,8.5,4376,"[8.5,1]"
1,elasticsearch,ES-20479,2.4.0,java.lang.IllegalArgumentException,20,62328,-1,0,
10,elasticsearch,ES-19026,5.0.0-alpha3,java.lang.IllegalStateException,9,62328,8.5,2282,"[8.5,1]"
1,elasticsearch,ES-20479,2.4.0,java.lang.IllegalArgumentException,21,62328,-1,0,
10,elasticsearch,ES-19026,5.0.0-alpha3,java.lang.IllegalStateException,10,62328,8.5,879,"[10.666666666666666,1][8.5,3]"
1,elasticsearch,ES-20479,2.4.0,java.lang.IllegalArgumentException,22,62328,-1,0,
1,elasticsearch,ES-20479,2.4.0,java.lang.IllegalArgumentException,23,62328,-1,0,
10,elasticsearch,ES-19026,5.0.0-alpha3,java.lang.IllegalStateException,12,62328,11.933333333333334,11580,"[11.933333333333334,1]"
10,elasticsearch,ES-19026,5.0.0-alpha3,java.lang.IllegalStateException,11,62328,11.5,1129,"[11.5,1]"
10,elasticsearch,ES-19026,5.0.0-alpha3,java.lang.IllegalStateException,13,62328,11.933333333333334,11708,"[11.933333333333334,1]"
1,elasticsearch,ES-20479,2.4.0,java.lang.IllegalArgumentException,24,62328,-1,0,
1,elasticsearch,ES-20479,2.4.0,java.lang.IllegalArgumentException,25,62328,-1,0,
10,elasticsearch,ES-19026,5.0.0-alpha3,java.lang.IllegalStateException,14,62328,8.5,2232,"[10.833333333333334,1][8.5,2]"
2,elasticsearch,ES-20479,2.4.0,java.lang.IllegalArgumentException,1,62328,0.0,43,"[1.8333333333333335,1][1.8181818181818183,8][1.7777777777777777,21][1.75,26][1.6,30][0.0,43]"
1,elasticsearch,ES-20479,2.4.0,java.lang.IllegalArgumentException,26,62328,-1,0,
1,elasticsearch,ES-20479,2.4.0,java.lang.IllegalArgumentException,27,62328,-1,0,
10,elasticsearch,ES-19026,5.0.0-alpha3,java.lang.IllegalStateException,15,62328,8.5,4793,"[8.5,1]"
1,elasticsearch,ES-20479,2.4.0,java.lang.IllegalArgumentException,2,62328,2.333333333333333,150,"[2.975,1][2.8181818181818183,4][2.333333333333333,10]"
1,elasticsearch,ES-20479,2.4.0,java.lang.IllegalArgumentException,28,62328,-1,0,
1,elasticsearch,ES-20479,2.4.0,java.lang.IllegalArgumentException,3,62328,3.5,54,"[3.5,1]"
1,elasticsearch,ES-20479,2.4.0,java.lang.IllegalArgumentException,29,62328,-1,0,
1,elasticsearch,ES-20479,2.4.0,java.lang.IllegalArgumentException,30,62328,-1,0,
1,elasticsearch,ES-20479,2.4.0,java.lang.IllegalArgumentException,8,62328,8.5,1223,"[8.5,1]"
1,elasticsearch,ES-20479,2.4.0,java.lang.IllegalArgumentException,7,62328,7.666666666666666,93,"[7.666666666666666,1]"
1,elasticsearch,ES-20479,2.4.0,java.lang.IllegalArgumentException,31,62328,-1,0,
1,elasticsearch,ES-20479,2.4.0,java.lang.IllegalArgumentException,32,62328,-1,0,
3,elasticsearch,ES-20479,2.4.0,java.lang.IllegalArgumentException,1,62328,0.0,21,"[1.8333333333333335,1][1.8181818181818183,4][1.7777777777777777,10][1.75,11][1.6666666666666665,15][1.6,19][0.0,21]"
1,elasticsearch,ES-20479,2.4.0,java.lang.IllegalArgumentException,33,62328,-1,0,
1,elasticsearch,ES-20479,2.4.0,java.lang.IllegalArgumentException,34,62328,-1,0,
1,elasticsearch,ES-20479,2.4.0,java.lang.IllegalArgumentException,14,62328,13.666666666666666,5029,"[14.666666666666666,1][13.666666666666666,2]"
1,elasticsearch,ES-20479,2.4.0,java.lang.IllegalArgumentException,35,62328,-1,0,
1,elasticsearch,ES-20479,2.4.0,java.lang.IllegalArgumentException,36,62328,-1,0,
1,elasticsearch,ES-20479,2.4.0,java.lang.IllegalArgumentException,37,62328,-1,0,
1,elasticsearch,ES-20479,2.4.0,java.lang.IllegalArgumentException,15,62328,13.666666666666666,3682,"[14.666666666666666,1][13.666666666666666,10]"
1,elasticsearch,ES-20479,2.4.0,java.lang.IllegalArgumentException,38,62328,-1,0,
1,elasticsearch,ES-20479,2.4.0,java.lang.IllegalArgumentException,39,62328,-1,0,
1,elasticsearch,ES-20479,2.4.0,java.lang.IllegalArgumentException,16,62328,16.75,96,"[16.75,1]"
2,elasticsearch,ES-20479,2.4.0,java.lang.IllegalArgumentException,16,62328,16.75,102,"[16.75,1]"
2,elasticsearch,ES-20479,2.4.0,java.lang.IllegalArgumentException,6,62328,-1,0,
2,elasticsearch,ES-20479,2.4.0,java.lang.IllegalArgumentException,9,62328,-1,0,
2,elasticsearch,ES-20479,2.4.0,java.lang.IllegalArgumentException,10,62328,-1,0,
2,elasticsearch,ES-20479,2.4.0,java.lang.IllegalArgumentException,11,62328,-1,0,
2,elasticsearch,ES-20479,2.4.0,java.lang.IllegalArgumentException,12,62328,-1,0,
2,elasticsearch,ES-20479,2.4.0,java.lang.IllegalArgumentException,17,62328,-1,0,
2,elasticsearch,ES-20479,2.4.0,java.lang.IllegalArgumentException,18,62328,-1,0,
2,elasticsearch,ES-20479,2.4.0,java.lang.IllegalArgumentException,19,62328,-1,0,
2,elasticsearch,ES-20479,2.4.0,java.lang.IllegalArgumentException,20,62328,-1,0,
2,elasticsearch,ES-20479,2.4.0,java.lang.IllegalArgumentException,21,62328,-1,0,
2,elasticsearch,ES-20479,2.4.0,java.lang.IllegalArgumentException,22,62328,-1,0,
2,elasticsearch,ES-20479,2.4.0,java.lang.IllegalArgumentException,23,62328,-1,0,
2,elasticsearch,ES-20479,2.4.0,java.lang.IllegalArgumentException,24,62328,-1,0,
2,elasticsearch,ES-20479,2.4.0,java.lang.IllegalArgumentException,13,62328,-1,0,
2,elasticsearch,ES-20479,2.4.0,java.lang.IllegalArgumentException,25,62328,-1,0,
2,elasticsearch,ES-20479,2.4.0,java.lang.IllegalArgumentException,26,62328,-1,0,
2,elasticsearch,ES-20479,2.4.0,java.lang.IllegalArgumentException,27,62328,-1,0,
2,elasticsearch,ES-20479,2.4.0,java.lang.IllegalArgumentException,28,62328,-1,0,
2,elasticsearch,ES-20479,2.4.0,java.lang.IllegalArgumentException,29,62328,-1,0,
2,elasticsearch,ES-20479,2.4.0,java.lang.IllegalArgumentException,30,62328,-1,0,
2,elasticsearch,ES-20479,2.4.0,java.lang.IllegalArgumentException,31,62328,-1,0,
2,elasticsearch,ES-20479,2.4.0,java.lang.IllegalArgumentException,32,62328,-1,0,
2,elasticsearch,ES-20479,2.4.0,java.lang.IllegalArgumentException,33,62328,-1,0,
2,elasticsearch,ES-20479,2.4.0,java.lang.IllegalArgumentException,34,62328,-1,0,
2,elasticsearch,ES-20479,2.4.0,java.lang.IllegalArgumentException,35,62328,-1,0,
2,elasticsearch,ES-20479,2.4.0,java.lang.IllegalArgumentException,36,62328,-1,0,
2,elasticsearch,ES-20479,2.4.0,java.lang.IllegalArgumentException,37,62328,-1,0,
2,elasticsearch,ES-20479,2.4.0,java.lang.IllegalArgumentException,38,62328,-1,0,
2,elasticsearch,ES-20479,2.4.0,java.lang.IllegalArgumentException,39,62328,-1,0,
2,elasticsearch,ES-20479,2.4.0,java.lang.IllegalArgumentException,40,62328,-1,0,
3,elasticsearch,ES-20479,2.4.0,java.lang.IllegalArgumentException,6,62328,-1,0,
2,elasticsearch,ES-20479,2.4.0,java.lang.IllegalArgumentException,2,62328,2.333333333333333,430,"[2.975,1][2.8181818181818183,3][2.333333333333333,6]"
2,elasticsearch,ES-20479,2.4.0,java.lang.IllegalArgumentException,3,62328,3.5,220,"[3.5,1]"
3,elasticsearch,ES-20479,2.4.0,java.lang.IllegalArgumentException,9,62328,-1,0,
3,elasticsearch,ES-20479,2.4.0,java.lang.IllegalArgumentException,10,62328,-1,0,
3,elasticsearch,ES-20479,2.4.0,java.lang.IllegalArgumentException,11,62328,-1,0,
2,elasticsearch,ES-20479,2.4.0,java.lang.IllegalArgumentException,8,62328,8.5,2182,"[8.5,1]"
3,elasticsearch,ES-20479,2.4.0,java.lang.IllegalArgumentException,12,62328,-1,0,
2,elasticsearch,ES-20479,2.4.0,java.lang.IllegalArgumentException,7,62328,7.666666666666666,163,"[7.666666666666666,1]"
3,elasticsearch,ES-20479,2.4.0,java.lang.IllegalArgumentException,13,62328,-1,0,
2,elasticsearch,ES-20479,2.4.0,java.lang.IllegalArgumentException,14,62328,13.666666666666666,2834,"[14.666666666666666,1][13.666666666666666,2]"
2,elasticsearch,ES-20479,2.4.0,java.lang.IllegalArgumentException,15,62328,13.666666666666666,5494,"[14.666666666666666,1][13.666666666666666,9]"
3,elasticsearch,ES-20479,2.4.0,java.lang.IllegalArgumentException,17,62328,-1,0,
3,elasticsearch,ES-20479,2.4.0,java.lang.IllegalArgumentException,18,62328,-1,0,
3,elasticsearch,ES-20479,2.4.0,java.lang.IllegalArgumentException,19,62328,-1,0,
3,elasticsearch,ES-20479,2.4.0,java.lang.IllegalArgumentException,20,62328,-1,0,
3,elasticsearch,ES-20479,2.4.0,java.lang.IllegalArgumentException,21,62328,-1,0,
3,elasticsearch,ES-20479,2.4.0,java.lang.IllegalArgumentException,22,62328,-1,0,
3,elasticsearch,ES-20479,2.4.0,java.lang.IllegalArgumentException,23,62328,-1,0,
3,elasticsearch,ES-20479,2.4.0,java.lang.IllegalArgumentException,24,62328,-1,0,
3,elasticsearch,ES-20479,2.4.0,java.lang.IllegalArgumentException,25,62328,-1,0,
3,elasticsearch,ES-20479,2.4.0,java.lang.IllegalArgumentException,26,62328,-1,0,
3,elasticsearch,ES-20479,2.4.0,java.lang.IllegalArgumentException,27,62328,-1,0,
3,elasticsearch,ES-20479,2.4.0,java.lang.IllegalArgumentException,28,62328,-1,0,
3,elasticsearch,ES-20479,2.4.0,java.lang.IllegalArgumentException,29,62328,-1,0,
3,elasticsearch,ES-20479,2.4.0,java.lang.IllegalArgumentException,30,62328,-1,0,
3,elasticsearch,ES-20479,2.4.0,java.lang.IllegalArgumentException,31,62328,-1,0,
3,elasticsearch,ES-20479,2.4.0,java.lang.IllegalArgumentException,32,62328,-1,0,
3,elasticsearch,ES-20479,2.4.0,java.lang.IllegalArgumentException,33,62328,-1,0,
3,elasticsearch,ES-20479,2.4.0,java.lang.IllegalArgumentException,34,62328,-1,0,
3,elasticsearch,ES-20479,2.4.0,java.lang.IllegalArgumentException,35,62328,-1,0,
3,elasticsearch,ES-20479,2.4.0,java.lang.IllegalArgumentException,36,62328,-1,0,
3,elasticsearch,ES-20479,2.4.0,java.lang.IllegalArgumentException,37,62328,-1,0,
3,elasticsearch,ES-20479,2.4.0,java.lang.IllegalArgumentException,38,62328,-1,0,
3,elasticsearch,ES-20479,2.4.0,java.lang.IllegalArgumentException,39,62328,-1,0,
3,elasticsearch,ES-20479,2.4.0,java.lang.IllegalArgumentException,40,62328,-1,0,
5,elasticsearch,ES-20479,2.4.0,java.lang.IllegalArgumentException,1,62328,0.0,20,"[1.8333333333333335,1][1.8181818181818183,4][1.7777777777777777,6][1.75,12][1.6666666666666665,13][1.6,14][0.0,20]"
4,elasticsearch,ES-20479,2.4.0,java.lang.IllegalArgumentException,6,62328,-1,0,
3,elasticsearch,ES-20479,2.4.0,java.lang.IllegalArgumentException,2,62328,2.333333333333333,322,"[2.333333333333333,1]"
3,elasticsearch,ES-20479,2.4.0,java.lang.IllegalArgumentException,3,62328,3.5,212,"[3.5,1]"
3,elasticsearch,ES-20479,2.4.0,java.lang.IllegalArgumentException,8,62328,8.5,1788,"[8.5,1]"
3,elasticsearch,ES-20479,2.4.0,java.lang.IllegalArgumentException,7,62328,7.666666666666666,95,"[7.666666666666666,1]"
4,elasticsearch,ES-20479,2.4.0,java.lang.IllegalArgumentException,9,62328,-1,0,
3,elasticsearch,ES-20479,2.4.0,java.lang.IllegalArgumentException,14,62328,13.666666666666666,5245,"[14.666666666666666,1][13.666666666666666,2]"
3,elasticsearch,ES-20479,2.4.0,java.lang.IllegalArgumentException,15,62328,13.666666666666666,4503,"[14.666666666666666,1][13.666666666666666,2]"
4,elasticsearch,ES-20479,2.4.0,java.lang.IllegalArgumentException,19,62328,-1,0,
4,elasticsearch,ES-20479,2.4.0,java.lang.IllegalArgumentException,10,62328,-1,0,
4,elasticsearch,ES-20479,2.4.0,java.lang.IllegalArgumentException,11,62328,-1,0,
3,elasticsearch,ES-20479,2.4.0,java.lang.IllegalArgumentException,16,62328,13.833333333333334,143,"[16.75,1][15.833333333333334,4][14.833333333333334,38][13.833333333333334,120]"
4,elasticsearch,ES-20479,2.4.0,java.lang.IllegalArgumentException,12,62328,-1,0,
4,elasticsearch,ES-20479,2.4.0,java.lang.IllegalArgumentException,13,62328,-1,0,
4,elasticsearch,ES-20479,2.4.0,java.lang.IllegalArgumentException,17,62328,-1,0,
4,elasticsearch,ES-20479,2.4.0,java.lang.IllegalArgumentException,18,62328,-1,0,
4,elasticsearch,ES-20479,2.4.0,java.lang.IllegalArgumentException,20,62328,-1,0,
4,elasticsearch,ES-20479,2.4.0,java.lang.IllegalArgumentException,21,62328,-1,0,
4,elasticsearch,ES-20479,2.4.0,java.lang.IllegalArgumentException,22,62328,-1,0,
4,elasticsearch,ES-20479,2.4.0,java.lang.IllegalArgumentException,23,62328,-1,0,
4,elasticsearch,ES-20479,2.4.0,java.lang.IllegalArgumentException,24,62328,-1,0,
4,elasticsearch,ES-20479,2.4.0,java.lang.IllegalArgumentException,25,62328,-1,0,
4,elasticsearch,ES-20479,2.4.0,java.lang.IllegalArgumentException,26,62328,-1,0,
4,elasticsearch,ES-20479,2.4.0,java.lang.IllegalArgumentException,27,62328,-1,0,
4,elasticsearch,ES-20479,2.4.0,java.lang.IllegalArgumentException,28,62328,-1,0,
4,elasticsearch,ES-20479,2.4.0,java.lang.IllegalArgumentException,29,62328,-1,0,
4,elasticsearch,ES-20479,2.4.0,java.lang.IllegalArgumentException,1,62328,1.6666666666666665,1419,"[1.8181818181818183,1][1.7777777777777777,4][1.75,6][1.6666666666666665,7]"
4,elasticsearch,ES-20479,2.4.0,java.lang.IllegalArgumentException,2,62328,2.333333333333333,333,"[2.975,1][2.333333333333333,14]"
4,elasticsearch,ES-20479,2.4.0,java.lang.IllegalArgumentException,30,62328,-1,0,
4,elasticsearch,ES-20479,2.4.0,java.lang.IllegalArgumentException,31,62328,-1,0,
4,elasticsearch,ES-20479,2.4.0,java.lang.IllegalArgumentException,32,62328,-1,0,
4,elasticsearch,ES-20479,2.4.0,java.lang.IllegalArgumentException,33,62328,-1,0,
4,elasticsearch,ES-20479,2.4.0,java.lang.IllegalArgumentException,34,62328,-1,0,
4,elasticsearch,ES-20479,2.4.0,java.lang.IllegalArgumentException,35,62328,-1,0,
4,elasticsearch,ES-20479,2.4.0,java.lang.IllegalArgumentException,36,62328,-1,0,
4,elasticsearch,ES-20479,2.4.0,java.lang.IllegalArgumentException,3,62328,3.5,108,"[3.5,1]"
4,elasticsearch,ES-20479,2.4.0,java.lang.IllegalArgumentException,37,62328,-1,0,
4,elasticsearch,ES-20479,2.4.0,java.lang.IllegalArgumentException,8,62328,8.5,1555,"[8.5,1]"
4,elasticsearch,ES-20479,2.4.0,java.lang.IllegalArgumentException,7,62328,6.666666666666666,150,"[7.666666666666666,1][6.666666666666666,91]"
4,elasticsearch,ES-20479,2.4.0,java.lang.IllegalArgumentException,38,62328,-1,0,
4,elasticsearch,ES-20479,2.4.0,java.lang.IllegalArgumentException,39,62328,-1,0,
4,elasticsearch,ES-20479,2.4.0,java.lang.IllegalArgumentException,40,62328,-1,0,
5,elasticsearch,ES-20479,2.4.0,java.lang.IllegalArgumentException,6,62328,-1,0,
5,elasticsearch,ES-20479,2.4.0,java.lang.IllegalArgumentException,9,62328,-1,0,
5,elasticsearch,ES-20479,2.4.0,java.lang.IllegalArgumentException,10,62328,-1,0,
6,elasticsearch,ES-20479,2.4.0,java.lang.IllegalArgumentException,1,62328,0.0,109,"[1.8333333333333335,1][1.8181818181818183,6][1.7777777777777777,65][1.75,69][1.6666666666666665,73][1.6,82][0.0,109]"
5,elasticsearch,ES-20479,2.4.0,java.lang.IllegalArgumentException,11,62328,-1,0,
5,elasticsearch,ES-20479,2.4.0,java.lang.IllegalArgumentException,12,62328,-1,0,
4,elasticsearch,ES-20479,2.4.0,java.lang.IllegalArgumentException,14,62328,13.666666666666666,3802,"[14.666666666666666,1][13.666666666666666,3]"
4,elasticsearch,ES-20479,2.4.0,java.lang.IllegalArgumentException,15,62328,13.666666666666666,4753,"[13.666666666666666,1]"
5,elasticsearch,ES-20479,2.4.0,java.lang.IllegalArgumentException,13,62328,-1,0,
4,elasticsearch,ES-20479,2.4.0,java.lang.IllegalArgumentException,16,62328,16.75,148,"[16.75,1]"
5,elasticsearch,ES-20479,2.4.0,java.lang.IllegalArgumentException,17,62328,-1,0,
5,elasticsearch,ES-20479,2.4.0,java.lang.IllegalArgumentException,18,62328,-1,0,
5,elasticsearch,ES-20479,2.4.0,java.lang.IllegalArgumentException,19,62328,-1,0,
5,elasticsearch,ES-20479,2.4.0,java.lang.IllegalArgumentException,20,62328,-1,0,
5,elasticsearch,ES-20479,2.4.0,java.lang.IllegalArgumentException,21,62328,-1,0,
5,elasticsearch,ES-20479,2.4.0,java.lang.IllegalArgumentException,22,62328,-1,0,
5,elasticsearch,ES-20479,2.4.0,java.lang.IllegalArgumentException,23,62328,-1,0,
5,elasticsearch,ES-20479,2.4.0,java.lang.IllegalArgumentException,24,62328,-1,0,
5,elasticsearch,ES-20479,2.4.0,java.lang.IllegalArgumentException,25,62328,-1,0,
5,elasticsearch,ES-20479,2.4.0,java.lang.IllegalArgumentException,26,62328,-1,0,
5,elasticsearch,ES-20479,2.4.0,java.lang.IllegalArgumentException,27,62328,-1,0,
5,elasticsearch,ES-20479,2.4.0,java.lang.IllegalArgumentException,28,62328,-1,0,
5,elasticsearch,ES-20479,2.4.0,java.lang.IllegalArgumentException,29,62328,-1,0,
5,elasticsearch,ES-20479,2.4.0,java.lang.IllegalArgumentException,30,62328,-1,0,
5,elasticsearch,ES-20479,2.4.0,java.lang.IllegalArgumentException,31,62328,-1,0,
5,elasticsearch,ES-20479,2.4.0,java.lang.IllegalArgumentException,2,62328,2.333333333333333,424,"[2.975,1][2.333333333333333,4]"
5,elasticsearch,ES-20479,2.4.0,java.lang.IllegalArgumentException,3,62328,3.5,326,"[3.5,1]"
5,elasticsearch,ES-20479,2.4.0,java.lang.IllegalArgumentException,32,62328,-1,0,
5,elasticsearch,ES-20479,2.4.0,java.lang.IllegalArgumentException,33,62328,-1,0,
5,elasticsearch,ES-20479,2.4.0,java.lang.IllegalArgumentException,34,62328,-1,0,
5,elasticsearch,ES-20479,2.4.0,java.lang.IllegalArgumentException,35,62328,-1,0,
5,elasticsearch,ES-20479,2.4.0,java.lang.IllegalArgumentException,36,62328,-1,0,
5,elasticsearch,ES-20479,2.4.0,java.lang.IllegalArgumentException,37,62328,-1,0,
5,elasticsearch,ES-20479,2.4.0,java.lang.IllegalArgumentException,38,62328,-1,0,
5,elasticsearch,ES-20479,2.4.0,java.lang.IllegalArgumentException,39,62328,-1,0,
5,elasticsearch,ES-20479,2.4.0,java.lang.IllegalArgumentException,40,62328,-1,0,
6,elasticsearch,ES-20479,2.4.0,java.lang.IllegalArgumentException,6,62328,-1,0,
5,elasticsearch,ES-20479,2.4.0,java.lang.IllegalArgumentException,7,62328,7.666666666666666,145,"[7.666666666666666,1]"
5,elasticsearch,ES-20479,2.4.0,java.lang.IllegalArgumentException,8,62328,8.5,2422,"[8.5,1]"
6,elasticsearch,ES-20479,2.4.0,java.lang.IllegalArgumentException,9,62328,-1,0,
6,elasticsearch,ES-20479,2.4.0,java.lang.IllegalArgumentException,10,62328,-1,0,
6,elasticsearch,ES-20479,2.4.0,java.lang.IllegalArgumentException,11,62328,-1,0,
6,elasticsearch,ES-20479,2.4.0,java.lang.IllegalArgumentException,12,62328,-1,0,
6,elasticsearch,ES-20479,2.4.0,java.lang.IllegalArgumentException,13,62328,-1,0,
5,elasticsearch,ES-20479,2.4.0,java.lang.IllegalArgumentException,14,62328,13.666666666666666,4035,"[14.666666666666666,1][13.666666666666666,7]"
5,elasticsearch,ES-20479,2.4.0,java.lang.IllegalArgumentException,15,62328,13.666666666666666,6345,"[14.666666666666666,1][13.666666666666666,6]"
5,elasticsearch,ES-20479,2.4.0,java.lang.IllegalArgumentException,16,62328,16.75,142,"[16.75,1]"
6,elasticsearch,ES-20479,2.4.0,java.lang.IllegalArgumentException,17,62328,-1,0,
6,elasticsearch,ES-20479,2.4.0,java.lang.IllegalArgumentException,24,62328,-1,0,
6,elasticsearch,ES-20479,2.4.0,java.lang.IllegalArgumentException,18,62328,-1,0,
6,elasticsearch,ES-20479,2.4.0,java.lang.IllegalArgumentException,19,62328,-1,0,
6,elasticsearch,ES-20479,2.4.0,java.lang.IllegalArgumentException,20,62328,-1,0,
6,elasticsearch,ES-20479,2.4.0,java.lang.IllegalArgumentException,21,62328,-1,0,
6,elasticsearch,ES-20479,2.4.0,java.lang.IllegalArgumentException,22,62328,-1,0,
6,elasticsearch,ES-20479,2.4.0,java.lang.IllegalArgumentException,23,62328,-1,0,
6,elasticsearch,ES-20479,2.4.0,java.lang.IllegalArgumentException,25,62328,-1,0,
6,elasticsearch,ES-20479,2.4.0,java.lang.IllegalArgumentException,26,62328,-1,0,
6,elasticsearch,ES-20479,2.4.0,java.lang.IllegalArgumentException,27,62328,-1,0,
6,elasticsearch,ES-20479,2.4.0,java.lang.IllegalArgumentException,28,62328,-1,0,
7,elasticsearch,ES-20479,2.4.0,java.lang.IllegalArgumentException,1,62328,0.0,88,"[1.8333333333333335,1][1.8181818181818183,2][1.7777777777777777,5][1.75,33][1.6666666666666665,44][1.6,47][0.0,88]"
6,elasticsearch,ES-20479,2.4.0,java.lang.IllegalArgumentException,29,62328,-1,0,
6,elasticsearch,ES-20479,2.4.0,java.lang.IllegalArgumentException,30,62328,-1,0,
6,elasticsearch,ES-20479,2.4.0,java.lang.IllegalArgumentException,2,62328,2.333333333333333,635,"[2.975,1][2.8181818181818183,2][2.333333333333333,7]"
6,elasticsearch,ES-20479,2.4.0,java.lang.IllegalArgumentException,31,62328,-1,0,
6,elasticsearch,ES-20479,2.4.0,java.lang.IllegalArgumentException,3,62328,3.5,191,"[3.5,1]"
6,elasticsearch,ES-20479,2.4.0,java.lang.IllegalArgumentException,32,62328,-1,0,
6,elasticsearch,ES-20479,2.4.0,java.lang.IllegalArgumentException,8,62328,8.5,1685,"[8.5,1]"
6,elasticsearch,ES-20479,2.4.0,java.lang.IllegalArgumentException,7,62328,7.666666666666666,170,"[7.666666666666666,1]"
6,elasticsearch,ES-20479,2.4.0,java.lang.IllegalArgumentException,33,62328,-1,0,
6,elasticsearch,ES-20479,2.4.0,java.lang.IllegalArgumentException,34,62328,-1,0,
6,elasticsearch,ES-20479,2.4.0,java.lang.IllegalArgumentException,35,62328,-1,0,
6,elasticsearch,ES-20479,2.4.0,java.lang.IllegalArgumentException,36,62328,-1,0,
6,elasticsearch,ES-20479,2.4.0,java.lang.IllegalArgumentException,37,62328,-1,0,
6,elasticsearch,ES-20479,2.4.0,java.lang.IllegalArgumentException,38,62328,-1,0,
6,elasticsearch,ES-20479,2.4.0,java.lang.IllegalArgumentException,39,62328,-1,0,
6,elasticsearch,ES-20479,2.4.0,java.lang.IllegalArgumentException,40,62328,-1,0,
7,elasticsearch,ES-20479,2.4.0,java.lang.IllegalArgumentException,6,62328,-1,0,
7,elasticsearch,ES-20479,2.4.0,java.lang.IllegalArgumentException,9,62328,-1,0,
7,elasticsearch,ES-20479,2.4.0,java.lang.IllegalArgumentException,10,62328,-1,0,
7,elasticsearch,ES-20479,2.4.0,java.lang.IllegalArgumentException,11,62328,-1,0,
7,elasticsearch,ES-20479,2.4.0,java.lang.IllegalArgumentException,12,62328,-1,0,
7,elasticsearch,ES-20479,2.4.0,java.lang.IllegalArgumentException,13,62328,-1,0,
6,elasticsearch,ES-20479,2.4.0,java.lang.IllegalArgumentException,14,62328,13.666666666666666,5444,"[15.666666666666666,1][14.666666666666666,2][13.666666666666666,3]"
6,elasticsearch,ES-20479,2.4.0,java.lang.IllegalArgumentException,15,62328,13.666666666666666,4624,"[14.666666666666666,1][13.666666666666666,6]"
6,elasticsearch,ES-20479,2.4.0,java.lang.IllegalArgumentException,16,62328,16.75,150,"[16.75,1]"
7,elasticsearch,ES-20479,2.4.0,java.lang.IllegalArgumentException,17,62328,-1,0,
7,elasticsearch,ES-20479,2.4.0,java.lang.IllegalArgumentException,18,62328,-1,0,
7,elasticsearch,ES-20479,2.4.0,java.lang.IllegalArgumentException,19,62328,-1,0,
7,elasticsearch,ES-20479,2.4.0,java.lang.IllegalArgumentException,20,62328,-1,0,
7,elasticsearch,ES-20479,2.4.0,java.lang.IllegalArgumentException,21,62328,-1,0,
7,elasticsearch,ES-20479,2.4.0,java.lang.IllegalArgumentException,22,62328,-1,0,
7,elasticsearch,ES-20479,2.4.0,java.lang.IllegalArgumentException,23,62328,-1,0,
7,elasticsearch,ES-20479,2.4.0,java.lang.IllegalArgumentException,24,62328,-1,0,
7,elasticsearch,ES-20479,2.4.0,java.lang.IllegalArgumentException,25,62328,-1,0,
7,elasticsearch,ES-20479,2.4.0,java.lang.IllegalArgumentException,26,62328,-1,0,
7,elasticsearch,ES-20479,2.4.0,java.lang.IllegalArgumentException,27,62328,-1,0,
7,elasticsearch,ES-20479,2.4.0,java.lang.IllegalArgumentException,28,62328,-1,0,
7,elasticsearch,ES-20479,2.4.0,java.lang.IllegalArgumentException,29,62328,-1,0,
7,elasticsearch,ES-20479,2.4.0,java.lang.IllegalArgumentException,30,62328,-1,0,
7,elasticsearch,ES-20479,2.4.0,java.lang.IllegalArgumentException,31,62328,-1,0,
7,elasticsearch,ES-20479,2.4.0,java.lang.IllegalArgumentException,32,62328,-1,0,
7,elasticsearch,ES-20479,2.4.0,java.lang.IllegalArgumentException,33,62328,-1,0,
7,elasticsearch,ES-20479,2.4.0,java.lang.IllegalArgumentException,34,62328,-1,0,
7,elasticsearch,ES-20479,2.4.0,java.lang.IllegalArgumentException,2,62328,2.333333333333333,166,"[2.975,1][2.8181818181818183,3][2.333333333333333,6]"
7,elasticsearch,ES-20479,2.4.0,java.lang.IllegalArgumentException,3,62328,3.5,266,"[3.5,1]"
7,elasticsearch,ES-20479,2.4.0,java.lang.IllegalArgumentException,7,62328,7.666666666666666,136,"[7.666666666666666,1]"
7,elasticsearch,ES-20479,2.4.0,java.lang.IllegalArgumentException,8,62328,8.5,1864,"[8.5,1]"
7,elasticsearch,ES-20479,2.4.0,java.lang.IllegalArgumentException,35,62328,-1,0,
7,elasticsearch,ES-20479,2.4.0,java.lang.IllegalArgumentException,36,62328,-1,0,
7,elasticsearch,ES-20479,2.4.0,java.lang.IllegalArgumentException,37,62328,-1,0,
7,elasticsearch,ES-20479,2.4.0,java.lang.IllegalArgumentException,38,62328,-1,0,
7,elasticsearch,ES-20479,2.4.0,java.lang.IllegalArgumentException,39,62328,-1,0,
7,elasticsearch,ES-20479,2.4.0,java.lang.IllegalArgumentException,40,62328,-1,0,
7,elasticsearch,ES-20479,2.4.0,java.lang.IllegalArgumentException,14,62328,13.666666666666666,3853,"[14.666666666666666,1][13.666666666666666,3]"
7,elasticsearch,ES-20479,2.4.0,java.lang.IllegalArgumentException,15,62328,13.666666666666666,3724,"[14.666666666666666,1][13.666666666666666,8]"
8,elasticsearch,ES-20479,2.4.0,java.lang.IllegalArgumentException,6,62328,-1,0,
8,elasticsearch,ES-20479,2.4.0,java.lang.IllegalArgumentException,9,62328,-1,0,
8,elasticsearch,ES-20479,2.4.0,java.lang.IllegalArgumentException,10,62328,-1,0,
8,elasticsearch,ES-20479,2.4.0,java.lang.IllegalArgumentException,11,62328,-1,0,
7,elasticsearch,ES-20479,2.4.0,java.lang.IllegalArgumentException,16,62328,16.75,147,"[16.75,1]"
8,elasticsearch,ES-20479,2.4.0,java.lang.IllegalArgumentException,12,62328,-1,0,
8,elasticsearch,ES-20479,2.4.0,java.lang.IllegalArgumentException,13,62328,-1,0,
8,elasticsearch,ES-20479,2.4.0,java.lang.IllegalArgumentException,17,62328,-1,0,
8,elasticsearch,ES-20479,2.4.0,java.lang.IllegalArgumentException,18,62328,-1,0,
8,elasticsearch,ES-20479,2.4.0,java.lang.IllegalArgumentException,19,62328,-1,0,
8,elasticsearch,ES-20479,2.4.0,java.lang.IllegalArgumentException,20,62328,-1,0,
8,elasticsearch,ES-20479,2.4.0,java.lang.IllegalArgumentException,21,62328,-1,0,
8,elasticsearch,ES-20479,2.4.0,java.lang.IllegalArgumentException,22,62328,-1,0,
8,elasticsearch,ES-20479,2.4.0,java.lang.IllegalArgumentException,23,62328,-1,0,
8,elasticsearch,ES-20479,2.4.0,java.lang.IllegalArgumentException,24,62328,-1,0,
8,elasticsearch,ES-20479,2.4.0,java.lang.IllegalArgumentException,25,62328,-1,0,
8,elasticsearch,ES-20479,2.4.0,java.lang.IllegalArgumentException,26,62328,-1,0,
8,elasticsearch,ES-20479,2.4.0,java.lang.IllegalArgumentException,27,62328,-1,0,
8,elasticsearch,ES-20479,2.4.0,java.lang.IllegalArgumentException,28,62328,-1,0,
8,elasticsearch,ES-20479,2.4.0,java.lang.IllegalArgumentException,29,62328,-1,0,
8,elasticsearch,ES-20479,2.4.0,java.lang.IllegalArgumentException,30,62328,-1,0,
8,elasticsearch,ES-20479,2.4.0,java.lang.IllegalArgumentException,31,62328,-1,0,
8,elasticsearch,ES-20479,2.4.0,java.lang.IllegalArgumentException,32,62328,-1,0,
8,elasticsearch,ES-20479,2.4.0,java.lang.IllegalArgumentException,33,62328,-1,0,
8,elasticsearch,ES-20479,2.4.0,java.lang.IllegalArgumentException,34,62328,-1,0,
8,elasticsearch,ES-20479,2.4.0,java.lang.IllegalArgumentException,35,62328,-1,0,
8,elasticsearch,ES-20479,2.4.0,java.lang.IllegalArgumentException,36,62328,-1,0,
8,elasticsearch,ES-20479,2.4.0,java.lang.IllegalArgumentException,37,62328,-1,0,
8,elasticsearch,ES-20479,2.4.0,java.lang.IllegalArgumentException,1,62328,1.7777777777777777,1996,"[1.8333333333333335,1][1.8181818181818183,3][1.8,8][1.7777777777777777,13]"
8,elasticsearch,ES-20479,2.4.0,java.lang.IllegalArgumentException,2,62328,2.333333333333333,53,"[2.975,1][2.8181818181818183,2][2.333333333333333,27]"
8,elasticsearch,ES-20479,2.4.0,java.lang.IllegalArgumentException,3,62328,3.5,172,"[3.5,1]"
8,elasticsearch,ES-20479,2.4.0,java.lang.IllegalArgumentException,38,62328,-1,0,
8,elasticsearch,ES-20479,2.4.0,java.lang.IllegalArgumentException,8,62328,8.5,2443,"[8.5,1]"
10,elasticsearch,ES-20479,2.4.0,java.lang.IllegalArgumentException,1,62328,0.0,39,"[1.8181818181818183,1][1.7777777777777777,27][1.75,29][1.6666666666666665,30][1.6,37][0.0,39]"
8,elasticsearch,ES-20479,2.4.0,java.lang.IllegalArgumentException,7,62328,7.666666666666666,139,"[7.666666666666666,1]"
8,elasticsearch,ES-20479,2.4.0,java.lang.IllegalArgumentException,39,62328,-1,0,
8,elasticsearch,ES-20479,2.4.0,java.lang.IllegalArgumentException,40,62328,-1,0,
9,elasticsearch,ES-20479,2.4.0,java.lang.IllegalArgumentException,6,62328,-1,0,
8,elasticsearch,ES-20479,2.4.0,java.lang.IllegalArgumentException,14,62328,13.666666666666666,1868,"[14.666666666666666,1][13.666666666666666,8]"
9,elasticsearch,ES-20479,2.4.0,java.lang.IllegalArgumentException,9,62328,-1,0,
8,elasticsearch,ES-20479,2.4.0,java.lang.IllegalArgumentException,15,62328,13.666666666666666,4463,"[14.666666666666666,1][13.666666666666666,6]"
8,elasticsearch,ES-20479,2.4.0,java.lang.IllegalArgumentException,16,62328,16.75,184,"[16.75,1]"
9,elasticsearch,ES-20479,2.4.0,java.lang.IllegalArgumentException,10,62328,-1,0,
9,elasticsearch,ES-20479,2.4.0,java.lang.IllegalArgumentException,11,62328,-1,0,
9,elasticsearch,ES-20479,2.4.0,java.lang.IllegalArgumentException,12,62328,-1,0,
9,elasticsearch,ES-20479,2.4.0,java.lang.IllegalArgumentException,13,62328,-1,0,
9,elasticsearch,ES-20479,2.4.0,java.lang.IllegalArgumentException,17,62328,-1,0,
9,elasticsearch,ES-20479,2.4.0,java.lang.IllegalArgumentException,18,62328,-1,0,
9,elasticsearch,ES-20479,2.4.0,java.lang.IllegalArgumentException,19,62328,-1,0,
9,elasticsearch,ES-20479,2.4.0,java.lang.IllegalArgumentException,20,62328,-1,0,
9,elasticsearch,ES-20479,2.4.0,java.lang.IllegalArgumentException,21,62328,-1,0,
9,elasticsearch,ES-20479,2.4.0,java.lang.IllegalArgumentException,22,62328,-1,0,
9,elasticsearch,ES-20479,2.4.0,java.lang.IllegalArgumentException,23,62328,-1,0,
9,elasticsearch,ES-20479,2.4.0,java.lang.IllegalArgumentException,24,62328,-1,0,
9,elasticsearch,ES-20479,2.4.0,java.lang.IllegalArgumentException,25,62328,-1,0,
9,elasticsearch,ES-20479,2.4.0,java.lang.IllegalArgumentException,26,62328,-1,0,
9,elasticsearch,ES-20479,2.4.0,java.lang.IllegalArgumentException,27,62328,-1,0,
9,elasticsearch,ES-20479,2.4.0,java.lang.IllegalArgumentException,28,62328,-1,0,
9,elasticsearch,ES-20479,2.4.0,java.lang.IllegalArgumentException,29,62328,-1,0,
9,elasticsearch,ES-20479,2.4.0,java.lang.IllegalArgumentException,30,62328,-1,0,
9,elasticsearch,ES-20479,2.4.0,java.lang.IllegalArgumentException,31,62328,-1,0,
9,elasticsearch,ES-20479,2.4.0,java.lang.IllegalArgumentException,32,62328,-1,0,
9,elasticsearch,ES-20479,2.4.0,java.lang.IllegalArgumentException,33,62328,-1,0,
9,elasticsearch,ES-20479,2.4.0,java.lang.IllegalArgumentException,34,62328,-1,0,
9,elasticsearch,ES-20479,2.4.0,java.lang.IllegalArgumentException,35,62328,-1,0,
9,elasticsearch,ES-20479,2.4.0,java.lang.IllegalArgumentException,36,62328,-1,0,
9,elasticsearch,ES-20479,2.4.0,java.lang.IllegalArgumentException,1,62328,1.7777777777777777,2216,"[1.8333333333333335,1][1.8181818181818183,17][1.7777777777777777,25]"
9,elasticsearch,ES-20479,2.4.0,java.lang.IllegalArgumentException,37,62328,-1,0,
9,elasticsearch,ES-20479,2.4.0,java.lang.IllegalArgumentException,2,62328,2.333333333333333,196,"[2.975,1][2.8181818181818183,3][2.333333333333333,25]"
9,elasticsearch,ES-20479,2.4.0,java.lang.IllegalArgumentException,3,62328,3.5,224,"[3.5,1]"
9,elasticsearch,ES-20479,2.4.0,java.lang.IllegalArgumentException,8,62328,8.5,2282,"[8.5,1]"
9,elasticsearch,ES-20479,2.4.0,java.lang.IllegalArgumentException,38,62328,-1,0,
9,elasticsearch,ES-20479,2.4.0,java.lang.IllegalArgumentException,7,62328,6.666666666666666,138,"[7.666666666666666,1][6.666666666666666,35]"
9,elasticsearch,ES-20479,2.4.0,java.lang.IllegalArgumentException,39,62328,-1,0,
9,elasticsearch,ES-20479,2.4.0,java.lang.IllegalArgumentException,40,62328,-1,0,
10,elasticsearch,ES-20479,2.4.0,java.lang.IllegalArgumentException,14,62328,13.666666666666666,1804,"[14.666666666666666,1][13.666666666666666,13]"
10,elasticsearch,ES-20479,2.4.0,java.lang.IllegalArgumentException,6,62328,-1,0,
9,elasticsearch,ES-20479,2.4.0,java.lang.IllegalArgumentException,14,62328,13.666666666666666,5656,"[14.666666666666666,1][13.666666666666666,10]"
9,elasticsearch,ES-20479,2.4.0,java.lang.IllegalArgumentException,15,62328,13.666666666666666,5229,"[14.666666666666666,1][13.666666666666666,10]"
10,elasticsearch,ES-20479,2.4.0,java.lang.IllegalArgumentException,9,62328,-1,0,
9,elasticsearch,ES-20479,2.4.0,java.lang.IllegalArgumentException,16,62328,16.75,238,"[16.75,1]"
10,elasticsearch,ES-20479,2.4.0,java.lang.IllegalArgumentException,10,62328,-1,0,
10,elasticsearch,ES-20479,2.4.0,java.lang.IllegalArgumentException,11,62328,-1,0,
10,elasticsearch,ES-20479,2.4.0,java.lang.IllegalArgumentException,12,62328,-1,0,
10,elasticsearch,ES-20479,2.4.0,java.lang.IllegalArgumentException,13,62328,-1,0,
10,elasticsearch,ES-20479,2.4.0,java.lang.IllegalArgumentException,22,62328,-1,0,
10,elasticsearch,ES-20479,2.4.0,java.lang.IllegalArgumentException,17,62328,-1,0,
10,elasticsearch,ES-20479,2.4.0,java.lang.IllegalArgumentException,18,62328,-1,0,
10,elasticsearch,ES-20479,2.4.0,java.lang.IllegalArgumentException,19,62328,-1,0,
10,elasticsearch,ES-20479,2.4.0,java.lang.IllegalArgumentException,20,62328,-1,0,
10,elasticsearch,ES-20479,2.4.0,java.lang.IllegalArgumentException,21,62328,-1,0,
10,elasticsearch,ES-20479,2.4.0,java.lang.IllegalArgumentException,23,62328,-1,0,
10,elasticsearch,ES-20479,2.4.0,java.lang.IllegalArgumentException,24,62328,-1,0,
10,elasticsearch,ES-20479,2.4.0,java.lang.IllegalArgumentException,25,62328,-1,0,
10,elasticsearch,ES-20479,2.4.0,java.lang.IllegalArgumentException,26,62328,-1,0,
10,elasticsearch,ES-20479,2.4.0,java.lang.IllegalArgumentException,27,62328,-1,0,
10,elasticsearch,ES-20479,2.4.0,java.lang.IllegalArgumentException,28,62328,-1,0,
10,elasticsearch,ES-20479,2.4.0,java.lang.IllegalArgumentException,29,62328,-1,0,
10,elasticsearch,ES-20479,2.4.0,java.lang.IllegalArgumentException,30,62328,-1,0,
10,elasticsearch,ES-20479,2.4.0,java.lang.IllegalArgumentException,31,62328,-1,0,
10,elasticsearch,ES-20479,2.4.0,java.lang.IllegalArgumentException,32,62328,-1,0,
10,elasticsearch,ES-20479,2.4.0,java.lang.IllegalArgumentException,33,62328,-1,0,
10,elasticsearch,ES-20479,2.4.0,java.lang.IllegalArgumentException,34,62328,-1,0,
10,elasticsearch,ES-20479,2.4.0,java.lang.IllegalArgumentException,35,62328,-1,0,
10,elasticsearch,ES-20479,2.4.0,java.lang.IllegalArgumentException,36,62328,-1,0,
10,elasticsearch,ES-20479,2.4.0,java.lang.IllegalArgumentException,37,62328,-1,0,
10,elasticsearch,ES-20479,2.4.0,java.lang.IllegalArgumentException,2,62328,2.333333333333333,566,"[2.975,1][2.8181818181818183,2][2.333333333333333,6]"
10,elasticsearch,ES-20479,2.4.0,java.lang.IllegalArgumentException,3,62328,3.5,135,"[3.5,1]"
10,elasticsearch,ES-20479,2.4.0,java.lang.IllegalArgumentException,7,62328,7.666666666666666,146,"[7.666666666666666,1]"
10,elasticsearch,ES-20479,2.4.0,java.lang.IllegalArgumentException,8,62328,8.5,1790,"[8.5,1]"
10,elasticsearch,ES-20479,2.4.0,java.lang.IllegalArgumentException,38,62328,-1,0,
10,elasticsearch,ES-20479,2.4.0,java.lang.IllegalArgumentException,39,62328,-1,0,
10,elasticsearch,ES-20479,2.4.0,java.lang.IllegalArgumentException,40,62328,-1,0,
1,elasticsearch,ES-20045,5.0.0-alpha4,java.lang.IllegalArgumentException,1,62328,-1,0,
1,elasticsearch,ES-20045,5.0.0-alpha4,java.lang.IllegalArgumentException,2,62328,-1,0,
1,elasticsearch,ES-20045,5.0.0-alpha4,java.lang.IllegalArgumentException,3,62328,-1,0,
1,elasticsearch,ES-20045,5.0.0-alpha4,java.lang.IllegalArgumentException,4,62328,-1,0,
1,elasticsearch,ES-20045,5.0.0-alpha4,java.lang.IllegalArgumentException,6,62328,-1,0,
10,elasticsearch,ES-20479,2.4.0,java.lang.IllegalArgumentException,15,62328,13.666666666666666,4295,"[15.666666666666666,1][14.666666666666666,2][13.666666666666666,9]"
10,elasticsearch,ES-20479,2.4.0,java.lang.IllegalArgumentException,16,62328,16.75,169,"[16.75,1]"
1,elasticsearch,ES-20045,5.0.0-alpha4,java.lang.IllegalArgumentException,7,62328,8.5,189,"[8.5,1]"
2,elasticsearch,ES-20045,5.0.0-alpha4,java.lang.IllegalArgumentException,1,62328,-1,0,
2,elasticsearch,ES-20045,5.0.0-alpha4,java.lang.IllegalArgumentException,2,62328,-1,0,
2,elasticsearch,ES-20045,5.0.0-alpha4,java.lang.IllegalArgumentException,3,62328,-1,0,
2,elasticsearch,ES-20045,5.0.0-alpha4,java.lang.IllegalArgumentException,4,62328,-1,0,
1,elasticsearch,ES-20045,5.0.0-alpha4,java.lang.IllegalArgumentException,9,62328,8.5,340,"[8.5,1]"
2,elasticsearch,ES-20045,5.0.0-alpha4,java.lang.IllegalArgumentException,6,62328,-1,0,
1,elasticsearch,ES-20045,5.0.0-alpha4,java.lang.IllegalArgumentException,10,62328,8.5,150,"[10.666666666666666,1][8.5,3]"
2,elasticsearch,ES-20045,5.0.0-alpha4,java.lang.IllegalArgumentException,14,62328,-1,0,
2,elasticsearch,ES-20045,5.0.0-alpha4,java.lang.IllegalArgumentException,9,62328,8.5,481,"[8.5,1]"
3,elasticsearch,ES-20045,5.0.0-alpha4,java.lang.IllegalArgumentException,1,62328,-1,0,
3,elasticsearch,ES-20045,5.0.0-alpha4,java.lang.IllegalArgumentException,2,62328,-1,0,
3,elasticsearch,ES-20045,5.0.0-alpha4,java.lang.IllegalArgumentException,3,62328,-1,0,
3,elasticsearch,ES-20045,5.0.0-alpha4,java.lang.IllegalArgumentException,4,62328,-1,0,
3,elasticsearch,ES-20045,5.0.0-alpha4,java.lang.IllegalArgumentException,6,62328,-1,0,
1,elasticsearch,ES-20045,5.0.0-alpha4,java.lang.IllegalArgumentException,5,62328,5.5,4129,"[5.5,1]"
1,elasticsearch,ES-20045,5.0.0-alpha4,java.lang.IllegalArgumentException,8,62328,8.5,6237,"[8.5,1]"
1,elasticsearch,ES-20045,5.0.0-alpha4,java.lang.IllegalArgumentException,11,62328,11.5,4432,"[11.5,1]"
2,elasticsearch,ES-20045,5.0.0-alpha4,java.lang.IllegalArgumentException,10,62328,8.5,302,"[8.5,1]"
1,elasticsearch,ES-20045,5.0.0-alpha4,java.lang.IllegalArgumentException,12,62328,11.933333333333334,14006,"[12.5,1][11.933333333333334,2]"
1,elasticsearch,ES-20045,5.0.0-alpha4,java.lang.IllegalArgumentException,13,62328,11.933333333333334,14521,"[11.933333333333334,1]"
4,elasticsearch,ES-20045,5.0.0-alpha4,java.lang.IllegalArgumentException,1,62328,-1,0,
1,elasticsearch,ES-20045,5.0.0-alpha4,java.lang.IllegalArgumentException,14,62328,8.5,751,"[10.857142857142858,1][8.5,5]"
1,elasticsearch,ES-20045,5.0.0-alpha4,java.lang.IllegalArgumentException,15,62328,8.5,5468,"[8.5,1]"
4,elasticsearch,ES-20045,5.0.0-alpha4,java.lang.IllegalArgumentException,2,62328,-1,0,
4,elasticsearch,ES-20045,5.0.0-alpha4,java.lang.IllegalArgumentException,3,62328,-1,0,
4,elasticsearch,ES-20045,5.0.0-alpha4,java.lang.IllegalArgumentException,4,62328,-1,0,
4,elasticsearch,ES-20045,5.0.0-alpha4,java.lang.IllegalArgumentException,6,62328,-1,0,
2,elasticsearch,ES-20045,5.0.0-alpha4,java.lang.IllegalArgumentException,5,62328,5.5,4083,"[5.5,1]"
2,elasticsearch,ES-20045,5.0.0-alpha4,java.lang.IllegalArgumentException,7,62328,8.5,5637,"[8.5,1]"
2,elasticsearch,ES-20045,5.0.0-alpha4,java.lang.IllegalArgumentException,8,62328,8.5,5002,"[8.5,1]"
2,elasticsearch,ES-20045,5.0.0-alpha4,java.lang.IllegalArgumentException,11,62328,11.5,1179,"[11.5,1]"
4,elasticsearch,ES-20045,5.0.0-alpha4,java.lang.IllegalArgumentException,8,62328,8.5,217,"[8.5,1]"
5,elasticsearch,ES-20045,5.0.0-alpha4,java.lang.IllegalArgumentException,1,62328,-1,0,
2,elasticsearch,ES-20045,5.0.0-alpha4,java.lang.IllegalArgumentException,12,62328,11.933333333333334,13395,"[11.933333333333334,1]"
2,elasticsearch,ES-20045,5.0.0-alpha4,java.lang.IllegalArgumentException,13,62328,11.933333333333334,13517,"[13.0,1][11.933333333333334,4]"
5,elasticsearch,ES-20045,5.0.0-alpha4,java.lang.IllegalArgumentException,2,62328,-1,0,
2,elasticsearch,ES-20045,5.0.0-alpha4,java.lang.IllegalArgumentException,15,62328,8.5,1996,"[8.5,1]"
5,elasticsearch,ES-20045,5.0.0-alpha4,java.lang.IllegalArgumentException,3,62328,-1,0,
4,elasticsearch,ES-20045,5.0.0-alpha4,java.lang.IllegalArgumentException,14,62328,8.5,470,"[12.666666666666666,1][10.857142857142858,3][8.5,14]"
5,elasticsearch,ES-20045,5.0.0-alpha4,java.lang.IllegalArgumentException,4,62328,-1,0,
4,elasticsearch,ES-20045,5.0.0-alpha4,java.lang.IllegalArgumentException,15,62328,8.5,369,"[8.5,1]"
3,elasticsearch,ES-20045,5.0.0-alpha4,java.lang.IllegalArgumentException,14,62328,8.5,927,"[8.5,1]"
4,elasticsearch,ES-20045,5.0.0-alpha4,java.lang.IllegalArgumentException,9,62328,8.5,862,"[9.5,1][8.5,2]"
3,elasticsearch,ES-20045,5.0.0-alpha4,java.lang.IllegalArgumentException,5,62328,5.5,3302,"[5.5,1]"
5,elasticsearch,ES-20045,5.0.0-alpha4,java.lang.IllegalArgumentException,6,62328,-1,0,
3,elasticsearch,ES-20045,5.0.0-alpha4,java.lang.IllegalArgumentException,7,62328,8.5,3282,"[8.5,1]"
3,elasticsearch,ES-20045,5.0.0-alpha4,java.lang.IllegalArgumentException,8,62328,8.5,4633,"[8.5,1]"
3,elasticsearch,ES-20045,5.0.0-alpha4,java.lang.IllegalArgumentException,10,62328,8.5,834,"[10.666666666666666,1][8.5,2]"
3,elasticsearch,ES-20045,5.0.0-alpha4,java.lang.IllegalArgumentException,9,62328,8.5,3048,"[8.5,1]"
3,elasticsearch,ES-20045,5.0.0-alpha4,java.lang.IllegalArgumentException,11,62328,11.5,3300,"[11.5,1]"
3,elasticsearch,ES-20045,5.0.0-alpha4,java.lang.IllegalArgumentException,12,62328,11.933333333333334,12907,"[11.933333333333334,1]"
3,elasticsearch,ES-20045,5.0.0-alpha4,java.lang.IllegalArgumentException,13,62328,11.933333333333334,13313,"[11.933333333333334,1]"
4,elasticsearch,ES-20045,5.0.0-alpha4,java.lang.IllegalArgumentException,5,62328,5.5,3031,"[5.5,1]"
4,elasticsearch,ES-20045,5.0.0-alpha4,java.lang.IllegalArgumentException,7,62328,8.5,4386,"[8.5,1]"
8,elasticsearch,ES-20045,5.0.0-alpha4,java.lang.IllegalArgumentException,1,62328,-1,0,
6,elasticsearch,ES-20045,5.0.0-alpha4,java.lang.IllegalArgumentException,1,62328,-1,0,
4,elasticsearch,ES-20045,5.0.0-alpha4,java.lang.IllegalArgumentException,10,62328,8.5,763,"[8.5,1]"
6,elasticsearch,ES-20045,5.0.0-alpha4,java.lang.IllegalArgumentException,2,62328,-1,0,
6,elasticsearch,ES-20045,5.0.0-alpha4,java.lang.IllegalArgumentException,3,62328,-1,0,
6,elasticsearch,ES-20045,5.0.0-alpha4,java.lang.IllegalArgumentException,4,62328,-1,0,
6,elasticsearch,ES-20045,5.0.0-alpha4,java.lang.IllegalArgumentException,6,62328,-1,0,
4,elasticsearch,ES-20045,5.0.0-alpha4,java.lang.IllegalArgumentException,11,62328,11.5,3332,"[11.5,1]"
4,elasticsearch,ES-20045,5.0.0-alpha4,java.lang.IllegalArgumentException,12,62328,11.933333333333334,12361,"[11.933333333333334,1]"
3,elasticsearch,ES-20045,5.0.0-alpha4,java.lang.IllegalArgumentException,15,62328,8.5,3011,"[8.5,1]"
4,elasticsearch,ES-20045,5.0.0-alpha4,java.lang.IllegalArgumentException,13,62328,11.933333333333334,12591,"[11.933333333333334,1]"
5,elasticsearch,ES-20045,5.0.0-alpha4,java.lang.IllegalArgumentException,9,62328,8.5,412,"[8.5,1]"
7,elasticsearch,ES-20045,5.0.0-alpha4,java.lang.IllegalArgumentException,1,62328,-1,0,
7,elasticsearch,ES-20045,5.0.0-alpha4,java.lang.IllegalArgumentException,2,62328,-1,0,
5,elasticsearch,ES-20045,5.0.0-alpha4,java.lang.IllegalArgumentException,10,62328,8.5,95,"[8.5,1]"
6,elasticsearch,ES-20045,5.0.0-alpha4,java.lang.IllegalArgumentException,9,62328,8.5,272,"[9.5,1][8.5,2]"
7,elasticsearch,ES-20045,5.0.0-alpha4,java.lang.IllegalArgumentException,3,62328,-1,0,
5,elasticsearch,ES-20045,5.0.0-alpha4,java.lang.IllegalArgumentException,5,62328,5.5,2884,"[5.5,1]"
7,elasticsearch,ES-20045,5.0.0-alpha4,java.lang.IllegalArgumentException,4,62328,-1,0,
7,elasticsearch,ES-20045,5.0.0-alpha4,java.lang.IllegalArgumentException,6,62328,-1,0,
5,elasticsearch,ES-20045,5.0.0-alpha4,java.lang.IllegalArgumentException,7,62328,8.5,4486,"[8.5,1]"
6,elasticsearch,ES-20045,5.0.0-alpha4,java.lang.IllegalArgumentException,15,62328,8.5,651,"[8.5,1]"
5,elasticsearch,ES-20045,5.0.0-alpha4,java.lang.IllegalArgumentException,8,62328,8.5,4288,"[8.5,1]"
5,elasticsearch,ES-20045,5.0.0-alpha4,java.lang.IllegalArgumentException,11,62328,11.5,3889,"[11.5,1]"
8,elasticsearch,ES-20045,5.0.0-alpha4,java.lang.IllegalArgumentException,2,62328,-1,0,
5,elasticsearch,ES-20045,5.0.0-alpha4,java.lang.IllegalArgumentException,12,62328,11.933333333333334,12684,"[12.5,1][11.933333333333334,2]"
5,elasticsearch,ES-20045,5.0.0-alpha4,java.lang.IllegalArgumentException,13,62328,11.933333333333334,12397,"[11.933333333333334,1]"
5,elasticsearch,ES-20045,5.0.0-alpha4,java.lang.IllegalArgumentException,15,62328,8.5,3910,"[8.5,1]"
5,elasticsearch,ES-20045,5.0.0-alpha4,java.lang.IllegalArgumentException,14,62328,8.5,3006,"[10.857142857142858,1][8.5,11]"
8,elasticsearch,ES-20045,5.0.0-alpha4,java.lang.IllegalArgumentException,3,62328,-1,0,
7,elasticsearch,ES-20045,5.0.0-alpha4,java.lang.IllegalArgumentException,10,62328,8.5,40,"[8.5,1]"
6,elasticsearch,ES-20045,5.0.0-alpha4,java.lang.IllegalArgumentException,7,62328,8.5,4378,"[8.5,1]"
6,elasticsearch,ES-20045,5.0.0-alpha4,java.lang.IllegalArgumentException,5,62328,5.5,2866,"[5.5,1]"
8,elasticsearch,ES-20045,5.0.0-alpha4,java.lang.IllegalArgumentException,4,62328,-1,0,
6,elasticsearch,ES-20045,5.0.0-alpha4,java.lang.IllegalArgumentException,8,62328,8.5,3133,"[8.5,1]"
8,elasticsearch,ES-20045,5.0.0-alpha4,java.lang.IllegalArgumentException,6,62328,-1,0,
6,elasticsearch,ES-20045,5.0.0-alpha4,java.lang.IllegalArgumentException,10,62328,8.5,650,"[10.666666666666666,1][8.5,5]"
7,elasticsearch,ES-20045,5.0.0-alpha4,java.lang.IllegalArgumentException,15,62328,8.5,355,"[8.5,1]"
6,elasticsearch,ES-20045,5.0.0-alpha4,java.lang.IllegalArgumentException,11,62328,11.5,3453,"[11.5,1]"
6,elasticsearch,ES-20045,5.0.0-alpha4,java.lang.IllegalArgumentException,12,62328,11.933333333333334,11944,"[11.933333333333334,1]"
6,elasticsearch,ES-20045,5.0.0-alpha4,java.lang.IllegalArgumentException,13,62328,11.933333333333334,12191,"[11.933333333333334,1]"
6,elasticsearch,ES-20045,5.0.0-alpha4,java.lang.IllegalArgumentException,14,62328,8.5,3033,"[10.857142857142858,1][8.5,10]"
7,elasticsearch,ES-20045,5.0.0-alpha4,java.lang.IllegalArgumentException,9,62328,8.5,556,"[8.5,1]"
9,elasticsearch,ES-20045,5.0.0-alpha4,java.lang.IllegalArgumentException,1,62328,-1,0,
9,elasticsearch,ES-20045,5.0.0-alpha4,java.lang.IllegalArgumentException,2,62328,-1,0,
9,elasticsearch,ES-20045,5.0.0-alpha4,java.lang.IllegalArgumentException,3,62328,-1,0,
9,elasticsearch,ES-20045,5.0.0-alpha4,java.lang.IllegalArgumentException,4,62328,-1,0,
7,elasticsearch,ES-20045,5.0.0-alpha4,java.lang.IllegalArgumentException,5,62328,5.5,2456,"[5.5,1]"
7,elasticsearch,ES-20045,5.0.0-alpha4,java.lang.IllegalArgumentException,7,62328,8.5,3330,"[8.5,1]"
7,elasticsearch,ES-20045,5.0.0-alpha4,java.lang.IllegalArgumentException,8,62328,8.5,3836,"[8.5,1]"
9,elasticsearch,ES-20045,5.0.0-alpha4,java.lang.IllegalArgumentException,6,62328,-1,0,
7,elasticsearch,ES-20045,5.0.0-alpha4,java.lang.IllegalArgumentException,11,62328,11.5,3852,"[11.5,1]"
7,elasticsearch,ES-20045,5.0.0-alpha4,java.lang.IllegalArgumentException,12,62328,11.933333333333334,11813,"[12.5,1][11.933333333333334,2]"
7,elasticsearch,ES-20045,5.0.0-alpha4,java.lang.IllegalArgumentException,13,62328,11.933333333333334,11617,"[11.933333333333334,1]"
7,elasticsearch,ES-20045,5.0.0-alpha4,java.lang.IllegalArgumentException,14,62328,8.5,2798,"[12.666666666666666,1][10.857142857142858,2][8.5,7]"
1,elasticsearch,ES-21974,5.0.1,java.lang.IllegalArgumentException,1,62328,0.0,1,"[0.0,1]"
1,elasticsearch,ES-21974,5.0.1,java.lang.IllegalArgumentException,3,62328,0.0,1,"[0.0,1]"
1,elasticsearch,ES-21974,5.0.1,java.lang.IllegalArgumentException,2,62328,0.0,1,"[0.0,1]"
1,elasticsearch,ES-21974,5.0.1,java.lang.IllegalArgumentException,4,62328,0.0,10,"[2.333333333333333,1][1.4444444444444444,7][0.0,10]"
8,elasticsearch,ES-20045,5.0.0-alpha4,java.lang.IllegalArgumentException,8,62328,8.5,1251,"[8.5,1]"
8,elasticsearch,ES-20045,5.0.0-alpha4,java.lang.IllegalArgumentException,5,62328,5.5,2839,"[5.5,1]"
1,elasticsearch,ES-21974,5.0.1,java.lang.IllegalArgumentException,16,62328,15.5,1,"[15.5,1]"
8,elasticsearch,ES-20045,5.0.0-alpha4,java.lang.IllegalArgumentException,7,62328,8.5,4041,"[8.5,1]"
10,elasticsearch,ES-20045,5.0.0-alpha4,java.lang.IllegalArgumentException,1,62328,-1,0,
10,elasticsearch,ES-20045,5.0.0-alpha4,java.lang.IllegalArgumentException,2,62328,-1,0,
10,elasticsearch,ES-20045,5.0.0-alpha4,java.lang.IllegalArgumentException,3,62328,-1,0,
2,elasticsearch,ES-21974,5.0.1,java.lang.IllegalArgumentException,1,62328,0.0,1,"[0.0,1]"
8,elasticsearch,ES-20045,5.0.0-alpha4,java.lang.IllegalArgumentException,9,62328,8.5,1817,"[8.5,1]"
10,elasticsearch,ES-20045,5.0.0-alpha4,java.lang.IllegalArgumentException,4,62328,-1,0,
8,elasticsearch,ES-20045,5.0.0-alpha4,java.lang.IllegalArgumentException,11,62328,11.5,2831,"[11.5,1]"
8,elasticsearch,ES-20045,5.0.0-alpha4,java.lang.IllegalArgumentException,15,62328,8.5,1357,"[8.5,1]"
10,elasticsearch,ES-20045,5.0.0-alpha4,java.lang.IllegalArgumentException,6,62328,-1,0,
8,elasticsearch,ES-20045,5.0.0-alpha4,java.lang.IllegalArgumentException,12,62328,11.933333333333334,11808,"[12.5,1][11.933333333333334,3]"
9,elasticsearch,ES-20045,5.0.0-alpha4,java.lang.IllegalArgumentException,14,62328,8.5,28,"[10.857142857142858,1][8.5,5]"
8,elasticsearch,ES-20045,5.0.0-alpha4,java.lang.IllegalArgumentException,13,62328,11.923076923076923,11437,"[13.5,1][11.933333333333334,2][11.923076923076923,1669]"
2,elasticsearch,ES-21974,5.0.1,java.lang.IllegalArgumentException,2,62328,0.0,4,"[1.4666666666666668,1][0.0,4]"
2,elasticsearch,ES-21974,5.0.1,java.lang.IllegalArgumentException,3,62328,0.0,8,"[1.4,1][1.3333333333333333,6][0.0,8]"
2,elasticsearch,ES-21974,5.0.1,java.lang.IllegalArgumentException,4,62328,0.0,8,"[2.333333333333333,1][1.4827586206896552,4][1.4444444444444444,7][0.0,8]"
8,elasticsearch,ES-20045,5.0.0-alpha4,java.lang.IllegalArgumentException,14,62328,8.5,2934,"[12.666666666666666,1][10.857142857142858,3][8.5,24]"
3,elasticsearch,ES-21974,5.0.1,java.lang.IllegalArgumentException,1,62328,0.0,1,"[0.0,1]"
3,elasticsearch,ES-21974,5.0.1,java.lang.IllegalArgumentException,3,62328,0.0,2,"[1.3333333333333333,1][0.0,2]"
3,elasticsearch,ES-21974,5.0.1,java.lang.IllegalArgumentException,2,62328,0.0,15,"[1.4615384615384615,1][1.4285714285714286,2][1.4,6][1.3333333333333333,11][0.0,15]"
8,elasticsearch,ES-20045,5.0.0-alpha4,java.lang.IllegalArgumentException,10,62328,8.5,355,"[10.666666666666666,1][8.5,2]"
9,elasticsearch,ES-20045,5.0.0-alpha4,java.lang.IllegalArgumentException,9,62328,8.5,439,"[8.5,1]"
4,elasticsearch,ES-21974,5.0.1,java.lang.IllegalArgumentException,1,62328,0.0,11,"[1.4545454545454546,1][1.3333333333333333,2][0.0,11]"
4,elasticsearch,ES-21974,5.0.1,java.lang.IllegalArgumentException,2,62328,0.0,6,"[1.4,1][0.0,6]"
4,elasticsearch,ES-21974,5.0.1,java.lang.IllegalArgumentException,3,62328,0.0,3,"[1.4545454545454546,1][0.0,3]"
1,elasticsearch,ES-21974,5.0.1,java.lang.IllegalArgumentException,5,62328,0.0,69,"[5.5,1][3.0,7][0.0,69]"
3,elasticsearch,ES-21974,5.0.1,java.lang.IllegalArgumentException,4,62328,0.0,60,"[1.4545454545454546,1][1.4444444444444444,10][1.4285714285714286,26][1.4,30][1.3333333333333333,36][0.0,60]"
4,elasticsearch,ES-21974,5.0.1,java.lang.IllegalArgumentException,4,62328,0.0,7,"[4.6,1][2.333333333333333,2][1.4,4][0.0,7]"
5,elasticsearch,ES-21974,5.0.1,java.lang.IllegalArgumentException,2,62328,0.0,1,"[0.0,1]"
5,elasticsearch,ES-21974,5.0.1,java.lang.IllegalArgumentException,3,62328,0.0,1,"[0.0,1]"
5,elasticsearch,ES-21974,5.0.1,java.lang.IllegalArgumentException,1,62328,0.0,1,"[0.0,1]"
3,elasticsearch,ES-21974,5.0.1,java.lang.IllegalArgumentException,5,62328,0.0,55,"[5.5,1][3.0,25][0.0,55]"
5,elasticsearch,ES-21974,5.0.1,java.lang.IllegalArgumentException,4,62328,0.0,15,"[2.333333333333333,1][1.3333333333333333,8][0.0,15]"
10,elasticsearch,ES-20045,5.0.0-alpha4,java.lang.IllegalArgumentException,10,62328,8.5,70,"[10.666666666666666,1][8.5,2]"
9,elasticsearch,ES-20045,5.0.0-alpha4,java.lang.IllegalArgumentException,5,62328,5.5,2415,"[5.5,1]"
9,elasticsearch,ES-20045,5.0.0-alpha4,java.lang.IllegalArgumentException,7,62328,8.5,3840,"[8.5,1]"
9,elasticsearch,ES-20045,5.0.0-alpha4,java.lang.IllegalArgumentException,8,62328,8.5,2814,"[8.5,1]"
6,elasticsearch,ES-21974,5.0.1,java.lang.IllegalArgumentException,1,62328,0.0,20,"[1.473684210526316,1][1.4705882352941178,4][1.4666666666666668,5][1.4545454545454546,7][1.4444444444444444,18][0.0,20]"
9,elasticsearch,ES-20045,5.0.0-alpha4,java.lang.IllegalArgumentException,10,62328,8.5,659,"[8.5,1]"
9,elasticsearch,ES-20045,5.0.0-alpha4,java.lang.IllegalArgumentException,11,62328,11.5,3352,"[11.5,1]"
9,elasticsearch,ES-20045,5.0.0-alpha4,java.lang.IllegalArgumentException,12,62328,11.933333333333334,11104,"[11.933333333333334,1]"
6,elasticsearch,ES-21974,5.0.1,java.lang.IllegalArgumentException,2,62328,0.0,8,"[1.4285714285714286,1][0.0,8]"
6,elasticsearch,ES-21974,5.0.1,java.lang.IllegalArgumentException,3,62328,0.0,1,"[0.0,1]"
6,elasticsearch,ES-21974,5.0.1,java.lang.IllegalArgumentException,4,62328,0.0,25,"[2.333333333333333,1][1.4,19][0.0,25]"
9,elasticsearch,ES-20045,5.0.0-alpha4,java.lang.IllegalArgumentException,13,62328,11.933333333333334,11021,"[13.5,1][11.933333333333334,2]"
7,elasticsearch,ES-21974,5.0.1,java.lang.IllegalArgumentException,1,62328,0.0,1,"[0.0,1]"
7,elasticsearch,ES-21974,5.0.1,java.lang.IllegalArgumentException,2,62328,0.0,13,"[1.4444444444444444,1][1.4,7][1.3333333333333333,10][0.0,13]"
9,elasticsearch,ES-20045,5.0.0-alpha4,java.lang.IllegalArgumentException,15,62328,8.5,3555,"[8.5,1]"
7,elasticsearch,ES-21974,5.0.1,java.lang.IllegalArgumentException,3,62328,0.0,4,"[1.6,1][0.0,4]"
10,elasticsearch,ES-20045,5.0.0-alpha4,java.lang.IllegalArgumentException,5,62328,5.5,2214,"[5.5,1]"
10,elasticsearch,ES-20045,5.0.0-alpha4,java.lang.IllegalArgumentException,7,62328,8.5,3118,"[8.5,1]"
7,elasticsearch,ES-21974,5.0.1,java.lang.IllegalArgumentException,4,62328,0.0,1,"[0.0,1]"
10,elasticsearch,ES-20045,5.0.0-alpha4,java.lang.IllegalArgumentException,8,62328,8.5,3204,"[8.5,1]"
8,elasticsearch,ES-21974,5.0.1,java.lang.IllegalArgumentException,1,62328,0.0,1,"[0.0,1]"
10,elasticsearch,ES-20045,5.0.0-alpha4,java.lang.IllegalArgumentException,11,62328,11.5,2197,"[11.5,1]"
8,elasticsearch,ES-21974,5.0.1,java.lang.IllegalArgumentException,2,62328,0.0,3,"[1.3333333333333333,1][0.0,3]"
10,elasticsearch,ES-20045,5.0.0-alpha4,java.lang.IllegalArgumentException,12,62328,11.933333333333334,11170,"[11.933333333333334,1]"
10,elasticsearch,ES-20045,5.0.0-alpha4,java.lang.IllegalArgumentException,13,62328,11.933333333333334,10888,"[11.933333333333334,1]"
8,elasticsearch,ES-21974,5.0.1,java.lang.IllegalArgumentException,3,62328,0.0,9,"[2.333333333333333,1][1.65,4][1.4,5][0.0,9]"
1,elasticsearch,ES-20333,2.3.5,java.lang.IllegalArgumentException,14,62328,14.971428571428572,376,"[14.971428571428572,1]"
8,elasticsearch,ES-21974,5.0.1,java.lang.IllegalArgumentException,4,62328,0.0,3,"[2.333333333333333,1][0.0,3]"
2,elasticsearch,ES-20333,2.3.5,java.lang.IllegalArgumentException,14,62328,14.971428571428572,223,"[14.971428571428572,1]"
9,elasticsearch,ES-21974,5.0.1,java.lang.IllegalArgumentException,1,62328,0.0,1,"[0.0,1]"
2,elasticsearch,ES-21974,5.0.1,java.lang.IllegalArgumentException,12,62328,11.333333333333332,351,"[11.5,1][11.333333333333332,20]"
3,elasticsearch,ES-20333,2.3.5,java.lang.IllegalArgumentException,14,62328,14.971428571428572,426,"[14.971428571428572,1]"
10,elasticsearch,ES-20045,5.0.0-alpha4,java.lang.IllegalArgumentException,15,62328,8.5,2024,"[8.5,1]"
10,elasticsearch,ES-20045,5.0.0-alpha4,java.lang.IllegalArgumentException,9,62328,8.5,1178,"[8.5,1]"
9,elasticsearch,ES-21974,5.0.1,java.lang.IllegalArgumentException,3,62328,0.0,2,"[2.333333333333333,1][0.0,2]"
4,elasticsearch,ES-20333,2.3.5,java.lang.IllegalArgumentException,14,62328,14.971428571428572,275,"[14.971428571428572,1]"
9,elasticsearch,ES-21974,5.0.1,java.lang.IllegalArgumentException,2,62328,0.0,10,"[1.4,1][1.3333333333333333,5][0.0,10]"
9,elasticsearch,ES-21974,5.0.1,java.lang.IllegalArgumentException,4,62328,0.0,38,"[2.333333333333333,1][1.65,7][1.625,20][1.4666666666666668,24][1.3333333333333333,28][0.0,38]"
8,elasticsearch,ES-21974,5.0.1,java.lang.IllegalArgumentException,5,62328,0.0,70,"[5.5,1][4.75,63][3.0,68][0.0,70]"
5,elasticsearch,ES-20333,2.3.5,java.lang.IllegalArgumentException,14,62328,14.971428571428572,459,"[14.971428571428572,1]"
6,elasticsearch,ES-20333,2.3.5,java.lang.IllegalArgumentException,14,62328,14.971428571428572,349,"[14.971428571428572,1]"
7,elasticsearch,ES-20333,2.3.5,java.lang.IllegalArgumentException,14,62328,14.971428571428572,408,"[14.971428571428572,1]"
8,elasticsearch,ES-20333,2.3.5,java.lang.IllegalArgumentException,14,62328,14.971428571428572,411,"[14.971428571428572,1]"
10,elasticsearch,ES-21974,5.0.1,java.lang.IllegalArgumentException,2,62328,0.0,1,"[0.0,1]"
10,elasticsearch,ES-21974,5.0.1,java.lang.IllegalArgumentException,1,62328,0.0,1,"[0.0,1]"
9,elasticsearch,ES-20333,2.3.5,java.lang.IllegalArgumentException,14,62328,14.971428571428572,383,"[14.971428571428572,1]"
10,elasticsearch,ES-21974,5.0.1,java.lang.IllegalArgumentException,3,62328,0.0,8,"[1.4615384615384615,1][1.4545454545454546,2][1.4444444444444444,4][0.0,8]"
3,elasticsearch,ES-21974,5.0.1,java.lang.IllegalArgumentException,6,62328,5.5,28,"[6.5,1][5.5,8]"
10,elasticsearch,ES-21974,5.0.1,java.lang.IllegalArgumentException,4,62328,0.0,19,"[2.333333333333333,1][0.0,19]"
10,elasticsearch,ES-20333,2.3.5,java.lang.IllegalArgumentException,14,62328,14.971428571428572,341,"[14.971428571428572,1]"
1,elasticsearch,ES-21974,5.0.1,java.lang.IllegalArgumentException,6,62328,5.5,383,"[6.5,1][5.5,15]"
1,elasticsearch,ES-21974,5.0.1,java.lang.IllegalArgumentException,7,62328,7.5,424,"[7.5,1]"
1,elasticsearch,ES-21974,5.0.1,java.lang.IllegalArgumentException,12,62328,11.5,771,"[12.5,1][11.5,3]"
4,elasticsearch,ES-21974,5.0.1,java.lang.IllegalArgumentException,5,62328,0.0,536,"[5.5,1][5.0,10][4.75,20][3.0,25][2.0,30][0.0,536]"
1,elasticsearch,ES-26651,5.5.3,java.lang.IllegalArgumentException,4,62328,-1,0,
2,elasticsearch,ES-21974,5.0.1,java.lang.IllegalArgumentException,5,62328,2.0,129,"[5.5,1][5.0,7][2.0,13]"
2,elasticsearch,ES-21974,5.0.1,java.lang.IllegalArgumentException,6,62328,5.333333333333333,472,"[5.5,1][5.333333333333333,5]"
2,elasticsearch,ES-21974,5.0.1,java.lang.IllegalArgumentException,7,62328,5.5,122,"[7.5,1][5.5,4]"
2,elasticsearch,ES-21974,5.0.1,java.lang.IllegalArgumentException,16,62328,15.5,87,"[15.5,1]"
3,elasticsearch,ES-21974,5.0.1,java.lang.IllegalArgumentException,7,62328,7.5,439,"[7.5,1]"
10,elasticsearch,ES-20045,5.0.0-alpha4,java.lang.IllegalArgumentException,14,62328,8.5,1929,"[12.666666666666666,1][10.857142857142858,3][8.5,4]"
3,elasticsearch,ES-21974,5.0.1,java.lang.IllegalArgumentException,12,62328,11.5,222,"[12.5,1][11.5,8]"
3,elasticsearch,ES-21974,5.0.1,java.lang.IllegalArgumentException,16,62328,15.5,96,"[15.5,1]"
1,elasticsearch,ES-26651,5.5.3,java.lang.IllegalArgumentException,5,62328,5.5,42,"[5.5,1]"
4,elasticsearch,ES-21974,5.0.1,java.lang.IllegalArgumentException,6,62328,5.333333333333333,479,"[6.5,1][5.5,4][5.333333333333333,275]"
4,elasticsearch,ES-21974,5.0.1,java.lang.IllegalArgumentException,7,62328,7.5,552,"[7.5,1]"
6,elasticsearch,ES-21974,5.0.1,java.lang.IllegalArgumentException,5,62328,0.0,463,"[5.5,1][4.75,5][2.0,14][0.0,463]"
4,elasticsearch,ES-21974,5.0.1,java.lang.IllegalArgumentException,12,62328,11.333333333333332,537,"[11.5,1][11.333333333333332,29]"
4,elasticsearch,ES-21974,5.0.1,java.lang.IllegalArgumentException,16,62328,15.5,148,"[15.5,1]"
5,elasticsearch,ES-21974,5.0.1,java.lang.IllegalArgumentException,5,62328,0.0,322,"[5.5,1][4.75,26][3.0,37][2.0,102][0.0,322]"
5,elasticsearch,ES-21974,5.0.1,java.lang.IllegalArgumentException,7,62328,5.5,549,"[7.5,1][5.5,244]"
5,elasticsearch,ES-21974,5.0.1,java.lang.IllegalArgumentException,6,62328,5.5,572,"[6.5,1][5.5,2]"
5,elasticsearch,ES-21974,5.0.1,java.lang.IllegalArgumentException,12,62328,11.5,938,"[12.5,1][11.5,5]"
5,elasticsearch,ES-21974,5.0.1,java.lang.IllegalArgumentException,16,62328,15.5,137,"[15.5,1]"
7,elasticsearch,ES-21974,5.0.1,java.lang.IllegalArgumentException,5,62328,0.0,316,"[3.0,1][2.0,59][0.0,316]"
1,elasticsearch,ES-26651,5.5.3,java.lang.IllegalArgumentException,1,62328,-1,0,
6,elasticsearch,ES-21974,5.0.1,java.lang.IllegalArgumentException,6,62328,5.5,762,"[6.5,1][5.5,9]"
1,elasticsearch,ES-26651,5.5.3,java.lang.IllegalArgumentException,2,62328,-1,0,
6,elasticsearch,ES-21974,5.0.1,java.lang.IllegalArgumentException,12,62328,11.5,744,"[12.5,1][11.5,3]"
6,elasticsearch,ES-21974,5.0.1,java.lang.IllegalArgumentException,7,62328,7.5,597,"[7.5,1]"
1,elasticsearch,ES-26651,5.5.3,java.lang.IllegalArgumentException,3,62328,-1,0,
6,elasticsearch,ES-21974,5.0.1,java.lang.IllegalArgumentException,16,62328,15.5,147,"[15.5,1]"
1,elasticsearch,ES-26651,5.5.3,java.lang.IllegalArgumentException,6,62328,-1,0,
7,elasticsearch,ES-21974,5.0.1,java.lang.IllegalArgumentException,6,62328,5.5,811,"[6.5,1][5.5,3]"
7,elasticsearch,ES-21974,5.0.1,java.lang.IllegalArgumentException,12,62328,11.333333333333332,949,"[11.5,1][11.333333333333332,57]"
7,elasticsearch,ES-21974,5.0.1,java.lang.IllegalArgumentException,7,62328,7.5,647,"[7.5,1]"
7,elasticsearch,ES-21974,5.0.1,java.lang.IllegalArgumentException,16,62328,15.5,167,"[15.5,1]"
2,elasticsearch,ES-26651,5.5.3,java.lang.IllegalArgumentException,1,62328,-1,0,
2,elasticsearch,ES-26651,5.5.3,java.lang.IllegalArgumentException,2,62328,-1,0,
2,elasticsearch,ES-26651,5.5.3,java.lang.IllegalArgumentException,3,62328,-1,0,
2,elasticsearch,ES-26651,5.5.3,java.lang.IllegalArgumentException,4,62328,-1,0,
8,elasticsearch,ES-21974,5.0.1,java.lang.IllegalArgumentException,6,62328,5.5,661,"[6.5,1][5.5,2]"
2,elasticsearch,ES-26651,5.5.3,java.lang.IllegalArgumentException,6,62328,-1,0,
8,elasticsearch,ES-21974,5.0.1,java.lang.IllegalArgumentException,7,62328,7.5,533,"[7.5,1]"
8,elasticsearch,ES-21974,5.0.1,java.lang.IllegalArgumentException,12,62328,11.5,1238,"[11.5,1]"
8,elasticsearch,ES-21974,5.0.1,java.lang.IllegalArgumentException,16,62328,15.5,169,"[15.5,1]"
3,elasticsearch,ES-26651,5.5.3,java.lang.IllegalArgumentException,2,62328,-1,0,
3,elasticsearch,ES-26651,5.5.3,java.lang.IllegalArgumentException,1,62328,-1,0,
3,elasticsearch,ES-26651,5.5.3,java.lang.IllegalArgumentException,3,62328,-1,0,
3,elasticsearch,ES-26651,5.5.3,java.lang.IllegalArgumentException,4,62328,-1,0,
9,elasticsearch,ES-21974,5.0.1,java.lang.IllegalArgumentException,5,62328,2.9166666666666665,86,"[5.5,1][3.0,4][2.9166666666666665,70]"
3,elasticsearch,ES-26651,5.5.3,java.lang.IllegalArgumentException,6,62328,-1,0,
6,elasticsearch,ES-26651,5.5.3,java.lang.IllegalArgumentException,5,62328,5.5,1,"[5.5,1]"
9,elasticsearch,ES-21974,5.0.1,java.lang.IllegalArgumentException,6,62328,5.5,768,"[5.5,1]"
9,elasticsearch,ES-21974,5.0.1,java.lang.IllegalArgumentException,12,62328,11.333333333333332,569,"[11.5,1][11.333333333333332,27]"
9,elasticsearch,ES-21974,5.0.1,java.lang.IllegalArgumentException,7,62328,5.5,595,"[7.5,1][5.5,43]"
9,elasticsearch,ES-21974,5.0.1,java.lang.IllegalArgumentException,16,62328,15.5,171,"[15.5,1]"
10,elasticsearch,ES-21974,5.0.1,java.lang.IllegalArgumentException,5,62328,2.9166666666666665,62,"[5.5,1][3.0,13][2.9166666666666665,46]"
2,elasticsearch,ES-26651,5.5.3,java.lang.IllegalArgumentException,8,62328,8.666666666666666,1419,"[8.666666666666666,1]"
10,elasticsearch,ES-21974,5.0.1,java.lang.IllegalArgumentException,6,62328,5.5,679,"[5.5,1]"
10,elasticsearch,ES-21974,5.0.1,java.lang.IllegalArgumentException,12,62328,11.5,910,"[11.5,1]"
10,elasticsearch,ES-21974,5.0.1,java.lang.IllegalArgumentException,7,62328,7.5,694,"[7.5,1]"
4,elasticsearch,ES-26651,5.5.3,java.lang.IllegalArgumentException,1,62328,-1,0,
10,elasticsearch,ES-21974,5.0.1,java.lang.IllegalArgumentException,16,62328,15.5,115,"[15.5,1]"
4,elasticsearch,ES-26651,5.5.3,java.lang.IllegalArgumentException,2,62328,-1,0,
4,elasticsearch,ES-26651,5.5.3,java.lang.IllegalArgumentException,3,62328,-1,0,
4,elasticsearch,ES-26651,5.5.3,java.lang.IllegalArgumentException,4,62328,-1,0,
4,elasticsearch,ES-26651,5.5.3,java.lang.IllegalArgumentException,6,62328,-1,0,
1,elasticsearch,ES-26651,5.5.3,java.lang.IllegalArgumentException,7,62328,8.666666666666666,7799,"[8.666666666666666,1]"
1,elasticsearch,ES-26651,5.5.3,java.lang.IllegalArgumentException,8,62328,8.666666666666666,7026,"[8.666666666666666,1]"
5,elasticsearch,ES-26651,5.5.3,java.lang.IllegalArgumentException,1,62328,-1,0,
1,elasticsearch,ES-26651,5.5.3,java.lang.IllegalArgumentException,9,62328,8.75,2217,"[8.75,1]"
5,elasticsearch,ES-26651,5.5.3,java.lang.IllegalArgumentException,2,62328,-1,0,
5,elasticsearch,ES-26651,5.5.3,java.lang.IllegalArgumentException,3,62328,-1,0,
5,elasticsearch,ES-26651,5.5.3,java.lang.IllegalArgumentException,4,62328,-1,0,
2,elasticsearch,ES-26651,5.5.3,java.lang.IllegalArgumentException,5,62328,5.5,1108,"[5.5,1]"
2,elasticsearch,ES-26651,5.5.3,java.lang.IllegalArgumentException,7,62328,8.666666666666666,7572,"[8.666666666666666,1]"
5,elasticsearch,ES-26651,5.5.3,java.lang.IllegalArgumentException,6,62328,-1,0,
4,elasticsearch,ES-26651,5.5.3,java.lang.IllegalArgumentException,7,62328,8.666666666666666,1555,"[8.666666666666666,1]"
2,elasticsearch,ES-26651,5.5.3,java.lang.IllegalArgumentException,9,62328,8.75,2418,"[8.75,1]"
6,elasticsearch,ES-26651,5.5.3,java.lang.IllegalArgumentException,1,62328,-1,0,
6,elasticsearch,ES-26651,5.5.3,java.lang.IllegalArgumentException,2,62328,-1,0,
3,elasticsearch,ES-26651,5.5.3,java.lang.IllegalArgumentException,5,62328,5.5,1029,"[5.5,1]"
6,elasticsearch,ES-26651,5.5.3,java.lang.IllegalArgumentException,3,62328,-1,0,
3,elasticsearch,ES-26651,5.5.3,java.lang.IllegalArgumentException,7,62328,8.666666666666666,6604,"[8.666666666666666,1]"
3,elasticsearch,ES-26651,5.5.3,java.lang.IllegalArgumentException,8,62328,8.666666666666666,7563,"[8.666666666666666,1]"
6,elasticsearch,ES-26651,5.5.3,java.lang.IllegalArgumentException,6,62328,-1,0,
6,elasticsearch,ES-26651,5.5.3,java.lang.IllegalArgumentException,4,62328,-1,0,
7,elasticsearch,ES-26651,5.5.3,java.lang.IllegalArgumentException,1,62328,-1,0,
7,elasticsearch,ES-26651,5.5.3,java.lang.IllegalArgumentException,2,62328,-1,0,
7,elasticsearch,ES-26651,5.5.3,java.lang.IllegalArgumentException,3,62328,-1,0,
3,elasticsearch,ES-26651,5.5.3,java.lang.IllegalArgumentException,9,62328,8.75,2408,"[9.5,1][8.75,9]"
7,elasticsearch,ES-26651,5.5.3,java.lang.IllegalArgumentException,6,62328,-1,0,
1,elasticsearch,ES-26184,5.5.1,java.lang.IllegalArgumentException,7,62328,-1,0,
7,elasticsearch,ES-26651,5.5.3,java.lang.IllegalArgumentException,4,62328,-1,0,
8,elasticsearch,ES-26651,5.5.3,java.lang.IllegalArgumentException,1,62328,-1,0,
8,elasticsearch,ES-26651,5.5.3,java.lang.IllegalArgumentException,2,62328,-1,0,
8,elasticsearch,ES-26651,5.5.3,java.lang.IllegalArgumentException,3,62328,-1,0,
4,elasticsearch,ES-26651,5.5.3,java.lang.IllegalArgumentException,5,62328,5.5,521,"[5.5,1]"
4,elasticsearch,ES-26651,5.5.3,java.lang.IllegalArgumentException,9,62328,8.75,2151,"[9.5,1][8.75,2]"
8,elasticsearch,ES-26651,5.5.3,java.lang.IllegalArgumentException,6,62328,-1,0,
8,elasticsearch,ES-26651,5.5.3,java.lang.IllegalArgumentException,4,62328,-1,0,
9,elasticsearch,ES-26651,5.5.3,java.lang.IllegalArgumentException,1,62328,-1,0,
9,elasticsearch,ES-26651,5.5.3,java.lang.IllegalArgumentException,2,62328,-1,0,
9,elasticsearch,ES-26651,5.5.3,java.lang.IllegalArgumentException,3,62328,-1,0,
5,elasticsearch,ES-26651,5.5.3,java.lang.IllegalArgumentException,5,62328,5.5,756,"[5.5,1]"
4,elasticsearch,ES-26651,5.5.3,java.lang.IllegalArgumentException,8,62328,8.666666666666666,4349,"[8.666666666666666,1]"
5,elasticsearch,ES-26651,5.5.3,java.lang.IllegalArgumentException,7,62328,8.666666666666666,5329,"[8.666666666666666,1]"
5,elasticsearch,ES-26651,5.5.3,java.lang.IllegalArgumentException,8,62328,8.666666666666666,6474,"[8.666666666666666,1]"
5,elasticsearch,ES-26651,5.5.3,java.lang.IllegalArgumentException,9,62328,8.75,2104,"[9.5,1][8.75,2]"
9,elasticsearch,ES-26651,5.5.3,java.lang.IllegalArgumentException,6,62328,-1,0,
9,elasticsearch,ES-26651,5.5.3,java.lang.IllegalArgumentException,4,62328,-1,0,
8,elasticsearch,ES-26651,5.5.3,java.lang.IllegalArgumentException,5,62328,5.5,65,"[5.5,1]"
10,elasticsearch,ES-26651,5.5.3,java.lang.IllegalArgumentException,1,62328,-1,0,
10,elasticsearch,ES-26651,5.5.3,java.lang.IllegalArgumentException,2,62328,-1,0,
10,elasticsearch,ES-26651,5.5.3,java.lang.IllegalArgumentException,3,62328,-1,0,
6,elasticsearch,ES-26651,5.5.3,java.lang.IllegalArgumentException,8,62328,8.666666666666666,6622,"[8.666666666666666,1]"
6,elasticsearch,ES-26651,5.5.3,java.lang.IllegalArgumentException,7,62328,8.666666666666666,5818,"[8.666666666666666,1]"
10,elasticsearch,ES-26651,5.5.3,java.lang.IllegalArgumentException,6,62328,-1,0,
6,elasticsearch,ES-26651,5.5.3,java.lang.IllegalArgumentException,9,62328,8.75,2178,"[9.5,1][8.75,2]"
8,elasticsearch,ES-26651,5.5.3,java.lang.IllegalArgumentException,7,62328,8.666666666666666,1423,"[8.666666666666666,1]"
10,elasticsearch,ES-26651,5.5.3,java.lang.IllegalArgumentException,4,62328,-1,0,
7,elasticsearch,ES-26651,5.5.3,java.lang.IllegalArgumentException,7,62328,8.666666666666666,6356,"[8.666666666666666,1]"
1,elasticsearch,ES-26184,5.5.1,java.lang.IllegalArgumentException,1,62328,-1,0,
1,elasticsearch,ES-26184,5.5.1,java.lang.IllegalArgumentException,2,62328,-1,0,
1,elasticsearch,ES-26184,5.5.1,java.lang.IllegalArgumentException,3,62328,-1,0,
7,elasticsearch,ES-26651,5.5.3,java.lang.IllegalArgumentException,8,62328,8.666666666666666,6871,"[8.666666666666666,1]"
7,elasticsearch,ES-26651,5.5.3,java.lang.IllegalArgumentException,9,62328,8.75,2115,"[8.75,1]"
1,elasticsearch,ES-26184,5.5.1,java.lang.IllegalArgumentException,6,62328,-1,0,
7,elasticsearch,ES-26651,5.5.3,java.lang.IllegalArgumentException,5,62328,5.5,233,"[5.5,1]"
2,elasticsearch,ES-26184,5.5.1,java.lang.IllegalArgumentException,1,62328,-1,0,
2,elasticsearch,ES-26184,5.5.1,java.lang.IllegalArgumentException,2,62328,-1,0,
2,elasticsearch,ES-26184,5.5.1,java.lang.IllegalArgumentException,3,62328,-1,0,
8,elasticsearch,ES-26651,5.5.3,java.lang.IllegalArgumentException,8,62328,8.666666666666666,6733,"[8.666666666666666,1]"
8,elasticsearch,ES-26651,5.5.3,java.lang.IllegalArgumentException,9,62328,8.75,2182,"[8.75,1]"
2,elasticsearch,ES-26184,5.5.1,java.lang.IllegalArgumentException,6,62328,-1,0,
2,elasticsearch,ES-26184,5.5.1,java.lang.IllegalArgumentException,7,62328,-1,0,
10,elasticsearch,ES-26651,5.5.3,java.lang.IllegalArgumentException,7,62328,8.666666666666666,1762,"[8.666666666666666,1]"
3,elasticsearch,ES-26184,5.5.1,java.lang.IllegalArgumentException,1,62328,-1,0,
3,elasticsearch,ES-26184,5.5.1,java.lang.IllegalArgumentException,2,62328,-1,0,
9,elasticsearch,ES-26651,5.5.3,java.lang.IllegalArgumentException,7,62328,8.666666666666666,7593,"[8.666666666666666,1]"
9,elasticsearch,ES-26651,5.5.3,java.lang.IllegalArgumentException,8,62328,8.666666666666666,7580,"[8.666666666666666,1]"
9,elasticsearch,ES-26651,5.5.3,java.lang.IllegalArgumentException,9,62328,8.75,2238,"[8.75,1]"
3,elasticsearch,ES-26184,5.5.1,java.lang.IllegalArgumentException,3,62328,-1,0,
3,elasticsearch,ES-26184,5.5.1,java.lang.IllegalArgumentException,6,62328,-1,0,
3,elasticsearch,ES-26184,5.5.1,java.lang.IllegalArgumentException,7,62328,-1,0,
9,elasticsearch,ES-26651,5.5.3,java.lang.IllegalArgumentException,5,62328,5.5,278,"[5.5,1]"
4,elasticsearch,ES-26184,5.5.1,java.lang.IllegalArgumentException,1,62328,-1,0,
4,elasticsearch,ES-26184,5.5.1,java.lang.IllegalArgumentException,2,62328,-1,0,
4,elasticsearch,ES-26184,5.5.1,java.lang.IllegalArgumentException,3,62328,-1,0,
10,elasticsearch,ES-26651,5.5.3,java.lang.IllegalArgumentException,9,62328,8.75,2347,"[9.5,1][8.75,2]"
10,elasticsearch,ES-26651,5.5.3,java.lang.IllegalArgumentException,8,62328,8.666666666666666,7706,"[8.666666666666666,1]"
4,elasticsearch,ES-26184,5.5.1,java.lang.IllegalArgumentException,6,62328,-1,0,
4,elasticsearch,ES-26184,5.5.1,java.lang.IllegalArgumentException,7,62328,-1,0,
7,elasticsearch,ES-26184,5.5.1,java.lang.IllegalArgumentException,8,62328,8.5,47,"[8.5,1]"
1,elasticsearch,ES-26184,5.5.1,java.lang.IllegalArgumentException,4,62328,4.833333333333334,1078,"[4.833333333333334,1]"
1,elasticsearch,ES-26184,5.5.1,java.lang.IllegalArgumentException,5,62328,5.75,1015,"[5.75,1]"
1,elasticsearch,ES-26184,5.5.1,java.lang.IllegalArgumentException,8,62328,8.5,453,"[8.5,1]"
5,elasticsearch,ES-26184,5.5.1,java.lang.IllegalArgumentException,1,62328,-1,0,
5,elasticsearch,ES-26184,5.5.1,java.lang.IllegalArgumentException,2,62328,-1,0,
5,elasticsearch,ES-26184,5.5.1,java.lang.IllegalArgumentException,3,62328,-1,0,
1,elasticsearch,ES-26184,5.5.1,java.lang.IllegalArgumentException,9,62328,9.5,468,"[9.5,1]"
5,elasticsearch,ES-26184,5.5.1,java.lang.IllegalArgumentException,6,62328,-1,0,
5,elasticsearch,ES-26184,5.5.1,java.lang.IllegalArgumentException,7,62328,-1,0,
10,elasticsearch,ES-26651,5.5.3,java.lang.IllegalArgumentException,5,62328,5.5,455,"[5.5,1]"
2,elasticsearch,ES-26184,5.5.1,java.lang.IllegalArgumentException,4,62328,4.833333333333334,1414,"[4.833333333333334,1]"
2,elasticsearch,ES-26184,5.5.1,java.lang.IllegalArgumentException,5,62328,5.75,1572,"[5.75,1]"
9,elasticsearch,ES-26184,5.5.1,java.lang.IllegalArgumentException,6,62328,-1,0,
6,elasticsearch,ES-26184,5.5.1,java.lang.IllegalArgumentException,1,62328,-1,0,
6,elasticsearch,ES-26184,5.5.1,java.lang.IllegalArgumentException,2,62328,-1,0,
6,elasticsearch,ES-26184,5.5.1,java.lang.IllegalArgumentException,3,62328,-1,0,
6,elasticsearch,ES-26184,5.5.1,java.lang.IllegalArgumentException,6,62328,-1,0,
2,elasticsearch,ES-26184,5.5.1,java.lang.IllegalArgumentException,9,62328,9.5,453,"[9.5,1]"
4,elasticsearch,ES-26184,5.5.1,java.lang.IllegalArgumentException,5,62328,5.75,248,"[5.75,1]"
6,elasticsearch,ES-26184,5.5.1,java.lang.IllegalArgumentException,7,62328,-1,0,
3,elasticsearch,ES-26184,5.5.1,java.lang.IllegalArgumentException,4,62328,4.833333333333334,1235,"[4.833333333333334,1]"
3,elasticsearch,ES-26184,5.5.1,java.lang.IllegalArgumentException,5,62328,5.75,1329,"[5.75,1]"
7,elasticsearch,ES-26184,5.5.1,java.lang.IllegalArgumentException,1,62328,-1,0,
3,elasticsearch,ES-26184,5.5.1,java.lang.IllegalArgumentException,8,62328,8.5,501,"[8.5,1]"
7,elasticsearch,ES-26184,5.5.1,java.lang.IllegalArgumentException,2,62328,-1,0,
3,elasticsearch,ES-26184,5.5.1,java.lang.IllegalArgumentException,9,62328,9.5,541,"[9.5,1]"
7,elasticsearch,ES-26184,5.5.1,java.lang.IllegalArgumentException,3,62328,-1,0,
7,elasticsearch,ES-26184,5.5.1,java.lang.IllegalArgumentException,6,62328,-1,0,
4,elasticsearch,ES-26184,5.5.1,java.lang.IllegalArgumentException,4,62328,4.833333333333334,1386,"[4.833333333333334,1]"
4,elasticsearch,ES-26184,5.5.1,java.lang.IllegalArgumentException,8,62328,8.5,550,"[8.5,1]"
7,elasticsearch,ES-26184,5.5.1,java.lang.IllegalArgumentException,7,62328,-1,0,
4,elasticsearch,ES-26184,5.5.1,java.lang.IllegalArgumentException,9,62328,9.5,529,"[9.5,1]"
8,elasticsearch,ES-26184,5.5.1,java.lang.IllegalArgumentException,1,62328,-1,0,
8,elasticsearch,ES-26184,5.5.1,java.lang.IllegalArgumentException,2,62328,-1,0,
8,elasticsearch,ES-26184,5.5.1,java.lang.IllegalArgumentException,3,62328,-1,0,
5,elasticsearch,ES-26184,5.5.1,java.lang.IllegalArgumentException,4,62328,4.833333333333334,1664,"[4.833333333333334,1]"
5,elasticsearch,ES-26184,5.5.1,java.lang.IllegalArgumentException,5,62328,5.75,1650,"[5.75,1]"
8,elasticsearch,ES-26184,5.5.1,java.lang.IllegalArgumentException,6,62328,-1,0,
8,elasticsearch,ES-26184,5.5.1,java.lang.IllegalArgumentException,7,62328,-1,0,
5,elasticsearch,ES-26184,5.5.1,java.lang.IllegalArgumentException,8,62328,8.5,612,"[8.5,1]"
9,elasticsearch,ES-26184,5.5.1,java.lang.IllegalArgumentException,1,62328,-1,0,
9,elasticsearch,ES-26184,5.5.1,java.lang.IllegalArgumentException,2,62328,-1,0,
9,elasticsearch,ES-26184,5.5.1,java.lang.IllegalArgumentException,3,62328,-1,0,
2,elasticsearch,ES-26184,5.5.1,java.lang.IllegalArgumentException,8,62328,8.5,363,"[8.5,1]"
9,elasticsearch,ES-26184,5.5.1,java.lang.IllegalArgumentException,7,62328,-1,0,
5,elasticsearch,ES-26184,5.5.1,java.lang.IllegalArgumentException,9,62328,9.5,546,"[9.5,1]"
10,elasticsearch,ES-26184,5.5.1,java.lang.IllegalArgumentException,4,62328,4.833333333333334,16,"[4.833333333333334,1]"
6,elasticsearch,ES-26184,5.5.1,java.lang.IllegalArgumentException,4,62328,4.833333333333334,1411,"[4.833333333333334,1]"
9,elasticsearch,ES-26184,5.5.1,java.lang.IllegalArgumentException,9,62328,-1,0,
6,elasticsearch,ES-26184,5.5.1,java.lang.IllegalArgumentException,5,62328,5.75,1864,"[5.75,1]"
10,elasticsearch,ES-26184,5.5.1,java.lang.IllegalArgumentException,1,62328,-1,0,
10,elasticsearch,ES-26184,5.5.1,java.lang.IllegalArgumentException,2,62328,-1,0,
10,elasticsearch,ES-26184,5.5.1,java.lang.IllegalArgumentException,3,62328,-1,0,
10,elasticsearch,ES-26184,5.5.1,java.lang.IllegalArgumentException,6,62328,-1,0,
10,elasticsearch,ES-26184,5.5.1,java.lang.IllegalArgumentException,7,62328,-1,0,
6,elasticsearch,ES-26184,5.5.1,java.lang.IllegalArgumentException,8,62328,8.5,708,"[8.5,1]"
6,elasticsearch,ES-26184,5.5.1,java.lang.IllegalArgumentException,9,62328,9.5,511,"[9.5,1]"
7,elasticsearch,ES-26184,5.5.1,java.lang.IllegalArgumentException,4,62328,4.833333333333334,1930,"[4.833333333333334,1]"
7,elasticsearch,ES-26184,5.5.1,java.lang.IllegalArgumentException,5,62328,5.75,1576,"[5.75,1]"
7,elasticsearch,ES-26184,5.5.1,java.lang.IllegalArgumentException,9,62328,9.5,614,"[9.5,1]"
8,elasticsearch,ES-26184,5.5.1,java.lang.IllegalArgumentException,4,62328,4.833333333333334,1538,"[4.833333333333334,1]"
8,elasticsearch,ES-26184,5.5.1,java.lang.IllegalArgumentException,5,62328,5.75,1811,"[5.75,1]"
8,elasticsearch,ES-26184,5.5.1,java.lang.IllegalArgumentException,8,62328,8.5,591,"[8.5,1]"
8,elasticsearch,ES-26184,5.5.1,java.lang.IllegalArgumentException,9,62328,9.5,631,"[9.5,1]"
1,elasticsearch,ES-23381,5.2.1,java.lang.IllegalArgumentException,11,62328,-1,0,
9,elasticsearch,ES-26184,5.5.1,java.lang.IllegalArgumentException,4,62328,4.833333333333334,1078,"[4.833333333333334,1]"
9,elasticsearch,ES-26184,5.5.1,java.lang.IllegalArgumentException,5,62328,5.75,1702,"[5.75,1]"
9,elasticsearch,ES-26184,5.5.1,java.lang.IllegalArgumentException,8,62328,8.5,615,"[8.5,1]"
2,elasticsearch,ES-23381,5.2.1,java.lang.IllegalArgumentException,11,62328,-1,0,
10,elasticsearch,ES-26184,5.5.1,java.lang.IllegalArgumentException,5,62328,5.75,1822,"[5.75,1]"
2,elasticsearch,ES-23381,5.2.1,java.lang.IllegalArgumentException,8,62328,9.0,34,"[9.5,1][9.0,5]"
10,elasticsearch,ES-26184,5.5.1,java.lang.IllegalArgumentException,8,62328,8.5,524,"[8.5,1]"
10,elasticsearch,ES-26184,5.5.1,java.lang.IllegalArgumentException,9,62328,9.5,617,"[9.5,1]"
1,elasticsearch,ES-23381,5.2.1,java.lang.IllegalArgumentException,1,62328,1.5,1544,"[1.5,1]"
1,elasticsearch,ES-23381,5.2.1,java.lang.IllegalArgumentException,2,62328,2.5,1089,"[2.5,1]"
1,elasticsearch,ES-23381,5.2.1,java.lang.IllegalArgumentException,3,62328,3.5,1692,"[3.5,1]"
1,elasticsearch,ES-23381,5.2.1,java.lang.IllegalArgumentException,4,62328,3.9375,83,"[3.9375,1]"
1,elasticsearch,ES-23381,5.2.1,java.lang.IllegalArgumentException,5,62328,5.5,1079,"[5.5,1]"
1,elasticsearch,ES-23381,5.2.1,java.lang.IllegalArgumentException,6,62328,7.958333333333334,3412,"[7.958333333333334,1]"
2,elasticsearch,ES-23381,5.2.1,java.lang.IllegalArgumentException,10,62328,10.666666666666666,176,"[10.666666666666666,1]"
1,elasticsearch,ES-23381,5.2.1,java.lang.IllegalArgumentException,7,62328,7.958333333333334,3020,"[7.958333333333334,1]"
1,elasticsearch,ES-23381,5.2.1,java.lang.IllegalArgumentException,9,62328,9.0,984,"[9.5,1][9.0,19]"
3,elasticsearch,ES-23381,5.2.1,java.lang.IllegalArgumentException,11,62328,-1,0,
1,elasticsearch,ES-23381,5.2.1,java.lang.IllegalArgumentException,12,62328,12.5,12326,"[12.5,1]"
1,elasticsearch,ES-23381,5.2.1,java.lang.IllegalArgumentException,13,62328,14.5,6226,"[14.5,1]"
1,elasticsearch,ES-23381,5.2.1,java.lang.IllegalArgumentException,14,62328,14.5,6866,"[14.5,1]"
2,elasticsearch,ES-23381,5.2.1,java.lang.IllegalArgumentException,1,62328,1.5,1346,"[1.5,1]"
2,elasticsearch,ES-23381,5.2.1,java.lang.IllegalArgumentException,2,62328,1.5,859,"[2.5,1][1.5,438]"
2,elasticsearch,ES-23381,5.2.1,java.lang.IllegalArgumentException,9,62328,9.0,325,"[9.5,1][9.0,42]"
2,elasticsearch,ES-23381,5.2.1,java.lang.IllegalArgumentException,3,62328,3.5,1663,"[3.5,1]"
2,elasticsearch,ES-23381,5.2.1,java.lang.IllegalArgumentException,4,62328,3.9375,132,"[3.9375,1]"
2,elasticsearch,ES-23381,5.2.1,java.lang.IllegalArgumentException,5,62328,5.5,1251,"[5.5,1]"
3,elasticsearch,ES-23381,5.2.1,java.lang.IllegalArgumentException,8,62328,9.0,172,"[9.5,1][9.0,12]"
2,elasticsearch,ES-23381,5.2.1,java.lang.IllegalArgumentException,6,62328,7.958333333333334,3294,"[7.958333333333334,1]"
2,elasticsearch,ES-23381,5.2.1,java.lang.IllegalArgumentException,7,62328,7.958333333333334,3144,"[7.958333333333334,1]"
2,elasticsearch,ES-23381,5.2.1,java.lang.IllegalArgumentException,12,62328,12.5,10680,"[12.5,1]"
2,elasticsearch,ES-23381,5.2.1,java.lang.IllegalArgumentException,13,62328,14.5,7141,"[14.5,1]"
2,elasticsearch,ES-23381,5.2.1,java.lang.IllegalArgumentException,14,62328,14.5,6892,"[14.5,1]"
3,elasticsearch,ES-23381,5.2.1,java.lang.IllegalArgumentException,1,62328,1.5,1596,"[1.5,1]"
3,elasticsearch,ES-23381,5.2.1,java.lang.IllegalArgumentException,2,62328,1.5,987,"[2.5,1][1.5,940]"
3,elasticsearch,ES-23381,5.2.1,java.lang.IllegalArgumentException,3,62328,3.5,1394,"[3.5,1]"
1,elasticsearch,ES-23381,5.2.1,java.lang.IllegalArgumentException,8,62328,9.0,844,"[9.5,1][9.0,5]"
1,elasticsearch,ES-23381,5.2.1,java.lang.IllegalArgumentException,10,62328,10.666666666666666,836,"[10.666666666666666,1]"
3,elasticsearch,ES-23381,5.2.1,java.lang.IllegalArgumentException,5,62328,5.5,1363,"[5.5,1]"
3,elasticsearch,ES-23381,5.2.1,java.lang.IllegalArgumentException,6,62328,7.958333333333334,3321,"[7.958333333333334,1]"
3,elasticsearch,ES-23381,5.2.1,java.lang.IllegalArgumentException,7,62328,7.958333333333334,3043,"[7.958333333333334,1]"
3,elasticsearch,ES-23381,5.2.1,java.lang.IllegalArgumentException,9,62328,9.5,426,"[9.5,1]"
4,elasticsearch,ES-23381,5.2.1,java.lang.IllegalArgumentException,11,62328,-1,0,
3,elasticsearch,ES-23381,5.2.1,java.lang.IllegalArgumentException,12,62328,12.5,12872,"[12.5,1]"
3,elasticsearch,ES-23381,5.2.1,java.lang.IllegalArgumentException,4,62328,3.9375,37,"[3.9375,1]"
3,elasticsearch,ES-23381,5.2.1,java.lang.IllegalArgumentException,13,62328,14.5,6685,"[14.5,1]"
3,elasticsearch,ES-23381,5.2.1,java.lang.IllegalArgumentException,14,62328,14.5,8104,"[14.5,1]"
4,elasticsearch,ES-23381,5.2.1,java.lang.IllegalArgumentException,2,62328,2.5,1088,"[2.5,1]"
4,elasticsearch,ES-23381,5.2.1,java.lang.IllegalArgumentException,3,62328,3.5,1599,"[3.5,1]"
3,elasticsearch,ES-23381,5.2.1,java.lang.IllegalArgumentException,10,62328,10.666666666666666,755,"[10.666666666666666,1]"
5,elasticsearch,ES-23381,5.2.1,java.lang.IllegalArgumentException,11,62328,-1,0,
4,elasticsearch,ES-23381,5.2.1,java.lang.IllegalArgumentException,4,62328,3.9375,54,"[3.9375,1]"
4,elasticsearch,ES-23381,5.2.1,java.lang.IllegalArgumentException,5,62328,5.5,1456,"[5.5,1]"
4,elasticsearch,ES-23381,5.2.1,java.lang.IllegalArgumentException,6,62328,7.958333333333334,3515,"[7.958333333333334,1]"
4,elasticsearch,ES-23381,5.2.1,java.lang.IllegalArgumentException,10,62328,10.666666666666666,290,"[10.666666666666666,1]"
4,elasticsearch,ES-23381,5.2.1,java.lang.IllegalArgumentException,7,62328,7.958333333333334,3311,"[7.958333333333334,1]"
4,elasticsearch,ES-23381,5.2.1,java.lang.IllegalArgumentException,8,62328,9.0,533,"[9.5,1][9.0,74]"
6,elasticsearch,ES-23381,5.2.1,java.lang.IllegalArgumentException,11,62328,-1,0,
4,elasticsearch,ES-23381,5.2.1,java.lang.IllegalArgumentException,12,62328,12.5,11757,"[12.5,1]"
4,elasticsearch,ES-23381,5.2.1,java.lang.IllegalArgumentException,13,62328,14.5,6430,"[14.5,1]"
4,elasticsearch,ES-23381,5.2.1,java.lang.IllegalArgumentException,14,62328,14.5,7147,"[14.5,1]"
5,elasticsearch,ES-23381,5.2.1,java.lang.IllegalArgumentException,1,62328,1.5,1491,"[1.5,1]"
5,elasticsearch,ES-23381,5.2.1,java.lang.IllegalArgumentException,2,62328,2.5,1131,"[2.5,1]"
4,elasticsearch,ES-23381,5.2.1,java.lang.IllegalArgumentException,1,62328,1.5,1183,"[1.5,1]"
5,elasticsearch,ES-23381,5.2.1,java.lang.IllegalArgumentException,3,62328,3.5,1766,"[3.5,1]"
5,elasticsearch,ES-23381,5.2.1,java.lang.IllegalArgumentException,4,62328,3.9375,121,"[3.9375,1]"
5,elasticsearch,ES-23381,5.2.1,java.lang.IllegalArgumentException,7,62328,7.958333333333334,1301,"[7.958333333333334,1]"
6,elasticsearch,ES-23381,5.2.1,java.lang.IllegalArgumentException,5,62328,5.5,226,"[5.5,1]"
4,elasticsearch,ES-23381,5.2.1,java.lang.IllegalArgumentException,9,62328,9.0,618,"[9.5,1][9.0,6]"
5,elasticsearch,ES-23381,5.2.1,java.lang.IllegalArgumentException,5,62328,5.5,1311,"[5.5,1]"
5,elasticsearch,ES-23381,5.2.1,java.lang.IllegalArgumentException,6,62328,7.958333333333334,3598,"[7.958333333333334,1]"
6,elasticsearch,ES-23381,5.2.1,java.lang.IllegalArgumentException,4,62328,3.9375,52,"[3.9375,1]"
5,elasticsearch,ES-23381,5.2.1,java.lang.IllegalArgumentException,12,62328,12.5,13699,"[12.5,1]"
5,elasticsearch,ES-23381,5.2.1,java.lang.IllegalArgumentException,13,62328,14.5,7078,"[14.5,1]"
5,elasticsearch,ES-23381,5.2.1,java.lang.IllegalArgumentException,14,62328,14.5,6877,"[14.5,1]"
6,elasticsearch,ES-23381,5.2.1,java.lang.IllegalArgumentException,1,62328,1.5,1547,"[1.5,1]"
5,elasticsearch,ES-23381,5.2.1,java.lang.IllegalArgumentException,10,62328,10.666666666666666,480,"[10.666666666666666,1]"
6,elasticsearch,ES-23381,5.2.1,java.lang.IllegalArgumentException,2,62328,2.5,958,"[2.5,1]"
6,elasticsearch,ES-23381,5.2.1,java.lang.IllegalArgumentException,3,62328,3.5,1798,"[3.5,1]"
7,elasticsearch,ES-23381,5.2.1,java.lang.IllegalArgumentException,11,62328,-1,0,
6,elasticsearch,ES-23381,5.2.1,java.lang.IllegalArgumentException,6,62328,7.958333333333334,3063,"[7.958333333333334,1]"
6,elasticsearch,ES-23381,5.2.1,java.lang.IllegalArgumentException,7,62328,7.958333333333334,3667,"[7.958333333333334,1]"
6,elasticsearch,ES-23381,5.2.1,java.lang.IllegalArgumentException,8,62328,9.0,1116,"[9.5,1][9.0,36]"
9,elasticsearch,ES-23381,5.2.1,java.lang.IllegalArgumentException,12,62328,12.5,720,"[12.5,1]"
6,elasticsearch,ES-23381,5.2.1,java.lang.IllegalArgumentException,9,62328,9.0,1202,"[9.5,1][9.0,12]"
6,elasticsearch,ES-23381,5.2.1,java.lang.IllegalArgumentException,10,62328,10.666666666666666,1086,"[10.666666666666666,1]"
6,elasticsearch,ES-23381,5.2.1,java.lang.IllegalArgumentException,12,62328,12.5,12687,"[12.5,1]"
6,elasticsearch,ES-23381,5.2.1,java.lang.IllegalArgumentException,13,62328,14.5,5113,"[14.5,1]"
6,elasticsearch,ES-23381,5.2.1,java.lang.IllegalArgumentException,14,62328,14.5,7951,"[14.5,1]"
7,elasticsearch,ES-23381,5.2.1,java.lang.IllegalArgumentException,1,62328,1.5,1632,"[1.5,1]"
7,elasticsearch,ES-23381,5.2.1,java.lang.IllegalArgumentException,2,62328,2.5,949,"[2.5,1]"
5,elasticsearch,ES-23381,5.2.1,java.lang.IllegalArgumentException,9,62328,9.0,820,"[9.5,1][9.0,29]"
7,elasticsearch,ES-23381,5.2.1,java.lang.IllegalArgumentException,3,62328,3.5,1546,"[3.5,1]"
5,elasticsearch,ES-23381,5.2.1,java.lang.IllegalArgumentException,8,62328,9.0,1041,"[9.5,1][9.0,116]"
8,elasticsearch,ES-23381,5.2.1,java.lang.IllegalArgumentException,11,62328,-1,0,
7,elasticsearch,ES-23381,5.2.1,java.lang.IllegalArgumentException,4,62328,3.9375,23,"[3.9375,1]"
7,elasticsearch,ES-23381,5.2.1,java.lang.IllegalArgumentException,5,62328,5.5,1366,"[5.5,1]"
7,elasticsearch,ES-23381,5.2.1,java.lang.IllegalArgumentException,6,62328,7.958333333333334,3401,"[7.958333333333334,1]"
7,elasticsearch,ES-23381,5.2.1,java.lang.IllegalArgumentException,7,62328,7.958333333333334,3558,"[7.958333333333334,1]"
1,elasticsearch,ES-21457,5.0.0,java.lang.IllegalArgumentException,1,62328,0.0,13,"[1.3333333333333333,1][0.0,13]"
1,elasticsearch,ES-21457,5.0.0,java.lang.IllegalArgumentException,2,62328,0.0,11,"[1.3333333333333333,1][0.0,11]"
7,elasticsearch,ES-23381,5.2.1,java.lang.IllegalArgumentException,12,62328,12.5,11653,"[12.5,1]"
7,elasticsearch,ES-23381,5.2.1,java.lang.IllegalArgumentException,13,62328,14.5,7639,"[14.5,1]"
9,elasticsearch,ES-23381,5.2.1,java.lang.IllegalArgumentException,11,62328,-1,0,
7,elasticsearch,ES-23381,5.2.1,java.lang.IllegalArgumentException,14,62328,14.5,5026,"[14.5,1]"
8,elasticsearch,ES-23381,5.2.1,java.lang.IllegalArgumentException,1,62328,1.5,1713,"[1.5,1]"
8,elasticsearch,ES-23381,5.2.1,java.lang.IllegalArgumentException,2,62328,2.5,793,"[2.5,1]"
8,elasticsearch,ES-23381,5.2.1,java.lang.IllegalArgumentException,3,62328,3.5,1564,"[3.5,1]"
7,elasticsearch,ES-23381,5.2.1,java.lang.IllegalArgumentException,8,62328,9.0,762,"[9.5,1][9.0,3]"
8,elasticsearch,ES-23381,5.2.1,java.lang.IllegalArgumentException,4,62328,3.9375,73,"[3.9375,1]"
7,elasticsearch,ES-23381,5.2.1,java.lang.IllegalArgumentException,9,62328,9.5,665,"[9.5,1]"
2,elasticsearch,ES-21457,5.0.0,java.lang.IllegalArgumentException,1,62328,0.0,1,"[0.0,1]"
8,elasticsearch,ES-23381,5.2.1,java.lang.IllegalArgumentException,5,62328,5.5,1189,"[5.5,1]"
2,elasticsearch,ES-21457,5.0.0,java.lang.IllegalArgumentException,2,62328,0.0,1,"[0.0,1]"
8,elasticsearch,ES-23381,5.2.1,java.lang.IllegalArgumentException,6,62328,7.958333333333334,2606,"[7.958333333333334,1]"
7,elasticsearch,ES-23381,5.2.1,java.lang.IllegalArgumentException,10,62328,10.666666666666666,781,"[10.666666666666666,1]"
8,elasticsearch,ES-23381,5.2.1,java.lang.IllegalArgumentException,7,62328,7.958333333333334,3368,"[7.958333333333334,1]"
8,elasticsearch,ES-23381,5.2.1,java.lang.IllegalArgumentException,12,62328,12.5,12607,"[12.5,1]"
8,elasticsearch,ES-23381,5.2.1,java.lang.IllegalArgumentException,8,62328,9.0,403,"[9.0,1]"
10,elasticsearch,ES-23381,5.2.1,java.lang.IllegalArgumentException,3,62328,3.5,168,"[3.5,1]"
8,elasticsearch,ES-23381,5.2.1,java.lang.IllegalArgumentException,13,62328,14.5,6225,"[14.5,1]"
10,elasticsearch,ES-23381,5.2.1,java.lang.IllegalArgumentException,11,62328,-1,0,
8,elasticsearch,ES-23381,5.2.1,java.lang.IllegalArgumentException,14,62328,14.5,7363,"[14.5,1]"
9,elasticsearch,ES-23381,5.2.1,java.lang.IllegalArgumentException,1,62328,1.5,1437,"[1.5,1]"
3,elasticsearch,ES-21457,5.0.0,java.lang.IllegalArgumentException,1,62328,0.0,1,"[0.0,1]"
9,elasticsearch,ES-23381,5.2.1,java.lang.IllegalArgumentException,3,62328,3.5,1717,"[3.5,1]"
9,elasticsearch,ES-23381,5.2.1,java.lang.IllegalArgumentException,4,62328,3.9375,69,"[3.9375,1]"
3,elasticsearch,ES-21457,5.0.0,java.lang.IllegalArgumentException,2,62328,0.0,14,"[1.3333333333333333,1][0.0,14]"
9,elasticsearch,ES-23381,5.2.1,java.lang.IllegalArgumentException,5,62328,5.5,1316,"[5.5,1]"
9,elasticsearch,ES-23381,5.2.1,java.lang.IllegalArgumentException,6,62328,7.958333333333334,3409,"[7.958333333333334,1]"
9,elasticsearch,ES-23381,5.2.1,java.lang.IllegalArgumentException,7,62328,7.958333333333334,3605,"[7.958333333333334,1]"
9,elasticsearch,ES-23381,5.2.1,java.lang.IllegalArgumentException,8,62328,9.0,1198,"[9.5,1][9.0,3]"
2,elasticsearch,ES-21457,5.0.0,java.lang.IllegalArgumentException,4,62328,3.9,244,"[4.5,1][4.0,4][3.9,241]"
8,elasticsearch,ES-23381,5.2.1,java.lang.IllegalArgumentException,9,62328,9.5,664,"[9.5,1]"
8,elasticsearch,ES-23381,5.2.1,java.lang.IllegalArgumentException,10,62328,10.666666666666666,792,"[10.666666666666666,1]"
1,elasticsearch,ES-21457,5.0.0,java.lang.IllegalArgumentException,4,62328,4.5,38,"[4.5,1]"
9,elasticsearch,ES-23381,5.2.1,java.lang.IllegalArgumentException,13,62328,14.5,3535,"[14.5,1]"
9,elasticsearch,ES-23381,5.2.1,java.lang.IllegalArgumentException,14,62328,14.5,7111,"[14.5,1]"
10,elasticsearch,ES-23381,5.2.1,java.lang.IllegalArgumentException,1,62328,1.5,1519,"[1.5,1]"
1,elasticsearch,ES-21457,5.0.0,java.lang.IllegalArgumentException,8,62328,-1,0,
4,elasticsearch,ES-21457,5.0.0,java.lang.IllegalArgumentException,1,62328,0.0,1,"[0.0,1]"
4,elasticsearch,ES-21457,5.0.0,java.lang.IllegalArgumentException,2,62328,0.0,1,"[0.0,1]"
10,elasticsearch,ES-23381,5.2.1,java.lang.IllegalArgumentException,2,62328,2.5,1179,"[2.5,1]"
9,elasticsearch,ES-23381,5.2.1,java.lang.IllegalArgumentException,2,62328,2.5,645,"[2.5,1]"
1,elasticsearch,ES-21457,5.0.0,java.lang.IllegalArgumentException,9,62328,-1,0,
10,elasticsearch,ES-23381,5.2.1,java.lang.IllegalArgumentException,4,62328,3.9375,80,"[3.9375,1]"
10,elasticsearch,ES-23381,5.2.1,java.lang.IllegalArgumentException,5,62328,5.5,1157,"[5.5,1]"
1,elasticsearch,ES-21457,5.0.0,java.lang.IllegalArgumentException,11,62328,-1,0,
10,elasticsearch,ES-23381,5.2.1,java.lang.IllegalArgumentException,6,62328,7.958333333333334,3208,"[7.958333333333334,1]"
10,elasticsearch,ES-23381,5.2.1,java.lang.IllegalArgumentException,7,62328,7.958333333333334,3619,"[7.958333333333334,1]"
4,elasticsearch,ES-21457,5.0.0,java.lang.IllegalArgumentException,10,62328,10.5,8,"[10.5,1]"
10,elasticsearch,ES-23381,5.2.1,java.lang.IllegalArgumentException,8,62328,9.0,1187,"[9.0,1]"
9,elasticsearch,ES-23381,5.2.1,java.lang.IllegalArgumentException,9,62328,9.0,808,"[9.5,1][9.0,7]"
1,elasticsearch,ES-21457,5.0.0,java.lang.IllegalArgumentException,12,62328,-1,0,
10,elasticsearch,ES-23381,5.2.1,java.lang.IllegalArgumentException,9,62328,9.0,1028,"[9.5,1][9.0,5]"
5,elasticsearch,ES-21457,5.0.0,java.lang.IllegalArgumentException,2,62328,0.0,1,"[0.0,1]"
5,elasticsearch,ES-21457,5.0.0,java.lang.IllegalArgumentException,1,62328,0.0,1,"[0.0,1]"
10,elasticsearch,ES-23381,5.2.1,java.lang.IllegalArgumentException,12,62328,12.5,13706,"[12.5,1]"
2,elasticsearch,ES-21457,5.0.0,java.lang.IllegalArgumentException,8,62328,-1,0,
10,elasticsearch,ES-23381,5.2.1,java.lang.IllegalArgumentException,13,62328,14.5,7473,"[14.5,1]"
3,elasticsearch,ES-21457,5.0.0,java.lang.IllegalArgumentException,4,62328,4.5,74,"[4.5,1]"
2,elasticsearch,ES-21457,5.0.0,java.lang.IllegalArgumentException,9,62328,-1,0,
2,elasticsearch,ES-21457,5.0.0,java.lang.IllegalArgumentException,11,62328,-1,0,
10,elasticsearch,ES-23381,5.2.1,java.lang.IllegalArgumentException,14,62328,14.5,6372,"[14.5,1]"
2,elasticsearch,ES-21457,5.0.0,java.lang.IllegalArgumentException,12,62328,-1,0,
6,elasticsearch,ES-21457,5.0.0,java.lang.IllegalArgumentException,1,62328,0.0,1,"[0.0,1]"
9,elasticsearch,ES-23381,5.2.1,java.lang.IllegalArgumentException,10,62328,10.666666666666666,775,"[10.666666666666666,1]"
1,elasticsearch,ES-21457,5.0.0,java.lang.IllegalArgumentException,3,62328,3.5,1656,"[3.5,1]"
10,elasticsearch,ES-23381,5.2.1,java.lang.IllegalArgumentException,10,62328,10.666666666666666,686,"[10.666666666666666,1]"
6,elasticsearch,ES-21457,5.0.0,java.lang.IllegalArgumentException,2,62328,0.0,19,"[1.3333333333333333,1][0.0,19]"
1,elasticsearch,ES-21457,5.0.0,java.lang.IllegalArgumentException,5,62328,6.8,2457,"[6.8,1]"
1,elasticsearch,ES-21457,5.0.0,java.lang.IllegalArgumentException,6,62328,6.8,2279,"[6.8,1]"
6,elasticsearch,ES-21457,5.0.0,java.lang.IllegalArgumentException,5,62328,6.8,92,"[6.8,1]"
1,elasticsearch,ES-21457,5.0.0,java.lang.IllegalArgumentException,7,62328,7.5,1258,"[7.5,1]"
3,elasticsearch,ES-21457,5.0.0,java.lang.IllegalArgumentException,8,62328,-1,0,
3,elasticsearch,ES-21457,5.0.0,java.lang.IllegalArgumentException,9,62328,-1,0,
3,elasticsearch,ES-21457,5.0.0,java.lang.IllegalArgumentException,11,62328,-1,0,
7,elasticsearch,ES-21457,5.0.0,java.lang.IllegalArgumentException,1,62328,0.0,1,"[0.0,1]"
7,elasticsearch,ES-21457,5.0.0,java.lang.IllegalArgumentException,2,62328,0.0,1,"[0.0,1]"
2,elasticsearch,ES-21457,5.0.0,java.lang.IllegalArgumentException,5,62328,6.8,715,"[6.8,1]"
3,elasticsearch,ES-21457,5.0.0,java.lang.IllegalArgumentException,12,62328,-1,0,
1,elasticsearch,ES-21457,5.0.0,java.lang.IllegalArgumentException,10,62328,10.5,105,"[10.5,1]"
4,elasticsearch,ES-21457,5.0.0,java.lang.IllegalArgumentException,8,62328,-1,0,
4,elasticsearch,ES-21457,5.0.0,java.lang.IllegalArgumentException,9,62328,-1,0,
4,elasticsearch,ES-21457,5.0.0,java.lang.IllegalArgumentException,11,62328,-1,0,
1,elasticsearch,ES-21457,5.0.0,java.lang.IllegalArgumentException,13,62328,13.5,8867,"[13.5,1]"
2,elasticsearch,ES-21457,5.0.0,java.lang.IllegalArgumentException,7,62328,7.5,517,"[7.5,1]"
4,elasticsearch,ES-21457,5.0.0,java.lang.IllegalArgumentException,12,62328,-1,0,
2,elasticsearch,ES-21457,5.0.0,java.lang.IllegalArgumentException,3,62328,3.5,1415,"[3.5,1]"
2,elasticsearch,ES-21457,5.0.0,java.lang.IllegalArgumentException,6,62328,6.8,3233,"[6.8,1]"
8,elasticsearch,ES-21457,5.0.0,java.lang.IllegalArgumentException,1,62328,0.0,2,"[1.3333333333333333,1][0.0,2]"
8,elasticsearch,ES-21457,5.0.0,java.lang.IllegalArgumentException,2,62328,0.0,7,"[1.3333333333333333,1][0.0,7]"
5,elasticsearch,ES-21457,5.0.0,java.lang.IllegalArgumentException,8,62328,-1,0,
5,elasticsearch,ES-21457,5.0.0,java.lang.IllegalArgumentException,9,62328,-1,0,
2,elasticsearch,ES-21457,5.0.0,java.lang.IllegalArgumentException,13,62328,13.5,3767,"[13.5,1]"
2,elasticsearch,ES-21457,5.0.0,java.lang.IllegalArgumentException,10,62328,10.5,97,"[10.5,1]"
4,elasticsearch,ES-21457,5.0.0,java.lang.IllegalArgumentException,4,62328,4.0,539,"[4.0,1]"
3,elasticsearch,ES-21457,5.0.0,java.lang.IllegalArgumentException,3,62328,3.5,1352,"[3.5,1]"
5,elasticsearch,ES-21457,5.0.0,java.lang.IllegalArgumentException,11,62328,-1,0,
5,elasticsearch,ES-21457,5.0.0,java.lang.IllegalArgumentException,12,62328,-1,0,
3,elasticsearch,ES-21457,5.0.0,java.lang.IllegalArgumentException,6,62328,6.8,2427,"[6.8,1]"
6,elasticsearch,ES-21457,5.0.0,java.lang.IllegalArgumentException,8,62328,-1,0,
6,elasticsearch,ES-21457,5.0.0,java.lang.IllegalArgumentException,3,62328,3.5,75,"[3.5,1]"
9,elasticsearch,ES-21457,5.0.0,java.lang.IllegalArgumentException,2,62328,0.0,1,"[0.0,1]"
3,elasticsearch,ES-21457,5.0.0,java.lang.IllegalArgumentException,10,62328,10.5,94,"[10.5,1]"
9,elasticsearch,ES-21457,5.0.0,java.lang.IllegalArgumentException,1,62328,0.0,4,"[1.3333333333333333,1][0.0,4]"
6,elasticsearch,ES-21457,5.0.0,java.lang.IllegalArgumentException,9,62328,-1,0,
6,elasticsearch,ES-21457,5.0.0,java.lang.IllegalArgumentException,11,62328,-1,0,
6,elasticsearch,ES-21457,5.0.0,java.lang.IllegalArgumentException,12,62328,-1,0,
3,elasticsearch,ES-21457,5.0.0,java.lang.IllegalArgumentException,13,62328,13.5,9546,"[13.5,1]"
4,elasticsearch,ES-21457,5.0.0,java.lang.IllegalArgumentException,3,62328,3.5,1826,"[3.5,1]"
6,elasticsearch,ES-21457,5.0.0,java.lang.IllegalArgumentException,4,62328,4.5,245,"[4.5,1]"
4,elasticsearch,ES-21457,5.0.0,java.lang.IllegalArgumentException,5,62328,6.8,2424,"[6.8,1]"
4,elasticsearch,ES-21457,5.0.0,java.lang.IllegalArgumentException,6,62328,6.8,2474,"[6.8,1]"
7,elasticsearch,ES-21457,5.0.0,java.lang.IllegalArgumentException,8,62328,-1,0,
4,elasticsearch,ES-21457,5.0.0,java.lang.IllegalArgumentException,13,62328,13.5,2855,"[13.5,1]"
10,elasticsearch,ES-21457,5.0.0,java.lang.IllegalArgumentException,2,62328,0.0,7,"[1.3333333333333333,1][0.0,7]"
7,elasticsearch,ES-21457,5.0.0,java.lang.IllegalArgumentException,9,62328,-1,0,
10,elasticsearch,ES-21457,5.0.0,java.lang.IllegalArgumentException,1,62328,0.0,27,"[1.3333333333333333,1][0.0,27]"
7,elasticsearch,ES-21457,5.0.0,java.lang.IllegalArgumentException,11,62328,-1,0,
5,elasticsearch,ES-21457,5.0.0,java.lang.IllegalArgumentException,3,62328,3.5,1725,"[3.5,1]"
5,elasticsearch,ES-21457,5.0.0,java.lang.IllegalArgumentException,4,62328,3.9,230,"[4.5,1][4.0,68][3.9,218]"
7,elasticsearch,ES-21457,5.0.0,java.lang.IllegalArgumentException,12,62328,-1,0,
5,elasticsearch,ES-21457,5.0.0,java.lang.IllegalArgumentException,5,62328,6.8,2911,"[6.8,1]"
3,elasticsearch,ES-21457,5.0.0,java.lang.IllegalArgumentException,5,62328,6.8,1898,"[6.8,1]"
5,elasticsearch,ES-21457,5.0.0,java.lang.IllegalArgumentException,6,62328,6.8,2688,"[6.8,1]"
3,elasticsearch,ES-21457,5.0.0,java.lang.IllegalArgumentException,7,62328,7.5,1075,"[7.5,1]"
5,elasticsearch,ES-21457,5.0.0,java.lang.IllegalArgumentException,10,62328,10.5,92,"[10.5,1]"
5,elasticsearch,ES-21457,5.0.0,java.lang.IllegalArgumentException,13,62328,13.5,5328,"[13.5,1]"
4,elasticsearch,ES-21457,5.0.0,java.lang.IllegalArgumentException,7,62328,7.5,966,"[7.5,1]"
8,elasticsearch,ES-21457,5.0.0,java.lang.IllegalArgumentException,8,62328,-1,0,
8,elasticsearch,ES-21457,5.0.0,java.lang.IllegalArgumentException,9,62328,-1,0,
6,elasticsearch,ES-21457,5.0.0,java.lang.IllegalArgumentException,6,62328,6.8,2677,"[6.8,1]"
6,elasticsearch,ES-21457,5.0.0,java.lang.IllegalArgumentException,7,62328,7.5,1424,"[7.5,1]"
8,elasticsearch,ES-21457,5.0.0,java.lang.IllegalArgumentException,11,62328,-1,0,
8,elasticsearch,ES-21457,5.0.0,java.lang.IllegalArgumentException,12,62328,-1,0,
7,elasticsearch,ES-21457,5.0.0,java.lang.IllegalArgumentException,4,62328,4.0,807,"[4.0,1]"
6,elasticsearch,ES-21457,5.0.0,java.lang.IllegalArgumentException,10,62328,10.5,87,"[10.5,1]"
6,elasticsearch,ES-21457,5.0.0,java.lang.IllegalArgumentException,13,62328,13.5,4604,"[13.5,1]"
7,elasticsearch,ES-21457,5.0.0,java.lang.IllegalArgumentException,3,62328,3.5,713,"[3.5,1]"
7,elasticsearch,ES-21457,5.0.0,java.lang.IllegalArgumentException,5,62328,6.8,3136,"[6.8,1]"
7,elasticsearch,ES-21457,5.0.0,java.lang.IllegalArgumentException,7,62328,7.5,570,"[7.5,1]"
9,elasticsearch,ES-21457,5.0.0,java.lang.IllegalArgumentException,8,62328,-1,0,
2,elasticsearch,ES-25849,5.5.0,java.lang.IllegalStateException,6,62328,-1,0,
9,elasticsearch,ES-21457,5.0.0,java.lang.IllegalArgumentException,9,62328,-1,0,
5,elasticsearch,ES-21457,5.0.0,java.lang.IllegalArgumentException,7,62328,7.5,870,"[7.5,1]"
9,elasticsearch,ES-21457,5.0.0,java.lang.IllegalArgumentException,11,62328,-1,0,
9,elasticsearch,ES-21457,5.0.0,java.lang.IllegalArgumentException,12,62328,-1,0,
9,elasticsearch,ES-21457,5.0.0,java.lang.IllegalArgumentException,4,62328,4.5,147,"[4.5,1]"
7,elasticsearch,ES-21457,5.0.0,java.lang.IllegalArgumentException,10,62328,10.5,107,"[10.5,1]"
7,elasticsearch,ES-21457,5.0.0,java.lang.IllegalArgumentException,13,62328,13.5,10551,"[13.5,1]"
8,elasticsearch,ES-21457,5.0.0,java.lang.IllegalArgumentException,3,62328,3.5,1243,"[3.5,1]"
8,elasticsearch,ES-21457,5.0.0,java.lang.IllegalArgumentException,4,62328,3.9,598,"[4.5,1][4.0,2][3.9,586]"
10,elasticsearch,ES-21457,5.0.0,java.lang.IllegalArgumentException,8,62328,-1,0,
10,elasticsearch,ES-21457,5.0.0,java.lang.IllegalArgumentException,9,62328,-1,0,
10,elasticsearch,ES-21457,5.0.0,java.lang.IllegalArgumentException,11,62328,-1,0,
8,elasticsearch,ES-21457,5.0.0,java.lang.IllegalArgumentException,5,62328,6.8,2442,"[6.8,1]"
10,elasticsearch,ES-21457,5.0.0,java.lang.IllegalArgumentException,12,62328,-1,0,
8,elasticsearch,ES-21457,5.0.0,java.lang.IllegalArgumentException,6,62328,6.8,2783,"[6.8,1]"
8,elasticsearch,ES-21457,5.0.0,java.lang.IllegalArgumentException,7,62328,7.5,1523,"[7.5,1]"
1,elasticsearch,ES-25849,5.5.0,java.lang.IllegalStateException,3,62328,-1,0,
10,elasticsearch,ES-21457,5.0.0,java.lang.IllegalArgumentException,4,62328,4.5,126,"[4.5,1]"
8,elasticsearch,ES-21457,5.0.0,java.lang.IllegalArgumentException,10,62328,10.5,97,"[10.5,1]"
1,elasticsearch,ES-25849,5.5.0,java.lang.IllegalStateException,4,62328,-1,0,
8,elasticsearch,ES-21457,5.0.0,java.lang.IllegalArgumentException,13,62328,13.5,6757,"[13.5,1]"
1,elasticsearch,ES-25849,5.5.0,java.lang.IllegalStateException,5,62328,-1,0,
1,elasticsearch,ES-25849,5.5.0,java.lang.IllegalStateException,6,62328,-1,0,
1,elasticsearch,ES-25849,5.5.0,java.lang.IllegalStateException,7,62328,-1,0,
1,elasticsearch,ES-25849,5.5.0,java.lang.IllegalStateException,9,62328,-1,0,
1,elasticsearch,ES-25849,5.5.0,java.lang.IllegalStateException,10,62328,-1,0,
2,elasticsearch,ES-25849,5.5.0,java.lang.IllegalStateException,3,62328,-1,0,
2,elasticsearch,ES-25849,5.5.0,java.lang.IllegalStateException,4,62328,-1,0,
9,elasticsearch,ES-21457,5.0.0,java.lang.IllegalArgumentException,3,62328,3.5,1990,"[3.5,1]"
9,elasticsearch,ES-21457,5.0.0,java.lang.IllegalArgumentException,5,62328,6.8,2885,"[6.8,1]"
9,elasticsearch,ES-21457,5.0.0,java.lang.IllegalArgumentException,6,62328,6.8,2870,"[6.8,1]"
2,elasticsearch,ES-25849,5.5.0,java.lang.IllegalStateException,5,62328,-1,0,
2,elasticsearch,ES-25849,5.5.0,java.lang.IllegalStateException,7,62328,-1,0,
9,elasticsearch,ES-21457,5.0.0,java.lang.IllegalArgumentException,10,62328,10.5,114,"[10.5,1]"
2,elasticsearch,ES-25849,5.5.0,java.lang.IllegalStateException,9,62328,-1,0,
7,elasticsearch,ES-21457,5.0.0,java.lang.IllegalArgumentException,6,62328,6.8,2550,"[6.8,1]"
2,elasticsearch,ES-25849,5.5.0,java.lang.IllegalStateException,10,62328,-1,0,
3,elasticsearch,ES-25849,5.5.0,java.lang.IllegalStateException,3,62328,-1,0,
3,elasticsearch,ES-25849,5.5.0,java.lang.IllegalStateException,4,62328,-1,0,
3,elasticsearch,ES-25849,5.5.0,java.lang.IllegalStateException,5,62328,-1,0,
3,elasticsearch,ES-25849,5.5.0,java.lang.IllegalStateException,6,62328,-1,0,
10,elasticsearch,ES-21457,5.0.0,java.lang.IllegalArgumentException,3,62328,3.5,2087,"[3.5,1]"
3,elasticsearch,ES-25849,5.5.0,java.lang.IllegalStateException,7,62328,-1,0,
10,elasticsearch,ES-21457,5.0.0,java.lang.IllegalArgumentException,7,62328,7.5,776,"[7.5,1]"
3,elasticsearch,ES-25849,5.5.0,java.lang.IllegalStateException,10,62328,-1,0,
10,elasticsearch,ES-21457,5.0.0,java.lang.IllegalArgumentException,13,62328,13.5,14124,"[13.5,1]"
10,elasticsearch,ES-21457,5.0.0,java.lang.IllegalArgumentException,10,62328,10.5,127,"[10.5,1]"
10,elasticsearch,ES-21457,5.0.0,java.lang.IllegalArgumentException,6,62328,6.8,1127,"[6.8,1]"
4,elasticsearch,ES-25849,5.5.0,java.lang.IllegalStateException,3,62328,-1,0,
9,elasticsearch,ES-21457,5.0.0,java.lang.IllegalArgumentException,13,62328,13.5,15550,"[13.5,1]"
4,elasticsearch,ES-25849,5.5.0,java.lang.IllegalStateException,4,62328,-1,0,
4,elasticsearch,ES-25849,5.5.0,java.lang.IllegalStateException,5,62328,-1,0,
4,elasticsearch,ES-25849,5.5.0,java.lang.IllegalStateException,6,62328,-1,0,
4,elasticsearch,ES-25849,5.5.0,java.lang.IllegalStateException,7,62328,-1,0,
4,elasticsearch,ES-25849,5.5.0,java.lang.IllegalStateException,9,62328,-1,0,
4,elasticsearch,ES-25849,5.5.0,java.lang.IllegalStateException,10,62328,-1,0,
5,elasticsearch,ES-25849,5.5.0,java.lang.IllegalStateException,3,62328,-1,0,
5,elasticsearch,ES-25849,5.5.0,java.lang.IllegalStateException,4,62328,-1,0,
5,elasticsearch,ES-25849,5.5.0,java.lang.IllegalStateException,5,62328,-1,0,
9,elasticsearch,ES-21457,5.0.0,java.lang.IllegalArgumentException,7,62328,7.5,1231,"[7.5,1]"
1,elasticsearch,ES-25849,5.5.0,java.lang.IllegalStateException,8,62328,5.5,907,"[5.5,1]"
5,elasticsearch,ES-25849,5.5.0,java.lang.IllegalStateException,6,62328,-1,0,
5,elasticsearch,ES-25849,5.5.0,java.lang.IllegalStateException,7,62328,-1,0,
5,elasticsearch,ES-25849,5.5.0,java.lang.IllegalStateException,9,62328,-1,0,
5,elasticsearch,ES-25849,5.5.0,java.lang.IllegalStateException,10,62328,-1,0,
6,elasticsearch,ES-25849,5.5.0,java.lang.IllegalStateException,3,62328,-1,0,
6,elasticsearch,ES-25849,5.5.0,java.lang.IllegalStateException,4,62328,-1,0,
6,elasticsearch,ES-25849,5.5.0,java.lang.IllegalStateException,5,62328,-1,0,
6,elasticsearch,ES-25849,5.5.0,java.lang.IllegalStateException,6,62328,-1,0,
6,elasticsearch,ES-25849,5.5.0,java.lang.IllegalStateException,7,62328,-1,0,
1,elasticsearch,ES-23675,5.2.1,java.lang.IllegalStateException,2,62328,1.0,103,"[1.3333333333333333,1][1.0,15]"
2,elasticsearch,ES-25849,5.5.0,java.lang.IllegalStateException,8,62328,5.5,867,"[5.5,1]"
6,elasticsearch,ES-25849,5.5.0,java.lang.IllegalStateException,10,62328,-1,0,
7,elasticsearch,ES-25849,5.5.0,java.lang.IllegalStateException,3,62328,-1,0,
7,elasticsearch,ES-25849,5.5.0,java.lang.IllegalStateException,4,62328,-1,0,
7,elasticsearch,ES-25849,5.5.0,java.lang.IllegalStateException,5,62328,-1,0,
7,elasticsearch,ES-25849,5.5.0,java.lang.IllegalStateException,6,62328,-1,0,
3,elasticsearch,ES-25849,5.5.0,java.lang.IllegalStateException,8,62328,5.5,888,"[5.5,1]"
7,elasticsearch,ES-25849,5.5.0,java.lang.IllegalStateException,7,62328,-1,0,
3,elasticsearch,ES-25849,5.5.0,java.lang.IllegalStateException,9,62328,9.5,2149,"[9.5,1]"
7,elasticsearch,ES-25849,5.5.0,java.lang.IllegalStateException,9,62328,-1,0,
7,elasticsearch,ES-25849,5.5.0,java.lang.IllegalStateException,10,62328,-1,0,
8,elasticsearch,ES-25849,5.5.0,java.lang.IllegalStateException,3,62328,-1,0,
8,elasticsearch,ES-25849,5.5.0,java.lang.IllegalStateException,4,62328,-1,0,
10,elasticsearch,ES-21457,5.0.0,java.lang.IllegalArgumentException,5,62328,6.8,3546,"[6.8,1]"
8,elasticsearch,ES-25849,5.5.0,java.lang.IllegalStateException,5,62328,-1,0,
8,elasticsearch,ES-25849,5.5.0,java.lang.IllegalStateException,6,62328,-1,0,
8,elasticsearch,ES-25849,5.5.0,java.lang.IllegalStateException,7,62328,-1,0,
8,elasticsearch,ES-25849,5.5.0,java.lang.IllegalStateException,9,62328,-1,0,
4,elasticsearch,ES-25849,5.5.0,java.lang.IllegalStateException,8,62328,5.5,833,"[5.5,1]"
8,elasticsearch,ES-25849,5.5.0,java.lang.IllegalStateException,10,62328,-1,0,
9,elasticsearch,ES-25849,5.5.0,java.lang.IllegalStateException,3,62328,-1,0,
9,elasticsearch,ES-25849,5.5.0,java.lang.IllegalStateException,4,62328,-1,0,
9,elasticsearch,ES-25849,5.5.0,java.lang.IllegalStateException,5,62328,-1,0,
9,elasticsearch,ES-25849,5.5.0,java.lang.IllegalStateException,6,62328,-1,0,
9,elasticsearch,ES-25849,5.5.0,java.lang.IllegalStateException,7,62328,-1,0,
5,elasticsearch,ES-25849,5.5.0,java.lang.IllegalStateException,8,62328,5.5,947,"[5.5,1]"
9,elasticsearch,ES-25849,5.5.0,java.lang.IllegalStateException,9,62328,-1,0,
9,elasticsearch,ES-25849,5.5.0,java.lang.IllegalStateException,10,62328,-1,0,
10,elasticsearch,ES-25849,5.5.0,java.lang.IllegalStateException,3,62328,-1,0,
10,elasticsearch,ES-25849,5.5.0,java.lang.IllegalStateException,4,62328,-1,0,
10,elasticsearch,ES-25849,5.5.0,java.lang.IllegalStateException,5,62328,-1,0,
10,elasticsearch,ES-25849,5.5.0,java.lang.IllegalStateException,6,62328,-1,0,
10,elasticsearch,ES-25849,5.5.0,java.lang.IllegalStateException,7,62328,-1,0,
10,elasticsearch,ES-25849,5.5.0,java.lang.IllegalStateException,9,62328,-1,0,
10,elasticsearch,ES-25849,5.5.0,java.lang.IllegalStateException,10,62328,-1,0,
1,elasticsearch,ES-23675,5.2.1,java.lang.IllegalStateException,1,62328,-1,0,
6,elasticsearch,ES-25849,5.5.0,java.lang.IllegalStateException,8,62328,5.5,921,"[5.5,1]"
6,elasticsearch,ES-25849,5.5.0,java.lang.IllegalStateException,9,62328,9.5,1864,"[9.5,1]"
1,elasticsearch,ES-23675,5.2.1,java.lang.IllegalStateException,4,62328,-1,0,
1,elasticsearch,ES-23675,5.2.1,java.lang.IllegalStateException,6,62328,4.5,10,"[4.5,1]"
7,elasticsearch,ES-25849,5.5.0,java.lang.IllegalStateException,8,62328,5.5,786,"[5.5,1]"
1,elasticsearch,ES-23675,5.2.1,java.lang.IllegalStateException,15,62328,-1,0,
10,elasticsearch,ES-25849,5.5.0,java.lang.IllegalStateException,8,62328,5.5,518,"[5.5,1]"
1,elasticsearch,ES-23675,5.2.1,java.lang.IllegalStateException,16,62328,-1,0,
8,elasticsearch,ES-25849,5.5.0,java.lang.IllegalStateException,8,62328,5.5,708,"[5.5,1]"
2,elasticsearch,ES-23675,5.2.1,java.lang.IllegalStateException,1,62328,-1,0,
2,elasticsearch,ES-23675,5.2.1,java.lang.IllegalStateException,3,62328,1.3333333333333333,6,"[1.3333333333333333,1]"
2,elasticsearch,ES-23675,5.2.1,java.lang.IllegalStateException,4,62328,-1,0,
9,elasticsearch,ES-25849,5.5.0,java.lang.IllegalStateException,8,62328,5.5,575,"[5.5,1]"
2,elasticsearch,ES-23675,5.2.1,java.lang.IllegalStateException,8,62328,-1,0,
2,elasticsearch,ES-23675,5.2.1,java.lang.IllegalStateException,9,62328,-1,0,
2,elasticsearch,ES-23675,5.2.1,java.lang.IllegalStateException,10,62328,-1,0,
2,elasticsearch,ES-23675,5.2.1,java.lang.IllegalStateException,15,62328,-1,0,
2,elasticsearch,ES-23675,5.2.1,java.lang.IllegalStateException,16,62328,-1,0,
1,elasticsearch,ES-23675,5.2.1,java.lang.IllegalStateException,3,62328,1.0,1435,"[1.3333333333333333,1][1.0,124]"
3,elasticsearch,ES-23675,5.2.1,java.lang.IllegalStateException,1,62328,-1,0,
1,elasticsearch,ES-23675,5.2.1,java.lang.IllegalStateException,5,62328,1.3333333333333333,1644,"[4.333333333333333,1][3.333333333333333,5][2.0,60][1.6666666666666665,146][1.6,153][1.3333333333333333,757]"
3,elasticsearch,ES-23675,5.2.1,java.lang.IllegalStateException,4,62328,-1,0,
1,elasticsearch,ES-23675,5.2.1,java.lang.IllegalStateException,7,62328,1.75,788,"[6.5,1][4.666666666666666,78][3.6666666666666665,138][1.75,542]"
1,elasticsearch,ES-23675,5.2.1,java.lang.IllegalStateException,8,62328,10.5,5,"[10.5,1]"
1,elasticsearch,ES-23675,5.2.1,java.lang.IllegalStateException,12,62328,10.5,233,"[10.5,1]"
1,elasticsearch,ES-23675,5.2.1,java.lang.IllegalStateException,9,62328,10.5,9,"[10.5,1]"
1,elasticsearch,ES-23675,5.2.1,java.lang.IllegalStateException,11,62328,10.5,215,"[10.5,1]"
1,elasticsearch,ES-23675,5.2.1,java.lang.IllegalStateException,13,62328,10.5,2117,"[12.5,1][10.5,2]"
1,elasticsearch,ES-23675,5.2.1,java.lang.IllegalStateException,14,62328,14.5,9376,"[14.5,1]"
3,elasticsearch,ES-23675,5.2.1,java.lang.IllegalStateException,8,62328,-1,0,
1,elasticsearch,ES-23675,5.2.1,java.lang.IllegalStateException,17,62328,17.5,75,"[17.5,1]"
1,elasticsearch,ES-23675,5.2.1,java.lang.IllegalStateException,19,62328,19.5,10910,"[19.5,1]"
1,elasticsearch,ES-23675,5.2.1,java.lang.IllegalStateException,20,62328,20.5,19447,"[20.5,1]"
2,elasticsearch,ES-23675,5.2.1,java.lang.IllegalStateException,2,62328,1.0,2113,"[1.3333333333333333,1][1.0,5]"
1,elasticsearch,ES-23675,5.2.1,java.lang.IllegalStateException,10,62328,10.5,9,"[10.5,1]"
1,elasticsearch,ES-23675,5.2.1,java.lang.IllegalStateException,18,62328,18.5,43,"[18.5,1]"
2,elasticsearch,ES-23675,5.2.1,java.lang.IllegalStateException,5,62328,1.6,1500,"[2.0,1][1.6666666666666665,146][1.6,172]"
2,elasticsearch,ES-23675,5.2.1,java.lang.IllegalStateException,6,62328,1.5,1147,"[4.5,1][3.5,43][1.6666666666666665,86][1.6,329][1.5,338]"
2,elasticsearch,ES-23675,5.2.1,java.lang.IllegalStateException,7,62328,1.75,857,"[6.5,1][5.5,87][4.666666666666666,104][3.6666666666666665,149][1.75,220]"
3,elasticsearch,ES-23675,5.2.1,java.lang.IllegalStateException,16,62328,-1,0,
2,elasticsearch,ES-23675,5.2.1,java.lang.IllegalStateException,11,62328,10.5,199,"[10.5,1]"
2,elasticsearch,ES-23675,5.2.1,java.lang.IllegalStateException,12,62328,10.5,206,"[10.5,1]"
3,elasticsearch,ES-23675,5.2.1,java.lang.IllegalStateException,15,62328,-1,0,
3,elasticsearch,ES-23675,5.2.1,java.lang.IllegalStateException,6,62328,1.5,195,"[4.5,1][3.5,12][1.6666666666666665,73][1.5,112]"
2,elasticsearch,ES-23675,5.2.1,java.lang.IllegalStateException,13,62328,10.5,1684,"[10.5,1]"
3,elasticsearch,ES-23675,5.2.1,java.lang.IllegalStateException,10,62328,-1,0,
2,elasticsearch,ES-23675,5.2.1,java.lang.IllegalStateException,14,62328,14.5,8296,"[14.5,1]"
2,elasticsearch,ES-23675,5.2.1,java.lang.IllegalStateException,19,62328,19.5,9931,"[19.5,1]"
4,elasticsearch,ES-23675,5.2.1,java.lang.IllegalStateException,1,62328,-1,0,
2,elasticsearch,ES-23675,5.2.1,java.lang.IllegalStateException,20,62328,20.5,18368,"[20.5,1]"
2,elasticsearch,ES-23675,5.2.1,java.lang.IllegalStateException,17,62328,17.5,80,"[17.5,1]"
2,elasticsearch,ES-23675,5.2.1,java.lang.IllegalStateException,18,62328,17.5,35,"[18.5,1][17.5,7]"
3,elasticsearch,ES-23675,5.2.1,java.lang.IllegalStateException,3,62328,1.0,37,"[1.5,1][1.3333333333333333,4][1.0,16]"
3,elasticsearch,ES-23675,5.2.1,java.lang.IllegalStateException,7,62328,6.5,340,"[6.5,1]"
3,elasticsearch,ES-23675,5.2.1,java.lang.IllegalStateException,5,62328,1.3333333333333333,1298,"[4.333333333333333,1][3.333333333333333,2][2.0,10][1.6666666666666665,430][1.6,453][1.3333333333333333,965]"
4,elasticsearch,ES-23675,5.2.1,java.lang.IllegalStateException,4,62328,-1,0,
3,elasticsearch,ES-23675,5.2.1,java.lang.IllegalStateException,2,62328,1.0,870,"[1.3333333333333333,1][1.0,11]"
4,elasticsearch,ES-23675,5.2.1,java.lang.IllegalStateException,6,62328,4.5,19,"[4.5,1]"
3,elasticsearch,ES-23675,5.2.1,java.lang.IllegalStateException,11,62328,10.5,183,"[10.5,1]"
3,elasticsearch,ES-23675,5.2.1,java.lang.IllegalStateException,12,62328,10.5,193,"[12.5,1][10.5,2]"
3,elasticsearch,ES-23675,5.2.1,java.lang.IllegalStateException,13,62328,10.5,1255,"[13.5,1][12.5,2][10.5,4]"
3,elasticsearch,ES-23675,5.2.1,java.lang.IllegalStateException,14,62328,14.5,8844,"[14.5,1]"
4,elasticsearch,ES-23675,5.2.1,java.lang.IllegalStateException,15,62328,-1,0,
5,elasticsearch,ES-23675,5.2.1,java.lang.IllegalStateException,1,62328,-1,0,
3,elasticsearch,ES-23675,5.2.1,java.lang.IllegalStateException,17,62328,17.5,80,"[17.5,1]"
3,elasticsearch,ES-23675,5.2.1,java.lang.IllegalStateException,9,62328,10.5,2,"[10.5,1]"
5,elasticsearch,ES-23675,5.2.1,java.lang.IllegalStateException,4,62328,-1,0,
3,elasticsearch,ES-23675,5.2.1,java.lang.IllegalStateException,19,62328,19.5,10740,"[19.5,1]"
3,elasticsearch,ES-23675,5.2.1,java.lang.IllegalStateException,20,62328,20.5,18830,"[20.5,1]"
3,elasticsearch,ES-23675,5.2.1,java.lang.IllegalStateException,18,62328,17.5,32,"[18.5,1][17.5,3]"
4,elasticsearch,ES-23675,5.2.1,java.lang.IllegalStateException,3,62328,1.0,1458,"[1.5,1][1.3333333333333333,9][1.0,20]"
5,elasticsearch,ES-23675,5.2.1,java.lang.IllegalStateException,16,62328,-1,0,
4,elasticsearch,ES-23675,5.2.1,java.lang.IllegalStateException,5,62328,1.8888888888888888,188,"[4.333333333333333,1][3.5,3][3.333333333333333,14][2.0,34][1.8888888888888888,170]"
5,elasticsearch,ES-23675,5.2.1,java.lang.IllegalStateException,15,62328,-1,0,
5,elasticsearch,ES-23675,5.2.1,java.lang.IllegalStateException,9,62328,-1,0,
4,elasticsearch,ES-23675,5.2.1,java.lang.IllegalStateException,7,62328,3.6666666666666665,1026,"[6.5,1][3.6666666666666665,1015]"
4,elasticsearch,ES-23675,5.2.1,java.lang.IllegalStateException,2,62328,1.0,994,"[1.0,1]"
6,elasticsearch,ES-23675,5.2.1,java.lang.IllegalStateException,1,62328,-1,0,
4,elasticsearch,ES-23675,5.2.1,java.lang.IllegalStateException,11,62328,10.5,180,"[10.5,1]"
4,elasticsearch,ES-23675,5.2.1,java.lang.IllegalStateException,12,62328,10.5,178,"[10.5,1]"
4,elasticsearch,ES-23675,5.2.1,java.lang.IllegalStateException,13,62328,10.5,1557,"[10.5,1]"
4,elasticsearch,ES-23675,5.2.1,java.lang.IllegalStateException,14,62328,14.5,9300,"[14.5,1]"
4,elasticsearch,ES-23675,5.2.1,java.lang.IllegalStateException,8,62328,10.5,7,"[10.5,1]"
4,elasticsearch,ES-23675,5.2.1,java.lang.IllegalStateException,9,62328,10.5,6,"[10.5,1]"
4,elasticsearch,ES-23675,5.2.1,java.lang.IllegalStateException,19,62328,19.5,10081,"[19.5,1]"
4,elasticsearch,ES-23675,5.2.1,java.lang.IllegalStateException,20,62328,20.5,17068,"[20.5,1]"
6,elasticsearch,ES-23675,5.2.1,java.lang.IllegalStateException,10,62328,-1,0,
4,elasticsearch,ES-23675,5.2.1,java.lang.IllegalStateException,17,62328,17.5,81,"[17.5,1]"
6,elasticsearch,ES-23675,5.2.1,java.lang.IllegalStateException,4,62328,-1,0,
5,elasticsearch,ES-23675,5.2.1,java.lang.IllegalStateException,2,62328,1.0,1893,"[1.3333333333333333,1][1.0,10]"
5,elasticsearch,ES-23675,5.2.1,java.lang.IllegalStateException,3,62328,1.0,1302,"[1.5,1][1.3333333333333333,2][1.0,69]"
4,elasticsearch,ES-23675,5.2.1,java.lang.IllegalStateException,18,62328,15.5,29,"[18.5,1][17.5,10][15.5,18]"
5,elasticsearch,ES-23675,5.2.1,java.lang.IllegalStateException,5,62328,1.3333333333333333,1558,"[4.333333333333333,1][3.5,5][3.333333333333333,21][2.0,46][1.6,605][1.3333333333333333,1082]"
6,elasticsearch,ES-23675,5.2.1,java.lang.IllegalStateException,6,62328,3.5,21,"[4.5,1][3.5,12]"
5,elasticsearch,ES-23675,5.2.1,java.lang.IllegalStateException,6,62328,1.5,926,"[4.5,1][3.5,16][1.6666666666666665,139][1.6,631][1.5,643]"
5,elasticsearch,ES-23675,5.2.1,java.lang.IllegalStateException,7,62328,3.6666666666666665,905,"[6.5,1][5.5,750][4.666666666666666,753][3.6666666666666665,905]"
5,elasticsearch,ES-23675,5.2.1,java.lang.IllegalStateException,12,62328,10.5,163,"[10.5,1]"
5,elasticsearch,ES-23675,5.2.1,java.lang.IllegalStateException,11,62328,10.5,199,"[11.5,1][10.5,2]"
5,elasticsearch,ES-23675,5.2.1,java.lang.IllegalStateException,14,62328,14.5,8389,"[14.5,1]"
5,elasticsearch,ES-23675,5.2.1,java.lang.IllegalStateException,13,62328,10.5,2129,"[10.5,1]"
5,elasticsearch,ES-23675,5.2.1,java.lang.IllegalStateException,17,62328,17.5,89,"[17.5,1]"
5,elasticsearch,ES-23675,5.2.1,java.lang.IllegalStateException,19,62328,19.5,10707,"[19.5,1]"
6,elasticsearch,ES-23675,5.2.1,java.lang.IllegalStateException,15,62328,-1,0,
5,elasticsearch,ES-23675,5.2.1,java.lang.IllegalStateException,20,62328,20.5,16912,"[20.5,1]"
5,elasticsearch,ES-23675,5.2.1,java.lang.IllegalStateException,18,62328,17.5,34,"[18.5,1][17.5,10]"
6,elasticsearch,ES-23675,5.2.1,java.lang.IllegalStateException,16,62328,-1,0,
6,elasticsearch,ES-23675,5.2.1,java.lang.IllegalStateException,2,62328,1.0,1746,"[1.3333333333333333,1][1.0,2]"
5,elasticsearch,ES-23675,5.2.1,java.lang.IllegalStateException,10,62328,10.5,7,"[10.5,1]"
7,elasticsearch,ES-23675,5.2.1,java.lang.IllegalStateException,1,62328,-1,0,
6,elasticsearch,ES-23675,5.2.1,java.lang.IllegalStateException,3,62328,1.0,1346,"[1.3333333333333333,1][1.0,53]"
7,elasticsearch,ES-23675,5.2.1,java.lang.IllegalStateException,4,62328,-1,0,
7,elasticsearch,ES-23675,5.2.1,java.lang.IllegalStateException,8,62328,-1,0,
6,elasticsearch,ES-23675,5.2.1,java.lang.IllegalStateException,5,62328,1.3333333333333333,1620,"[4.333333333333333,1][3.5,2][3.333333333333333,47][2.0,52][1.6666666666666665,504][1.6,528][1.3333333333333333,677]"
5,elasticsearch,ES-23675,5.2.1,java.lang.IllegalStateException,8,62328,10.5,3,"[10.5,1]"
4,elasticsearch,ES-23675,5.2.1,java.lang.IllegalStateException,10,62328,10.5,6,"[10.5,1]"
7,elasticsearch,ES-23675,5.2.1,java.lang.IllegalStateException,9,62328,-1,0,
6,elasticsearch,ES-23675,5.2.1,java.lang.IllegalStateException,7,62328,1.75,830,"[6.5,1][4.666666666666666,440][3.6666666666666665,447][1.75,533]"
7,elasticsearch,ES-23675,5.2.1,java.lang.IllegalStateException,16,62328,-1,0,
6,elasticsearch,ES-23675,5.2.1,java.lang.IllegalStateException,9,62328,10.5,5,"[10.5,1]"
6,elasticsearch,ES-23675,5.2.1,java.lang.IllegalStateException,8,62328,10.5,6,"[10.5,1]"
7,elasticsearch,ES-23675,5.2.1,java.lang.IllegalStateException,15,62328,-1,0,
6,elasticsearch,ES-23675,5.2.1,java.lang.IllegalStateException,11,62328,10.5,163,"[10.5,1]"
6,elasticsearch,ES-23675,5.2.1,java.lang.IllegalStateException,13,62328,10.5,1927,"[13.5,1][10.5,2]"
6,elasticsearch,ES-23675,5.2.1,java.lang.IllegalStateException,14,62328,14.5,9191,"[14.5,1]"
6,elasticsearch,ES-23675,5.2.1,java.lang.IllegalStateException,12,62328,10.5,181,"[10.5,1]"
8,elasticsearch,ES-23675,5.2.1,java.lang.IllegalStateException,1,62328,-1,0,
8,elasticsearch,ES-23675,5.2.1,java.lang.IllegalStateException,3,62328,1.3333333333333333,7,"[1.3333333333333333,1]"
8,elasticsearch,ES-23675,5.2.1,java.lang.IllegalStateException,4,62328,-1,0,
6,elasticsearch,ES-23675,5.2.1,java.lang.IllegalStateException,18,62328,17.5,38,"[18.5,1][17.5,13]"
6,elasticsearch,ES-23675,5.2.1,java.lang.IllegalStateException,17,62328,17.5,64,"[17.5,1]"
6,elasticsearch,ES-23675,5.2.1,java.lang.IllegalStateException,19,62328,19.5,9846,"[19.5,1]"
6,elasticsearch,ES-23675,5.2.1,java.lang.IllegalStateException,20,62328,20.5,15372,"[20.5,1]"
7,elasticsearch,ES-23675,5.2.1,java.lang.IllegalStateException,2,62328,1.0,1934,"[1.0,1]"
7,elasticsearch,ES-23675,5.2.1,java.lang.IllegalStateException,3,62328,1.0,1499,"[1.3333333333333333,1][1.0,74]"
7,elasticsearch,ES-23675,5.2.1,java.lang.IllegalStateException,5,62328,1.3333333333333333,1674,"[4.333333333333333,1][3.333333333333333,9][2.0,17][1.6666666666666665,135][1.6,140][1.3333333333333333,363]"
7,elasticsearch,ES-23675,5.2.1,java.lang.IllegalStateException,6,62328,1.6666666666666665,995,"[4.5,1][3.5,44][1.6666666666666665,85]"
8,elasticsearch,ES-23675,5.2.1,java.lang.IllegalStateException,16,62328,-1,0,
8,elasticsearch,ES-23675,5.2.1,java.lang.IllegalStateException,15,62328,-1,0,
7,elasticsearch,ES-23675,5.2.1,java.lang.IllegalStateException,11,62328,10.5,201,"[10.5,1]"
7,elasticsearch,ES-23675,5.2.1,java.lang.IllegalStateException,10,62328,10.5,7,"[10.5,1]"
7,elasticsearch,ES-23675,5.2.1,java.lang.IllegalStateException,14,62328,14.5,9272,"[14.5,1]"
7,elasticsearch,ES-23675,5.2.1,java.lang.IllegalStateException,12,62328,10.5,173,"[10.5,1]"
7,elasticsearch,ES-23675,5.2.1,java.lang.IllegalStateException,13,62328,12.5,1845,"[13.5,1][12.5,6]"
9,elasticsearch,ES-23675,5.2.1,java.lang.IllegalStateException,1,62328,-1,0,
7,elasticsearch,ES-23675,5.2.1,java.lang.IllegalStateException,17,62328,17.5,70,"[17.5,1]"
7,elasticsearch,ES-23675,5.2.1,java.lang.IllegalStateException,19,62328,19.5,10139,"[19.5,1]"
7,elasticsearch,ES-23675,5.2.1,java.lang.IllegalStateException,18,62328,18.5,40,"[18.5,1]"
7,elasticsearch,ES-23675,5.2.1,java.lang.IllegalStateException,20,62328,20.5,17738,"[20.5,1]"
9,elasticsearch,ES-23675,5.2.1,java.lang.IllegalStateException,4,62328,-1,0,
7,elasticsearch,ES-23675,5.2.1,java.lang.IllegalStateException,7,62328,1.75,490,"[6.5,1][4.666666666666666,227][3.6666666666666665,373][1.75,490]"
9,elasticsearch,ES-23675,5.2.1,java.lang.IllegalStateException,12,62328,10.5,97,"[10.5,1]"
9,elasticsearch,ES-23675,5.2.1,java.lang.IllegalStateException,2,62328,1.0,115,"[1.3333333333333333,1][1.0,6]"
8,elasticsearch,ES-23675,5.2.1,java.lang.IllegalStateException,2,62328,1.0,1851,"[1.5,1][1.3333333333333333,4][1.0,6]"
8,elasticsearch,ES-23675,5.2.1,java.lang.IllegalStateException,5,62328,1.3333333333333333,1313,"[3.5,1][3.333333333333333,5][2.0,43][1.6,45][1.3333333333333333,129]"
8,elasticsearch,ES-23675,5.2.1,java.lang.IllegalStateException,6,62328,1.5,976,"[4.5,1][3.5,50][1.6666666666666665,68][1.6,76][1.5,84]"
8,elasticsearch,ES-23675,5.2.1,java.lang.IllegalStateException,10,62328,-1,0,
8,elasticsearch,ES-23675,5.2.1,java.lang.IllegalStateException,7,62328,1.75,891,"[6.5,1][4.666666666666666,89][3.6666666666666665,114][1.75,385]"
8,elasticsearch,ES-23675,5.2.1,java.lang.IllegalStateException,11,62328,10.5,216,"[10.5,1]"
9,elasticsearch,ES-23675,5.2.1,java.lang.IllegalStateException,9,62328,-1,0,
8,elasticsearch,ES-23675,5.2.1,java.lang.IllegalStateException,12,62328,10.5,191,"[10.5,1]"
8,elasticsearch,ES-23675,5.2.1,java.lang.IllegalStateException,9,62328,10.5,7,"[10.5,1]"
8,elasticsearch,ES-23675,5.2.1,java.lang.IllegalStateException,13,62328,10.5,1552,"[13.5,1][10.5,2]"
9,elasticsearch,ES-23675,5.2.1,java.lang.IllegalStateException,16,62328,-1,0,
8,elasticsearch,ES-23675,5.2.1,java.lang.IllegalStateException,14,62328,14.5,9548,"[14.5,1]"
9,elasticsearch,ES-23675,5.2.1,java.lang.IllegalStateException,15,62328,-1,0,
8,elasticsearch,ES-23675,5.2.1,java.lang.IllegalStateException,8,62328,10.5,7,"[10.5,1]"
10,elasticsearch,ES-23675,5.2.1,java.lang.IllegalStateException,1,62328,-1,0,
8,elasticsearch,ES-23675,5.2.1,java.lang.IllegalStateException,17,62328,17.5,82,"[17.5,1]"
8,elasticsearch,ES-23675,5.2.1,java.lang.IllegalStateException,19,62328,19.5,10743,"[19.5,1]"
8,elasticsearch,ES-23675,5.2.1,java.lang.IllegalStateException,20,62328,20.5,19744,"[20.5,1]"
8,elasticsearch,ES-23675,5.2.1,java.lang.IllegalStateException,18,62328,17.5,38,"[18.5,1][17.5,2]"
10,elasticsearch,ES-23675,5.2.1,java.lang.IllegalStateException,4,62328,-1,0,
9,elasticsearch,ES-23675,5.2.1,java.lang.IllegalStateException,3,62328,1.0,1616,"[1.3333333333333333,1][1.0,126]"
9,elasticsearch,ES-23675,5.2.1,java.lang.IllegalStateException,5,62328,1.8888888888888888,793,"[3.5,1][3.333333333333333,4][2.0,44][1.8888888888888888,771]"
9,elasticsearch,ES-23675,5.2.1,java.lang.IllegalStateException,6,62328,1.5,1275,"[4.5,1][3.5,57][1.6666666666666665,76][1.6,139][1.5,143]"
9,elasticsearch,ES-23675,5.2.1,java.lang.IllegalStateException,7,62328,1.75,939,"[6.5,1][3.6666666666666665,519][1.75,744]"
9,elasticsearch,ES-23675,5.2.1,java.lang.IllegalStateException,8,62328,10.5,7,"[10.5,1]"
9,elasticsearch,ES-23675,5.2.1,java.lang.IllegalStateException,10,62328,10.5,6,"[10.5,1]"
9,elasticsearch,ES-23675,5.2.1,java.lang.IllegalStateException,11,62328,10.5,179,"[10.5,1]"
10,elasticsearch,ES-23675,5.2.1,java.lang.IllegalStateException,16,62328,-1,0,
9,elasticsearch,ES-23675,5.2.1,java.lang.IllegalStateException,13,62328,10.5,720,"[13.5,1][12.5,3][10.5,10]"
10,elasticsearch,ES-23675,5.2.1,java.lang.IllegalStateException,13,62328,10.5,36,"[10.5,1]"
10,elasticsearch,ES-23675,5.2.1,java.lang.IllegalStateException,6,62328,3.5,47,"[4.5,1][3.5,47]"
10,elasticsearch,ES-23675,5.2.1,java.lang.IllegalStateException,15,62328,-1,0,
9,elasticsearch,ES-23675,5.2.1,java.lang.IllegalStateException,14,62328,14.5,10363,"[14.5,1]"
10,elasticsearch,ES-23675,5.2.1,java.lang.IllegalStateException,8,62328,-1,0,
9,elasticsearch,ES-23675,5.2.1,java.lang.IllegalStateException,17,62328,17.5,98,"[17.5,1]"
9,elasticsearch,ES-23675,5.2.1,java.lang.IllegalStateException,18,62328,17.5,37,"[18.5,1][17.5,7]"
9,elasticsearch,ES-23675,5.2.1,java.lang.IllegalStateException,19,62328,19.5,11265,"[19.5,1]"
1,elasticsearch,ES-23218,5.2.1,java.lang.IllegalStateException,7,62328,-1,0,
9,elasticsearch,ES-23675,5.2.1,java.lang.IllegalStateException,20,62328,20.5,4809,"[20.5,1]"
1,elasticsearch,ES-23218,5.2.1,java.lang.IllegalStateException,9,62328,-1,0,
1,elasticsearch,ES-23218,5.2.1,java.lang.IllegalStateException,10,62328,11.666666666666666,7,"[11.666666666666666,1]"
1,elasticsearch,ES-23218,5.2.1,java.lang.IllegalStateException,11,62328,11.666666666666666,25,"[11.666666666666666,1]"
1,elasticsearch,ES-23218,5.2.1,java.lang.IllegalStateException,12,62328,11.75,21,"[11.75,1]"
10,elasticsearch,ES-23675,5.2.1,java.lang.IllegalStateException,2,62328,1.0,2141,"[1.3333333333333333,1][1.0,2]"
10,elasticsearch,ES-23675,5.2.1,java.lang.IllegalStateException,5,62328,1.8888888888888888,67,"[3.5,1][3.333333333333333,3][2.0,8][1.8888888888888888,53]"
10,elasticsearch,ES-23675,5.2.1,java.lang.IllegalStateException,7,62328,3.6666666666666665,1038,"[6.5,1][5.5,726][4.666666666666666,743][3.6666666666666665,922]"
10,elasticsearch,ES-23675,5.2.1,java.lang.IllegalStateException,9,62328,10.5,8,"[10.5,1]"
2,elasticsearch,ES-23218,5.2.1,java.lang.IllegalStateException,7,62328,-1,0,
10,elasticsearch,ES-23675,5.2.1,java.lang.IllegalStateException,10,62328,10.5,8,"[10.5,1]"
10,elasticsearch,ES-23675,5.2.1,java.lang.IllegalStateException,11,62328,10.5,246,"[10.5,1]"
10,elasticsearch,ES-23675,5.2.1,java.lang.IllegalStateException,12,62328,10.5,224,"[10.5,1]"
2,elasticsearch,ES-23218,5.2.1,java.lang.IllegalStateException,9,62328,-1,0,
2,elasticsearch,ES-23218,5.2.1,java.lang.IllegalStateException,11,62328,11.666666666666666,42,"[11.666666666666666,1]"
10,elasticsearch,ES-23675,5.2.1,java.lang.IllegalStateException,17,62328,17.5,112,"[17.5,1]"
10,elasticsearch,ES-23675,5.2.1,java.lang.IllegalStateException,19,62328,19.5,13367,"[19.5,1]"
10,elasticsearch,ES-23675,5.2.1,java.lang.IllegalStateException,18,62328,15.5,43,"[18.5,1][15.5,7]"
2,elasticsearch,ES-23218,5.2.1,java.lang.IllegalStateException,10,62328,11.666666666666666,89,"[11.666666666666666,1]"
10,elasticsearch,ES-23675,5.2.1,java.lang.IllegalStateException,20,62328,20.5,23762,"[20.5,1]"
1,elasticsearch,ES-23218,5.2.1,java.lang.IllegalStateException,2,62328,4.5,18663,"[4.5,1]"
1,elasticsearch,ES-23218,5.2.1,java.lang.IllegalStateException,3,62328,4.5,18247,"[4.5,1]"
3,elasticsearch,ES-23218,5.2.1,java.lang.IllegalStateException,7,62328,-1,0,
1,elasticsearch,ES-23218,5.2.1,java.lang.IllegalStateException,4,62328,4.5,19052,"[4.5,1]"
1,elasticsearch,ES-23218,5.2.1,java.lang.IllegalStateException,5,62328,5.5,6625,"[5.5,1]"
2,elasticsearch,ES-23218,5.2.1,java.lang.IllegalStateException,12,62328,11.75,230,"[11.75,1]"
3,elasticsearch,ES-23218,5.2.1,java.lang.IllegalStateException,9,62328,-1,0,
1,elasticsearch,ES-23218,5.2.1,java.lang.IllegalStateException,6,62328,6.5,1781,"[6.5,1]"
1,elasticsearch,ES-23218,5.2.1,java.lang.IllegalStateException,8,62328,8.5,1795,"[8.5,1]"
3,elasticsearch,ES-23218,5.2.1,java.lang.IllegalStateException,11,62328,11.666666666666666,12,"[11.666666666666666,1]"
3,elasticsearch,ES-23218,5.2.1,java.lang.IllegalStateException,12,62328,11.75,3,"[12.5,1][11.75,3]"
3,elasticsearch,ES-23218,5.2.1,java.lang.IllegalStateException,10,62328,11.666666666666666,153,"[11.666666666666666,1]"
2,elasticsearch,ES-23218,5.2.1,java.lang.IllegalStateException,2,62328,4.5,19271,"[4.5,1]"
2,elasticsearch,ES-23218,5.2.1,java.lang.IllegalStateException,3,62328,4.5,19708,"[4.5,1]"
10,elasticsearch,ES-23675,5.2.1,java.lang.IllegalStateException,3,62328,1.0,1595,"[1.5,1][1.3333333333333333,44][1.0,103]"
2,elasticsearch,ES-23218,5.2.1,java.lang.IllegalStateException,4,62328,4.5,19313,"[4.5,1]"
4,elasticsearch,ES-23218,5.2.1,java.lang.IllegalStateException,7,62328,-1,0,
2,elasticsearch,ES-23218,5.2.1,java.lang.IllegalStateException,5,62328,5.5,6119,"[5.5,1]"
4,elasticsearch,ES-23218,5.2.1,java.lang.IllegalStateException,9,62328,-1,0,
4,elasticsearch,ES-23218,5.2.1,java.lang.IllegalStateException,10,62328,11.666666666666666,28,"[11.666666666666666,1]"
5,elasticsearch,ES-23218,5.2.1,java.lang.IllegalStateException,7,62328,-1,0,
2,elasticsearch,ES-23218,5.2.1,java.lang.IllegalStateException,8,62328,8.5,2075,"[8.5,1]"
3,elasticsearch,ES-23218,5.2.1,java.lang.IllegalStateException,2,62328,4.5,23635,"[4.5,1]"
8,elasticsearch,ES-23218,5.2.1,java.lang.IllegalStateException,2,62328,4.5,1943,"[4.5,1]"
3,elasticsearch,ES-23218,5.2.1,java.lang.IllegalStateException,3,62328,4.5,21914,"[4.5,1]"
4,elasticsearch,ES-23218,5.2.1,java.lang.IllegalStateException,11,62328,11.666666666666666,170,"[11.666666666666666,1]"
3,elasticsearch,ES-23218,5.2.1,java.lang.IllegalStateException,4,62328,4.5,22412,"[4.5,1]"
2,elasticsearch,ES-23218,5.2.1,java.lang.IllegalStateException,6,62328,6.5,2820,"[6.5,1]"
3,elasticsearch,ES-23218,5.2.1,java.lang.IllegalStateException,5,62328,5.5,5928,"[5.5,1]"
3,elasticsearch,ES-23218,5.2.1,java.lang.IllegalStateException,6,62328,6.5,2974,"[6.5,1]"
5,elasticsearch,ES-23218,5.2.1,java.lang.IllegalStateException,9,62328,-1,0,
5,elasticsearch,ES-23218,5.2.1,java.lang.IllegalStateException,10,62328,11.666666666666666,4,"[11.666666666666666,1]"
3,elasticsearch,ES-23218,5.2.1,java.lang.IllegalStateException,8,62328,8.5,1898,"[8.5,1]"
5,elasticsearch,ES-23218,5.2.1,java.lang.IllegalStateException,11,62328,11.666666666666666,16,"[11.666666666666666,1]"
6,elasticsearch,ES-23218,5.2.1,java.lang.IllegalStateException,11,62328,11.666666666666666,13,"[11.666666666666666,1]"
4,elasticsearch,ES-23218,5.2.1,java.lang.IllegalStateException,2,62328,4.5,22533,"[4.5,1]"
5,elasticsearch,ES-23218,5.2.1,java.lang.IllegalStateException,12,62328,11.75,58,"[12.5,1][11.75,4]"
6,elasticsearch,ES-23218,5.2.1,java.lang.IllegalStateException,7,62328,-1,0,
4,elasticsearch,ES-23218,5.2.1,java.lang.IllegalStateException,3,62328,4.5,22946,"[4.5,1]"
4,elasticsearch,ES-23218,5.2.1,java.lang.IllegalStateException,12,62328,11.75,493,"[11.75,1]"
4,elasticsearch,ES-23218,5.2.1,java.lang.IllegalStateException,4,62328,4.5,24310,"[4.5,1]"
6,elasticsearch,ES-23218,5.2.1,java.lang.IllegalStateException,9,62328,-1,0,
7,elasticsearch,ES-23218,5.2.1,java.lang.IllegalStateException,4,62328,4.5,10020,"[4.5,1]"
4,elasticsearch,ES-23218,5.2.1,java.lang.IllegalStateException,5,62328,5.5,4407,"[5.5,1]"
4,elasticsearch,ES-23218,5.2.1,java.lang.IllegalStateException,6,62328,6.5,5148,"[6.5,1]"
4,elasticsearch,ES-23218,5.2.1,java.lang.IllegalStateException,8,62328,8.5,2151,"[8.5,1]"
6,elasticsearch,ES-23218,5.2.1,java.lang.IllegalStateException,10,62328,11.666666666666666,152,"[11.666666666666666,1]"
6,elasticsearch,ES-23218,5.2.1,java.lang.IllegalStateException,12,62328,11.75,106,"[11.75,1]"
7,elasticsearch,ES-23218,5.2.1,java.lang.IllegalStateException,7,62328,-1,0,
7,elasticsearch,ES-23218,5.2.1,java.lang.IllegalStateException,9,62328,-1,0,
5,elasticsearch,ES-23218,5.2.1,java.lang.IllegalStateException,2,62328,4.5,24568,"[4.5,1]"
5,elasticsearch,ES-23218,5.2.1,java.lang.IllegalStateException,3,62328,4.5,24308,"[4.5,1]"
5,elasticsearch,ES-23218,5.2.1,java.lang.IllegalStateException,4,62328,4.5,25247,"[4.5,1]"
7,elasticsearch,ES-23218,5.2.1,java.lang.IllegalStateException,11,62328,11.666666666666666,35,"[11.666666666666666,1]"
7,elasticsearch,ES-23218,5.2.1,java.lang.IllegalStateException,10,62328,11.666666666666666,92,"[11.666666666666666,1]"
5,elasticsearch,ES-23218,5.2.1,java.lang.IllegalStateException,6,62328,6.5,2488,"[6.5,1]"
1,elasticsearch,ES-22119,5.1.1,java.lang.IllegalStateException,1,62328,0.0,1,"[0.0,1]"
7,elasticsearch,ES-23218,5.2.1,java.lang.IllegalStateException,12,62328,11.75,32,"[12.5,1][11.75,2]"
5,elasticsearch,ES-23218,5.2.1,java.lang.IllegalStateException,5,62328,5.5,7658,"[5.5,1]"
6,elasticsearch,ES-23218,5.2.1,java.lang.IllegalStateException,8,62328,8.5,296,"[8.5,1]"
1,elasticsearch,ES-22119,5.1.1,java.lang.IllegalStateException,2,62328,0.0,2,"[1.3333333333333333,1][0.0,2]"
2,elasticsearch,ES-22119,5.1.1,java.lang.IllegalStateException,1,62328,0.0,1,"[0.0,1]"
2,elasticsearch,ES-22119,5.1.1,java.lang.IllegalStateException,2,62328,0.0,2,"[1.75,1][0.0,2]"
5,elasticsearch,ES-23218,5.2.1,java.lang.IllegalStateException,8,62328,8.5,2421,"[8.5,1]"
6,elasticsearch,ES-23218,5.2.1,java.lang.IllegalStateException,2,62328,4.5,21878,"[4.5,1]"
6,elasticsearch,ES-23218,5.2.1,java.lang.IllegalStateException,3,62328,4.5,23669,"[4.5,1]"
8,elasticsearch,ES-23218,5.2.1,java.lang.IllegalStateException,7,62328,-1,0,
6,elasticsearch,ES-23218,5.2.1,java.lang.IllegalStateException,4,62328,4.5,25463,"[4.5,1]"
3,elasticsearch,ES-22119,5.1.1,java.lang.IllegalStateException,1,62328,0.0,1,"[0.0,1]"
3,elasticsearch,ES-22119,5.1.1,java.lang.IllegalStateException,2,62328,0.0,3,"[1.75,1][0.0,3]"
6,elasticsearch,ES-23218,5.2.1,java.lang.IllegalStateException,5,62328,5.5,7092,"[5.5,1]"
8,elasticsearch,ES-23218,5.2.1,java.lang.IllegalStateException,9,62328,-1,0,
6,elasticsearch,ES-23218,5.2.1,java.lang.IllegalStateException,6,62328,6.5,5218,"[6.5,1]"
4,elasticsearch,ES-22119,5.1.1,java.lang.IllegalStateException,1,62328,0.0,1,"[0.0,1]"
4,elasticsearch,ES-22119,5.1.1,java.lang.IllegalStateException,2,62328,0.0,2,"[1.75,1][0.0,2]"
8,elasticsearch,ES-23218,5.2.1,java.lang.IllegalStateException,12,62328,11.75,7,"[11.75,1]"
5,elasticsearch,ES-22119,5.1.1,java.lang.IllegalStateException,1,62328,0.0,1,"[0.0,1]"
5,elasticsearch,ES-22119,5.1.1,java.lang.IllegalStateException,2,62328,0.0,2,"[1.75,1][0.0,2]"
8,elasticsearch,ES-23218,5.2.1,java.lang.IllegalStateException,11,62328,11.666666666666666,87,"[11.666666666666666,1]"
8,elasticsearch,ES-23218,5.2.1,java.lang.IllegalStateException,8,62328,8.5,55,"[8.5,1]"
7,elasticsearch,ES-23218,5.2.1,java.lang.IllegalStateException,2,62328,4.5,24123,"[4.5,1]"
7,elasticsearch,ES-23218,5.2.1,java.lang.IllegalStateException,3,62328,4.5,21645,"[4.5,1]"
6,elasticsearch,ES-22119,5.1.1,java.lang.IllegalStateException,1,62328,0.0,1,"[0.0,1]"
9,elasticsearch,ES-23218,5.2.1,java.lang.IllegalStateException,7,62328,-1,0,
6,elasticsearch,ES-22119,5.1.1,java.lang.IllegalStateException,2,62328,0.0,2,"[1.75,1][0.0,2]"
9,elasticsearch,ES-23218,5.2.1,java.lang.IllegalStateException,9,62328,-1,0,
9,elasticsearch,ES-23218,5.2.1,java.lang.IllegalStateException,11,62328,11.666666666666666,30,"[11.666666666666666,1]"
7,elasticsearch,ES-22119,5.1.1,java.lang.IllegalStateException,1,62328,0.0,1,"[0.0,1]"
5,elasticsearch,ES-22119,5.1.1,java.lang.IllegalStateException,5,62328,5.5,1,"[5.5,1]"
7,elasticsearch,ES-22119,5.1.1,java.lang.IllegalStateException,2,62328,0.0,2,"[1.75,1][0.0,2]"
7,elasticsearch,ES-23218,5.2.1,java.lang.IllegalStateException,5,62328,5.5,6302,"[5.5,1]"
8,elasticsearch,ES-22119,5.1.1,java.lang.IllegalStateException,1,62328,0.0,1,"[0.0,1]"
8,elasticsearch,ES-22119,5.1.1,java.lang.IllegalStateException,2,62328,0.0,3,"[1.75,1][0.0,3]"
9,elasticsearch,ES-23218,5.2.1,java.lang.IllegalStateException,10,62328,11.666666666666666,110,"[11.666666666666666,1]"
7,elasticsearch,ES-23218,5.2.1,java.lang.IllegalStateException,8,62328,8.5,1349,"[8.5,1]"
9,elasticsearch,ES-22119,5.1.1,java.lang.IllegalStateException,1,62328,0.0,1,"[0.0,1]"
9,elasticsearch,ES-22119,5.1.1,java.lang.IllegalStateException,2,62328,0.0,2,"[1.75,1][0.0,2]"
9,elasticsearch,ES-23218,5.2.1,java.lang.IllegalStateException,12,62328,11.75,252,"[12.5,1][11.75,2]"
10,elasticsearch,ES-23218,5.2.1,java.lang.IllegalStateException,7,62328,-1,0,
8,elasticsearch,ES-23218,5.2.1,java.lang.IllegalStateException,10,62328,11.666666666666666,1441,"[11.666666666666666,1]"
10,elasticsearch,ES-23218,5.2.1,java.lang.IllegalStateException,9,62328,-1,0,
10,elasticsearch,ES-22119,5.1.1,java.lang.IllegalStateException,1,62328,0.0,1,"[0.0,1]"
2,elasticsearch,ES-22119,5.1.1,java.lang.IllegalStateException,5,62328,5.5,579,"[5.5,1]"
8,elasticsearch,ES-23218,5.2.1,java.lang.IllegalStateException,3,62328,4.5,20733,"[4.5,1]"
10,elasticsearch,ES-22119,5.1.1,java.lang.IllegalStateException,2,62328,0.0,5,"[1.75,1][0.0,5]"
8,elasticsearch,ES-23218,5.2.1,java.lang.IllegalStateException,4,62328,4.5,20344,"[4.5,1]"
8,elasticsearch,ES-23218,5.2.1,java.lang.IllegalStateException,5,62328,5.5,5818,"[5.5,1]"
8,elasticsearch,ES-23218,5.2.1,java.lang.IllegalStateException,6,62328,6.5,4604,"[6.5,1]"
10,elasticsearch,ES-23218,5.2.1,java.lang.IllegalStateException,11,62328,11.666666666666666,95,"[11.666666666666666,1]"
7,elasticsearch,ES-23218,5.2.1,java.lang.IllegalStateException,6,62328,6.5,4223,"[6.5,1]"
1,elasticsearch,ES-22119,5.1.1,java.lang.IllegalStateException,3,62328,-1,0,
1,elasticsearch,ES-22119,5.1.1,java.lang.IllegalStateException,4,62328,-1,0,
9,elasticsearch,ES-23218,5.2.1,java.lang.IllegalStateException,2,62328,4.5,21939,"[4.5,1]"
9,elasticsearch,ES-23218,5.2.1,java.lang.IllegalStateException,3,62328,4.5,21136,"[4.5,1]"
2,elasticsearch,ES-22119,5.1.1,java.lang.IllegalStateException,3,62328,-1,0,
9,elasticsearch,ES-23218,5.2.1,java.lang.IllegalStateException,4,62328,4.5,19300,"[4.5,1]"
9,elasticsearch,ES-23218,5.2.1,java.lang.IllegalStateException,5,62328,5.5,6697,"[5.5,1]"
9,elasticsearch,ES-23218,5.2.1,java.lang.IllegalStateException,6,62328,6.5,4037,"[6.5,1]"
9,elasticsearch,ES-23218,5.2.1,java.lang.IllegalStateException,8,62328,8.5,893,"[8.5,1]"
1,elasticsearch,ES-26513,5.5.2,java.lang.IllegalStateException,16,62328,-1,0,
10,elasticsearch,ES-23218,5.2.1,java.lang.IllegalStateException,2,62328,4.5,23208,"[4.5,1]"
4,elasticsearch,ES-22119,5.1.1,java.lang.IllegalStateException,4,62328,-1,0,
10,elasticsearch,ES-23218,5.2.1,java.lang.IllegalStateException,3,62328,4.5,19463,"[4.5,1]"
2,elasticsearch,ES-22119,5.1.1,java.lang.IllegalStateException,4,62328,-1,0,
3,elasticsearch,ES-22119,5.1.1,java.lang.IllegalStateException,3,62328,-1,0,
10,elasticsearch,ES-23218,5.2.1,java.lang.IllegalStateException,6,62328,6.5,1733,"[6.5,1]"
3,elasticsearch,ES-22119,5.1.1,java.lang.IllegalStateException,4,62328,-1,0,
10,elasticsearch,ES-23218,5.2.1,java.lang.IllegalStateException,4,62328,4.5,23328,"[4.5,1]"
10,elasticsearch,ES-23218,5.2.1,java.lang.IllegalStateException,5,62328,5.5,6970,"[5.5,1]"
5,elasticsearch,ES-22119,5.1.1,java.lang.IllegalStateException,3,62328,-1,0,
6,elasticsearch,ES-22119,5.1.1,java.lang.IllegalStateException,3,62328,-1,0,
4,elasticsearch,ES-22119,5.1.1,java.lang.IllegalStateException,3,62328,-1,0,
6,elasticsearch,ES-22119,5.1.1,java.lang.IllegalStateException,4,62328,-1,0,
8,elasticsearch,ES-22119,5.1.1,java.lang.IllegalStateException,4,62328,-1,0,
7,elasticsearch,ES-22119,5.1.1,java.lang.IllegalStateException,4,62328,-1,0,
5,elasticsearch,ES-22119,5.1.1,java.lang.IllegalStateException,4,62328,-1,0,
10,elasticsearch,ES-23218,5.2.1,java.lang.IllegalStateException,8,62328,8.5,1721,"[8.5,1]"
8,elasticsearch,ES-22119,5.1.1,java.lang.IllegalStateException,3,62328,-1,0,
6,elasticsearch,ES-22119,5.1.1,java.lang.IllegalStateException,5,62328,5.5,383,"[5.5,1]"
9,elasticsearch,ES-22119,5.1.1,java.lang.IllegalStateException,3,62328,-1,0,
1,elasticsearch,ES-22119,5.1.1,java.lang.IllegalStateException,5,62328,5.5,3128,"[5.5,1]"
10,elasticsearch,ES-23218,5.2.1,java.lang.IllegalStateException,12,62328,11.75,937,"[11.75,1]"
10,elasticsearch,ES-22119,5.1.1,java.lang.IllegalStateException,5,62328,5.5,603,"[5.5,1]"
1,elasticsearch,ES-26513,5.5.2,java.lang.IllegalStateException,17,62328,-1,0,
1,elasticsearch,ES-26513,5.5.2,java.lang.IllegalStateException,18,62328,-1,0,
10,elasticsearch,ES-23218,5.2.1,java.lang.IllegalStateException,10,62328,11.666666666666666,2116,"[11.666666666666666,1]"
10,elasticsearch,ES-22119,5.1.1,java.lang.IllegalStateException,3,62328,-1,0,
10,elasticsearch,ES-22119,5.1.1,java.lang.IllegalStateException,4,62328,-1,0,
7,elasticsearch,ES-22119,5.1.1,java.lang.IllegalStateException,3,62328,-1,0,
9,elasticsearch,ES-22119,5.1.1,java.lang.IllegalStateException,4,62328,-1,0,
1,elasticsearch,ES-26513,5.5.2,java.lang.IllegalStateException,21,62328,22.5,10,"[22.5,1]"
3,elasticsearch,ES-22119,5.1.1,java.lang.IllegalStateException,5,62328,5.5,2691,"[5.5,1]"
4,elasticsearch,ES-22119,5.1.1,java.lang.IllegalStateException,5,62328,5.5,2799,"[5.5,1]"
1,elasticsearch,ES-26513,5.5.2,java.lang.IllegalStateException,26,62328,-1,0,
7,elasticsearch,ES-22119,5.1.1,java.lang.IllegalStateException,5,62328,5.5,1873,"[5.5,1]"
1,elasticsearch,ES-26513,5.5.2,java.lang.IllegalStateException,27,62328,-1,0,
1,elasticsearch,ES-26513,5.5.2,java.lang.IllegalStateException,22,62328,22.5,78,"[22.5,1]"
1,elasticsearch,ES-26513,5.5.2,java.lang.IllegalStateException,28,62328,-1,0,
2,elasticsearch,ES-26513,5.5.2,java.lang.IllegalStateException,16,62328,-1,0,
2,elasticsearch,ES-26513,5.5.2,java.lang.IllegalStateException,21,62328,22.5,230,"[22.5,1]"
2,elasticsearch,ES-26513,5.5.2,java.lang.IllegalStateException,17,62328,-1,0,
2,elasticsearch,ES-26513,5.5.2,java.lang.IllegalStateException,18,62328,-1,0,
1,elasticsearch,ES-26513,5.5.2,java.lang.IllegalStateException,23,62328,23.5,379,"[23.5,1]"
8,elasticsearch,ES-22119,5.1.1,java.lang.IllegalStateException,5,62328,5.5,2117,"[5.5,1]"
2,elasticsearch,ES-26513,5.5.2,java.lang.IllegalStateException,25,62328,-1,0,
2,elasticsearch,ES-26513,5.5.2,java.lang.IllegalStateException,26,62328,-1,0,
2,elasticsearch,ES-26513,5.5.2,java.lang.IllegalStateException,27,62328,-1,0,
2,elasticsearch,ES-26513,5.5.2,java.lang.IllegalStateException,28,62328,-1,0,
2,elasticsearch,ES-26513,5.5.2,java.lang.IllegalStateException,24,62328,24.5,90,"[24.5,1]"
2,elasticsearch,ES-26513,5.5.2,java.lang.IllegalStateException,22,62328,22.5,263,"[22.5,1]"
3,elasticsearch,ES-26513,5.5.2,java.lang.IllegalStateException,16,62328,-1,0,
9,elasticsearch,ES-22119,5.1.1,java.lang.IllegalStateException,5,62328,5.5,2572,"[5.5,1]"
3,elasticsearch,ES-26513,5.5.2,java.lang.IllegalStateException,17,62328,-1,0,
3,elasticsearch,ES-26513,5.5.2,java.lang.IllegalStateException,18,62328,-1,0,
2,elasticsearch,ES-26513,5.5.2,java.lang.IllegalStateException,23,62328,23.5,348,"[23.5,1]"
1,elasticsearch,ES-26513,5.5.2,java.lang.IllegalStateException,24,62328,24.5,446,"[24.5,1]"
1,elasticsearch,ES-26513,5.5.2,java.lang.IllegalStateException,25,62328,25.666666666666664,568,"[25.666666666666664,1]"
1,elasticsearch,ES-26513,5.5.2,java.lang.IllegalStateException,19,62328,16.5,5764,"[16.5,1]"
1,elasticsearch,ES-26513,5.5.2,java.lang.IllegalStateException,20,62328,16.5,14201,"[20.5,1][16.5,14]"
3,elasticsearch,ES-26513,5.5.2,java.lang.IllegalStateException,25,62328,-1,0,
3,elasticsearch,ES-26513,5.5.2,java.lang.IllegalStateException,26,62328,-1,0,
3,elasticsearch,ES-26513,5.5.2,java.lang.IllegalStateException,27,62328,-1,0,
3,elasticsearch,ES-26513,5.5.2,java.lang.IllegalStateException,28,62328,-1,0,
4,elasticsearch,ES-26513,5.5.2,java.lang.IllegalStateException,16,62328,-1,0,
3,elasticsearch,ES-26513,5.5.2,java.lang.IllegalStateException,23,62328,23.5,266,"[23.5,1]"
4,elasticsearch,ES-26513,5.5.2,java.lang.IllegalStateException,17,62328,-1,0,
4,elasticsearch,ES-26513,5.5.2,java.lang.IllegalStateException,18,62328,-1,0,
1,elasticsearch,ES-26513,5.5.2,java.lang.IllegalStateException,29,62328,29.5,20485,"[29.5,1]"
1,elasticsearch,ES-26513,5.5.2,java.lang.IllegalStateException,30,62328,30.5,35903,"[30.5,1]"
2,elasticsearch,ES-26513,5.5.2,java.lang.IllegalStateException,19,62328,16.5,5625,"[16.5,1]"
4,elasticsearch,ES-26513,5.5.2,java.lang.IllegalStateException,21,62328,22.5,62,"[22.5,1]"
2,elasticsearch,ES-26513,5.5.2,java.lang.IllegalStateException,20,62328,16.5,14175,"[20.5,1][16.5,12]"
3,elasticsearch,ES-26513,5.5.2,java.lang.IllegalStateException,21,62328,22.5,614,"[22.5,1]"
3,elasticsearch,ES-26513,5.5.2,java.lang.IllegalStateException,22,62328,22.5,743,"[22.5,1]"
4,elasticsearch,ES-26513,5.5.2,java.lang.IllegalStateException,25,62328,-1,0,
4,elasticsearch,ES-26513,5.5.2,java.lang.IllegalStateException,26,62328,-1,0,
4,elasticsearch,ES-26513,5.5.2,java.lang.IllegalStateException,27,62328,-1,0,
4,elasticsearch,ES-26513,5.5.2,java.lang.IllegalStateException,28,62328,-1,0,
2,elasticsearch,ES-26513,5.5.2,java.lang.IllegalStateException,29,62328,29.5,19529,"[29.5,1]"
4,elasticsearch,ES-26513,5.5.2,java.lang.IllegalStateException,23,62328,23.5,261,"[23.5,1]"
2,elasticsearch,ES-26513,5.5.2,java.lang.IllegalStateException,30,62328,30.5,34127,"[30.5,1]"
5,elasticsearch,ES-26513,5.5.2,java.lang.IllegalStateException,16,62328,-1,0,
3,elasticsearch,ES-26513,5.5.2,java.lang.IllegalStateException,19,62328,16.5,5811,"[16.5,1]"
4,elasticsearch,ES-26513,5.5.2,java.lang.IllegalStateException,22,62328,22.5,667,"[22.5,1]"
5,elasticsearch,ES-26513,5.5.2,java.lang.IllegalStateException,17,62328,-1,0,
5,elasticsearch,ES-26513,5.5.2,java.lang.IllegalStateException,18,62328,-1,0,
3,elasticsearch,ES-26513,5.5.2,java.lang.IllegalStateException,20,62328,16.5,13240,"[20.5,1][16.5,5]"
3,elasticsearch,ES-26513,5.5.2,java.lang.IllegalStateException,24,62328,24.5,641,"[24.5,1]"
5,elasticsearch,ES-26513,5.5.2,java.lang.IllegalStateException,22,62328,-1,0,
5,elasticsearch,ES-26513,5.5.2,java.lang.IllegalStateException,25,62328,-1,0,
5,elasticsearch,ES-26513,5.5.2,java.lang.IllegalStateException,26,62328,-1,0,
5,elasticsearch,ES-26513,5.5.2,java.lang.IllegalStateException,27,62328,-1,0,
5,elasticsearch,ES-26513,5.5.2,java.lang.IllegalStateException,28,62328,-1,0,
5,elasticsearch,ES-26513,5.5.2,java.lang.IllegalStateException,21,62328,22.5,168,"[22.5,1]"
3,elasticsearch,ES-26513,5.5.2,java.lang.IllegalStateException,29,62328,29.5,20441,"[29.5,1]"
3,elasticsearch,ES-26513,5.5.2,java.lang.IllegalStateException,30,62328,30.5,35885,"[30.5,1]"
4,elasticsearch,ES-26513,5.5.2,java.lang.IllegalStateException,24,62328,24.5,587,"[24.5,1]"
4,elasticsearch,ES-26513,5.5.2,java.lang.IllegalStateException,19,62328,16.5,5581,"[16.5,1]"
5,elasticsearch,ES-26513,5.5.2,java.lang.IllegalStateException,23,62328,23.5,358,"[23.5,1]"
6,elasticsearch,ES-26513,5.5.2,java.lang.IllegalStateException,16,62328,-1,0,
5,elasticsearch,ES-26513,5.5.2,java.lang.IllegalStateException,24,62328,24.5,373,"[24.5,1]"
4,elasticsearch,ES-26513,5.5.2,java.lang.IllegalStateException,20,62328,16.5,13244,"[20.5,1][16.5,10]"
6,elasticsearch,ES-26513,5.5.2,java.lang.IllegalStateException,17,62328,-1,0,
6,elasticsearch,ES-26513,5.5.2,java.lang.IllegalStateException,18,62328,-1,0,
6,elasticsearch,ES-26513,5.5.2,java.lang.IllegalStateException,21,62328,22.5,205,"[22.5,1]"
6,elasticsearch,ES-26513,5.5.2,java.lang.IllegalStateException,22,62328,22.5,66,"[22.5,1]"
6,elasticsearch,ES-26513,5.5.2,java.lang.IllegalStateException,26,62328,-1,0,
6,elasticsearch,ES-26513,5.5.2,java.lang.IllegalStateException,27,62328,-1,0,
6,elasticsearch,ES-26513,5.5.2,java.lang.IllegalStateException,28,62328,-1,0,
4,elasticsearch,ES-26513,5.5.2,java.lang.IllegalStateException,29,62328,29.5,20636,"[29.5,1]"
6,elasticsearch,ES-26513,5.5.2,java.lang.IllegalStateException,23,62328,23.5,324,"[23.5,1]"
4,elasticsearch,ES-26513,5.5.2,java.lang.IllegalStateException,30,62328,30.5,31995,"[30.5,1]"
7,elasticsearch,ES-26513,5.5.2,java.lang.IllegalStateException,16,62328,-1,0,
7,elasticsearch,ES-26513,5.5.2,java.lang.IllegalStateException,17,62328,-1,0,
5,elasticsearch,ES-26513,5.5.2,java.lang.IllegalStateException,19,62328,16.5,5599,"[16.5,1]"
7,elasticsearch,ES-26513,5.5.2,java.lang.IllegalStateException,18,62328,-1,0,
5,elasticsearch,ES-26513,5.5.2,java.lang.IllegalStateException,20,62328,16.5,14015,"[20.5,1][16.5,15]"
6,elasticsearch,ES-26513,5.5.2,java.lang.IllegalStateException,25,62328,25.666666666666664,149,"[25.666666666666664,1]"
7,elasticsearch,ES-26513,5.5.2,java.lang.IllegalStateException,22,62328,22.5,26,"[22.5,1]"
7,elasticsearch,ES-26513,5.5.2,java.lang.IllegalStateException,25,62328,-1,0,
7,elasticsearch,ES-26513,5.5.2,java.lang.IllegalStateException,21,62328,22.5,138,"[22.5,1]"
7,elasticsearch,ES-26513,5.5.2,java.lang.IllegalStateException,26,62328,-1,0,
7,elasticsearch,ES-26513,5.5.2,java.lang.IllegalStateException,27,62328,-1,0,
6,elasticsearch,ES-26513,5.5.2,java.lang.IllegalStateException,24,62328,24.5,451,"[24.5,1]"
7,elasticsearch,ES-26513,5.5.2,java.lang.IllegalStateException,28,62328,-1,0,
5,elasticsearch,ES-26513,5.5.2,java.lang.IllegalStateException,29,62328,29.5,19887,"[29.5,1]"
5,elasticsearch,ES-26513,5.5.2,java.lang.IllegalStateException,30,62328,30.5,33163,"[30.5,1]"
8,elasticsearch,ES-26513,5.5.2,java.lang.IllegalStateException,16,62328,-1,0,
7,elasticsearch,ES-26513,5.5.2,java.lang.IllegalStateException,24,62328,24.5,92,"[24.5,1]"
8,elasticsearch,ES-26513,5.5.2,java.lang.IllegalStateException,17,62328,-1,0,
8,elasticsearch,ES-26513,5.5.2,java.lang.IllegalStateException,18,62328,-1,0,
7,elasticsearch,ES-26513,5.5.2,java.lang.IllegalStateException,23,62328,23.5,513,"[23.5,1]"
6,elasticsearch,ES-26513,5.5.2,java.lang.IllegalStateException,19,62328,16.5,5643,"[16.5,1]"
6,elasticsearch,ES-26513,5.5.2,java.lang.IllegalStateException,20,62328,16.5,12763,"[20.5,1][16.5,4]"
8,elasticsearch,ES-26513,5.5.2,java.lang.IllegalStateException,22,62328,22.5,23,"[22.5,1]"
8,elasticsearch,ES-26513,5.5.2,java.lang.IllegalStateException,25,62328,-1,0,
8,elasticsearch,ES-26513,5.5.2,java.lang.IllegalStateException,26,62328,-1,0,
8,elasticsearch,ES-26513,5.5.2,java.lang.IllegalStateException,28,62328,-1,0,
6,elasticsearch,ES-26513,5.5.2,java.lang.IllegalStateException,29,62328,29.5,18753,"[29.5,1]"
6,elasticsearch,ES-26513,5.5.2,java.lang.IllegalStateException,30,62328,30.5,33266,"[30.5,1]"
8,elasticsearch,ES-26513,5.5.2,java.lang.IllegalStateException,23,62328,23.5,244,"[23.5,1]"
9,elasticsearch,ES-26513,5.5.2,java.lang.IllegalStateException,16,62328,-1,0,
9,elasticsearch,ES-26513,5.5.2,java.lang.IllegalStateException,17,62328,-1,0,
7,elasticsearch,ES-26513,5.5.2,java.lang.IllegalStateException,19,62328,16.5,5729,"[16.5,1]"
9,elasticsearch,ES-26513,5.5.2,java.lang.IllegalStateException,18,62328,-1,0,
7,elasticsearch,ES-26513,5.5.2,java.lang.IllegalStateException,20,62328,16.5,12433,"[20.5,1][16.5,2]"
9,elasticsearch,ES-26513,5.5.2,java.lang.IllegalStateException,21,62328,22.5,91,"[22.5,1]"
9,elasticsearch,ES-26513,5.5.2,java.lang.IllegalStateException,25,62328,-1,0,
9,elasticsearch,ES-26513,5.5.2,java.lang.IllegalStateException,26,62328,-1,0,
9,elasticsearch,ES-26513,5.5.2,java.lang.IllegalStateException,27,62328,-1,0,
9,elasticsearch,ES-26513,5.5.2,java.lang.IllegalStateException,28,62328,-1,0,
7,elasticsearch,ES-26513,5.5.2,java.lang.IllegalStateException,29,62328,29.5,21177,"[29.5,1]"
8,elasticsearch,ES-26513,5.5.2,java.lang.IllegalStateException,21,62328,22.5,1027,"[22.5,1]"
7,elasticsearch,ES-26513,5.5.2,java.lang.IllegalStateException,30,62328,30.5,38241,"[30.5,1]"
9,elasticsearch,ES-26513,5.5.2,java.lang.IllegalStateException,23,62328,23.5,195,"[23.5,1]"
10,elasticsearch,ES-26513,5.5.2,java.lang.IllegalStateException,16,62328,-1,0,
10,elasticsearch,ES-26513,5.5.2,java.lang.IllegalStateException,17,62328,-1,0,
10,elasticsearch,ES-26513,5.5.2,java.lang.IllegalStateException,18,62328,-1,0,
8,elasticsearch,ES-26513,5.5.2,java.lang.IllegalStateException,19,62328,16.5,5990,"[16.5,1]"
9,elasticsearch,ES-26513,5.5.2,java.lang.IllegalStateException,22,62328,22.5,410,"[22.5,1]"
8,elasticsearch,ES-26513,5.5.2,java.lang.IllegalStateException,20,62328,16.5,13703,"[20.5,1][16.5,10]"
10,elasticsearch,ES-26513,5.5.2,java.lang.IllegalStateException,25,62328,-1,0,
9,elasticsearch,ES-26513,5.5.2,java.lang.IllegalStateException,24,62328,24.5,313,"[24.5,1]"
10,elasticsearch,ES-26513,5.5.2,java.lang.IllegalStateException,26,62328,-1,0,
10,elasticsearch,ES-26513,5.5.2,java.lang.IllegalStateException,22,62328,22.5,134,"[22.5,1]"
10,elasticsearch,ES-26513,5.5.2,java.lang.IllegalStateException,27,62328,-1,0,
10,elasticsearch,ES-26513,5.5.2,java.lang.IllegalStateException,23,62328,23.5,217,"[23.5,1]"
10,elasticsearch,ES-26513,5.5.2,java.lang.IllegalStateException,24,62328,24.5,63,"[24.5,1]"
10,elasticsearch,ES-26513,5.5.2,java.lang.IllegalStateException,21,62328,22.5,137,"[22.5,1]"
8,elasticsearch,ES-26513,5.5.2,java.lang.IllegalStateException,29,62328,29.5,21990,"[29.5,1]"
10,elasticsearch,ES-26513,5.5.2,java.lang.IllegalStateException,28,62328,-1,0,
8,elasticsearch,ES-26513,5.5.2,java.lang.IllegalStateException,27,62328,27.5,51,"[27.5,1]"
8,elasticsearch,ES-26513,5.5.2,java.lang.IllegalStateException,30,62328,30.5,33985,"[30.5,1]"
9,elasticsearch,ES-26513,5.5.2,java.lang.IllegalStateException,19,62328,16.5,6503,"[16.5,1]"
9,elasticsearch,ES-26513,5.5.2,java.lang.IllegalStateException,20,62328,16.5,14953,"[20.5,1][16.5,3]"
9,elasticsearch,ES-26513,5.5.2,java.lang.IllegalStateException,29,62328,29.5,23463,"[29.5,1]"
9,elasticsearch,ES-26513,5.5.2,java.lang.IllegalStateException,30,62328,30.5,39943,"[30.5,1]"
10,elasticsearch,ES-26513,5.5.2,java.lang.IllegalStateException,19,62328,16.5,6585,"[16.5,1]"
10,elasticsearch,ES-26513,5.5.2,java.lang.IllegalStateException,20,62328,16.5,13329,"[20.5,1][16.5,3]"
8,elasticsearch,ES-26513,5.5.2,java.lang.IllegalStateException,24,62328,24.5,1809,"[24.5,1]"
10,elasticsearch,ES-26513,5.5.2,java.lang.IllegalStateException,29,62328,29.5,22798,"[29.5,1]"
10,elasticsearch,ES-26513,5.5.2,java.lang.IllegalStateException,30,62328,30.5,40423,"[30.5,1]"
