execution_idx,application,case,version,execption_name,frame_level,search_budget,fitness_function_value,number_of_fitness_evaluations,fitness_functions_evolution
1,elasticsearch,ES-19891,2.3.3,java.lang.ArrayIndexOutOfBoundsException,1,62328,1.0,8,"[1.0,1]"
2,elasticsearch,ES-19891,2.3.3,java.lang.ArrayIndexOutOfBoundsException,1,62328,1.0,10,"[1.0,1]"
3,elasticsearch,ES-19891,2.3.3,java.lang.ArrayIndexOutOfBoundsException,1,62328,1.0,8,"[1.0,1]"
4,elasticsearch,ES-19891,2.3.3,java.lang.ArrayIndexOutOfBoundsException,1,62328,1.0,6,"[1.0,1]"
5,elasticsearch,ES-19891,2.3.3,java.lang.ArrayIndexOutOfBoundsException,1,62328,1.0,15,"[1.0,1]"
6,elasticsearch,ES-19891,2.3.3,java.lang.ArrayIndexOutOfBoundsException,1,62328,1.0,13,"[1.0,1]"
7,elasticsearch,ES-19891,2.3.3,java.lang.ArrayIndexOutOfBoundsException,1,62328,1.0,12,"[1.0,1]"
8,elasticsearch,ES-19891,2.3.3,java.lang.ArrayIndexOutOfBoundsException,1,62328,1.0,2,"[1.0,1]"
9,elasticsearch,ES-19891,2.3.3,java.lang.ArrayIndexOutOfBoundsException,1,62328,1.0,12,"[1.0,1]"
10,elasticsearch,ES-19891,2.3.3,java.lang.ArrayIndexOutOfBoundsException,1,62328,1.0,11,"[1.0,1]"
11,elasticsearch,ES-19891,2.3.3,java.lang.ArrayIndexOutOfBoundsException,1,62328,1.0,14,"[1.0,1]"
12,elasticsearch,ES-19891,2.3.3,java.lang.ArrayIndexOutOfBoundsException,1,62328,1.0,10,"[1.0,1]"
13,elasticsearch,ES-19891,2.3.3,java.lang.ArrayIndexOutOfBoundsException,1,62328,1.0,12,"[1.0,1]"
14,elasticsearch,ES-19891,2.3.3,java.lang.ArrayIndexOutOfBoundsException,1,62328,1.0,14,"[1.0,1]"
15,elasticsearch,ES-19891,2.3.3,java.lang.ArrayIndexOutOfBoundsException,1,62328,1.0,9,"[1.0,1]"
16,elasticsearch,ES-19891,2.3.3,java.lang.ArrayIndexOutOfBoundsException,1,62328,1.0,12,"[1.0,1]"
17,elasticsearch,ES-19891,2.3.3,java.lang.ArrayIndexOutOfBoundsException,1,62328,1.0,9,"[1.0,1]"
18,elasticsearch,ES-19891,2.3.3,java.lang.ArrayIndexOutOfBoundsException,1,62328,1.0,9,"[1.0,1]"
19,elasticsearch,ES-19891,2.3.3,java.lang.ArrayIndexOutOfBoundsException,1,62328,1.0,11,"[1.0,1]"
20,elasticsearch,ES-19891,2.3.3,java.lang.ArrayIndexOutOfBoundsException,1,62328,1.0,11,"[1.0,1]"
21,elasticsearch,ES-19891,2.3.3,java.lang.ArrayIndexOutOfBoundsException,1,62328,1.0,4,"[1.0,1]"
22,elasticsearch,ES-19891,2.3.3,java.lang.ArrayIndexOutOfBoundsException,1,62328,1.0,13,"[1.0,1]"
23,elasticsearch,ES-19891,2.3.3,java.lang.ArrayIndexOutOfBoundsException,1,62328,1.0,10,"[1.0,1]"
24,elasticsearch,ES-19891,2.3.3,java.lang.ArrayIndexOutOfBoundsException,1,62328,1.0,12,"[1.0,1]"
25,elasticsearch,ES-19891,2.3.3,java.lang.ArrayIndexOutOfBoundsException,1,62328,1.0,7,"[1.0,1]"
26,elasticsearch,ES-19891,2.3.3,java.lang.ArrayIndexOutOfBoundsException,1,62328,1.0,11,"[1.0,1]"
27,elasticsearch,ES-19891,2.3.3,java.lang.ArrayIndexOutOfBoundsException,1,62328,1.0,8,"[1.0,1]"
28,elasticsearch,ES-19891,2.3.3,java.lang.ArrayIndexOutOfBoundsException,1,62328,1.0,7,"[1.0,1]"
29,elasticsearch,ES-19891,2.3.3,java.lang.ArrayIndexOutOfBoundsException,1,62328,1.0,11,"[1.0,1]"
30,elasticsearch,ES-19891,2.3.3,java.lang.ArrayIndexOutOfBoundsException,1,62328,1.0,11,"[1.0,1]"
1,elasticsearch,ES-19891,2.3.3,java.lang.ArrayIndexOutOfBoundsException,2,62328,2.333333333333333,807,"[2.333333333333333,1]"
2,elasticsearch,ES-19891,2.3.3,java.lang.ArrayIndexOutOfBoundsException,2,62328,2.333333333333333,1394,"[2.333333333333333,1]"
3,elasticsearch,ES-19891,2.3.3,java.lang.ArrayIndexOutOfBoundsException,2,62328,2.333333333333333,136,"[2.333333333333333,1]"
4,elasticsearch,ES-19891,2.3.3,java.lang.ArrayIndexOutOfBoundsException,2,62328,2.333333333333333,112,"[2.333333333333333,1]"
5,elasticsearch,ES-19891,2.3.3,java.lang.ArrayIndexOutOfBoundsException,2,62328,2.333333333333333,121,"[2.333333333333333,1]"
6,elasticsearch,ES-19891,2.3.3,java.lang.ArrayIndexOutOfBoundsException,2,62328,2.333333333333333,89,"[2.333333333333333,1]"
7,elasticsearch,ES-19891,2.3.3,java.lang.ArrayIndexOutOfBoundsException,2,62328,2.333333333333333,62,"[2.333333333333333,1]"
8,elasticsearch,ES-19891,2.3.3,java.lang.ArrayIndexOutOfBoundsException,2,62328,2.333333333333333,92,"[2.333333333333333,1]"
9,elasticsearch,ES-19891,2.3.3,java.lang.ArrayIndexOutOfBoundsException,2,62328,2.333333333333333,118,"[2.333333333333333,1]"
10,elasticsearch,ES-19891,2.3.3,java.lang.ArrayIndexOutOfBoundsException,2,62328,2.333333333333333,858,"[2.333333333333333,1]"
11,elasticsearch,ES-19891,2.3.3,java.lang.ArrayIndexOutOfBoundsException,2,62328,2.333333333333333,116,"[2.333333333333333,1]"
12,elasticsearch,ES-19891,2.3.3,java.lang.ArrayIndexOutOfBoundsException,2,62328,2.333333333333333,1111,"[2.333333333333333,1]"
13,elasticsearch,ES-19891,2.3.3,java.lang.ArrayIndexOutOfBoundsException,2,62328,2.333333333333333,27,"[2.333333333333333,1]"
14,elasticsearch,ES-19891,2.3.3,java.lang.ArrayIndexOutOfBoundsException,2,62328,2.333333333333333,94,"[2.333333333333333,1]"
15,elasticsearch,ES-19891,2.3.3,java.lang.ArrayIndexOutOfBoundsException,2,62328,2.333333333333333,23,"[2.333333333333333,1]"
16,elasticsearch,ES-19891,2.3.3,java.lang.ArrayIndexOutOfBoundsException,2,62328,2.333333333333333,6,"[2.333333333333333,1]"
17,elasticsearch,ES-19891,2.3.3,java.lang.ArrayIndexOutOfBoundsException,2,62328,2.333333333333333,20,"[2.333333333333333,1]"
18,elasticsearch,ES-19891,2.3.3,java.lang.ArrayIndexOutOfBoundsException,2,62328,2.333333333333333,190,"[2.333333333333333,1]"
19,elasticsearch,ES-19891,2.3.3,java.lang.ArrayIndexOutOfBoundsException,2,62328,2.333333333333333,220,"[2.333333333333333,1]"
20,elasticsearch,ES-19891,2.3.3,java.lang.ArrayIndexOutOfBoundsException,2,62328,2.333333333333333,128,"[2.333333333333333,1]"
21,elasticsearch,ES-19891,2.3.3,java.lang.ArrayIndexOutOfBoundsException,2,62328,2.333333333333333,57,"[2.333333333333333,1]"
22,elasticsearch,ES-19891,2.3.3,java.lang.ArrayIndexOutOfBoundsException,2,62328,2.333333333333333,149,"[2.333333333333333,1]"
23,elasticsearch,ES-19891,2.3.3,java.lang.ArrayIndexOutOfBoundsException,2,62328,2.333333333333333,145,"[2.333333333333333,1]"
24,elasticsearch,ES-19891,2.3.3,java.lang.ArrayIndexOutOfBoundsException,2,62328,2.333333333333333,132,"[2.333333333333333,1]"
25,elasticsearch,ES-19891,2.3.3,java.lang.ArrayIndexOutOfBoundsException,2,62328,2.333333333333333,95,"[2.333333333333333,1]"
26,elasticsearch,ES-19891,2.3.3,java.lang.ArrayIndexOutOfBoundsException,2,62328,2.333333333333333,248,"[2.333333333333333,1]"
27,elasticsearch,ES-19891,2.3.3,java.lang.ArrayIndexOutOfBoundsException,2,62328,2.333333333333333,710,"[2.333333333333333,1]"
28,elasticsearch,ES-19891,2.3.3,java.lang.ArrayIndexOutOfBoundsException,2,62328,2.333333333333333,1104,"[2.333333333333333,1]"
29,elasticsearch,ES-19891,2.3.3,java.lang.ArrayIndexOutOfBoundsException,2,62328,2.333333333333333,181,"[2.333333333333333,1]"
30,elasticsearch,ES-19891,2.3.3,java.lang.ArrayIndexOutOfBoundsException,2,62328,2.333333333333333,159,"[2.333333333333333,1]"
1,elasticsearch,ES-19891,2.3.3,java.lang.ArrayIndexOutOfBoundsException,3,62328,2.333333333333333,283,"[2.333333333333333,1]"
2,elasticsearch,ES-19891,2.3.3,java.lang.ArrayIndexOutOfBoundsException,3,62328,2.333333333333333,200,"[2.333333333333333,1]"
3,elasticsearch,ES-19891,2.3.3,java.lang.ArrayIndexOutOfBoundsException,3,62328,2.333333333333333,64,"[2.333333333333333,1]"
4,elasticsearch,ES-19891,2.3.3,java.lang.ArrayIndexOutOfBoundsException,3,62328,2.333333333333333,121,"[2.333333333333333,1]"
5,elasticsearch,ES-19891,2.3.3,java.lang.ArrayIndexOutOfBoundsException,3,62328,2.333333333333333,12,"[2.333333333333333,1]"
6,elasticsearch,ES-19891,2.3.3,java.lang.ArrayIndexOutOfBoundsException,3,62328,2.333333333333333,21,"[2.333333333333333,1]"
7,elasticsearch,ES-19891,2.3.3,java.lang.ArrayIndexOutOfBoundsException,3,62328,2.333333333333333,545,"[2.333333333333333,1]"
8,elasticsearch,ES-19891,2.3.3,java.lang.ArrayIndexOutOfBoundsException,3,62328,2.333333333333333,63,"[2.333333333333333,1]"
9,elasticsearch,ES-19891,2.3.3,java.lang.ArrayIndexOutOfBoundsException,3,62328,2.333333333333333,54,"[2.333333333333333,1]"
10,elasticsearch,ES-19891,2.3.3,java.lang.ArrayIndexOutOfBoundsException,3,62328,2.333333333333333,40,"[2.333333333333333,1]"
11,elasticsearch,ES-19891,2.3.3,java.lang.ArrayIndexOutOfBoundsException,3,62328,2.333333333333333,164,"[2.333333333333333,1]"
12,elasticsearch,ES-19891,2.3.3,java.lang.ArrayIndexOutOfBoundsException,3,62328,2.333333333333333,1440,"[2.333333333333333,1]"
13,elasticsearch,ES-19891,2.3.3,java.lang.ArrayIndexOutOfBoundsException,3,62328,2.333333333333333,188,"[2.333333333333333,1]"
14,elasticsearch,ES-19891,2.3.3,java.lang.ArrayIndexOutOfBoundsException,3,62328,2.333333333333333,288,"[2.333333333333333,1]"
15,elasticsearch,ES-19891,2.3.3,java.lang.ArrayIndexOutOfBoundsException,3,62328,2.333333333333333,52,"[2.333333333333333,1]"
16,elasticsearch,ES-19891,2.3.3,java.lang.ArrayIndexOutOfBoundsException,3,62328,2.333333333333333,567,"[2.333333333333333,1]"
17,elasticsearch,ES-19891,2.3.3,java.lang.ArrayIndexOutOfBoundsException,3,62328,2.333333333333333,205,"[2.333333333333333,1]"
18,elasticsearch,ES-19891,2.3.3,java.lang.ArrayIndexOutOfBoundsException,3,62328,2.333333333333333,467,"[2.333333333333333,1]"
19,elasticsearch,ES-19891,2.3.3,java.lang.ArrayIndexOutOfBoundsException,3,62328,2.333333333333333,27,"[2.333333333333333,1]"
20,elasticsearch,ES-19891,2.3.3,java.lang.ArrayIndexOutOfBoundsException,3,62328,2.333333333333333,56,"[2.333333333333333,1]"
21,elasticsearch,ES-19891,2.3.3,java.lang.ArrayIndexOutOfBoundsException,3,62328,2.333333333333333,421,"[2.333333333333333,1]"
22,elasticsearch,ES-19891,2.3.3,java.lang.ArrayIndexOutOfBoundsException,3,62328,2.333333333333333,27,"[2.333333333333333,1]"
23,elasticsearch,ES-19891,2.3.3,java.lang.ArrayIndexOutOfBoundsException,3,62328,2.333333333333333,229,"[2.333333333333333,1]"
24,elasticsearch,ES-19891,2.3.3,java.lang.ArrayIndexOutOfBoundsException,3,62328,2.333333333333333,164,"[2.333333333333333,1]"
25,elasticsearch,ES-19891,2.3.3,java.lang.ArrayIndexOutOfBoundsException,3,62328,2.333333333333333,178,"[2.333333333333333,1]"
26,elasticsearch,ES-19891,2.3.3,java.lang.ArrayIndexOutOfBoundsException,3,62328,2.333333333333333,16,"[2.333333333333333,1]"
27,elasticsearch,ES-19891,2.3.3,java.lang.ArrayIndexOutOfBoundsException,3,62328,2.333333333333333,26,"[2.333333333333333,1]"
28,elasticsearch,ES-19891,2.3.3,java.lang.ArrayIndexOutOfBoundsException,3,62328,2.333333333333333,44,"[2.333333333333333,1]"
29,elasticsearch,ES-19891,2.3.3,java.lang.ArrayIndexOutOfBoundsException,3,62328,2.333333333333333,710,"[2.333333333333333,1]"
30,elasticsearch,ES-19891,2.3.3,java.lang.ArrayIndexOutOfBoundsException,3,62328,2.333333333333333,127,"[2.333333333333333,1]"
1,elasticsearch,ES-19891,2.3.3,java.lang.ArrayIndexOutOfBoundsException,16,62328,16.5,11596,"[16.5,1]"
2,elasticsearch,ES-19891,2.3.3,java.lang.ArrayIndexOutOfBoundsException,16,62328,16.5,13719,"[16.5,1]"
3,elasticsearch,ES-19891,2.3.3,java.lang.ArrayIndexOutOfBoundsException,16,62328,16.5,16080,"[16.5,1]"
4,elasticsearch,ES-19891,2.3.3,java.lang.ArrayIndexOutOfBoundsException,16,62328,16.5,15417,"[16.5,1]"
5,elasticsearch,ES-19891,2.3.3,java.lang.ArrayIndexOutOfBoundsException,16,62328,16.5,16183,"[16.5,1]"
6,elasticsearch,ES-19891,2.3.3,java.lang.ArrayIndexOutOfBoundsException,16,62328,16.5,14244,"[16.5,1]"
7,elasticsearch,ES-19891,2.3.3,java.lang.ArrayIndexOutOfBoundsException,16,62328,16.5,17541,"[16.5,1]"
8,elasticsearch,ES-19891,2.3.3,java.lang.ArrayIndexOutOfBoundsException,16,62328,16.5,17043,"[16.5,1]"
9,elasticsearch,ES-19891,2.3.3,java.lang.ArrayIndexOutOfBoundsException,16,62328,16.5,16504,"[16.5,1]"
10,elasticsearch,ES-19891,2.3.3,java.lang.ArrayIndexOutOfBoundsException,16,62328,16.5,9297,"[16.5,1]"
11,elasticsearch,ES-19891,2.3.3,java.lang.ArrayIndexOutOfBoundsException,16,62328,16.5,2626,"[16.5,1]"
12,elasticsearch,ES-19891,2.3.3,java.lang.ArrayIndexOutOfBoundsException,16,62328,16.5,14680,"[16.5,1]"
13,elasticsearch,ES-19891,2.3.3,java.lang.ArrayIndexOutOfBoundsException,16,62328,16.5,17326,"[16.5,1]"
14,elasticsearch,ES-19891,2.3.3,java.lang.ArrayIndexOutOfBoundsException,16,62328,16.5,17384,"[16.5,1]"
15,elasticsearch,ES-19891,2.3.3,java.lang.ArrayIndexOutOfBoundsException,16,62328,16.5,17131,"[16.5,1]"
16,elasticsearch,ES-19891,2.3.3,java.lang.ArrayIndexOutOfBoundsException,16,62328,16.5,13963,"[16.5,1]"
17,elasticsearch,ES-19891,2.3.3,java.lang.ArrayIndexOutOfBoundsException,16,62328,16.5,17541,"[16.5,1]"
18,elasticsearch,ES-19891,2.3.3,java.lang.ArrayIndexOutOfBoundsException,16,62328,16.5,15337,"[16.5,1]"
19,elasticsearch,ES-19891,2.3.3,java.lang.ArrayIndexOutOfBoundsException,16,62328,16.5,17690,"[16.5,1]"
20,elasticsearch,ES-19891,2.3.3,java.lang.ArrayIndexOutOfBoundsException,16,62328,16.5,15412,"[16.5,1]"
21,elasticsearch,ES-19891,2.3.3,java.lang.ArrayIndexOutOfBoundsException,16,62328,16.5,16848,"[16.5,1]"
22,elasticsearch,ES-19891,2.3.3,java.lang.ArrayIndexOutOfBoundsException,16,62328,16.5,18290,"[16.5,1]"
23,elasticsearch,ES-19891,2.3.3,java.lang.ArrayIndexOutOfBoundsException,16,62328,16.5,7354,"[16.5,1]"
24,elasticsearch,ES-19891,2.3.3,java.lang.ArrayIndexOutOfBoundsException,16,62328,16.5,14727,"[16.5,1]"
25,elasticsearch,ES-19891,2.3.3,java.lang.ArrayIndexOutOfBoundsException,16,62328,16.5,16970,"[16.5,1]"
26,elasticsearch,ES-19891,2.3.3,java.lang.ArrayIndexOutOfBoundsException,16,62328,16.5,15126,"[16.5,1]"
27,elasticsearch,ES-19891,2.3.3,java.lang.ArrayIndexOutOfBoundsException,16,62328,16.5,14925,"[16.5,1]"
28,elasticsearch,ES-19891,2.3.3,java.lang.ArrayIndexOutOfBoundsException,16,62328,16.5,14598,"[16.5,1]"
29,elasticsearch,ES-19891,2.3.3,java.lang.ArrayIndexOutOfBoundsException,16,62328,16.5,14130,"[16.5,1]"
30,elasticsearch,ES-19891,2.3.3,java.lang.ArrayIndexOutOfBoundsException,16,62328,16.5,6178,"[16.5,1]"
1,elasticsearch,ES-19891,2.3.3,java.lang.ArrayIndexOutOfBoundsException,17,62328,17.333333333333332,10988,"[17.875,1][17.333333333333332,2]"
2,elasticsearch,ES-19891,2.3.3,java.lang.ArrayIndexOutOfBoundsException,17,62328,17.333333333333332,12009,"[17.333333333333332,1]"
3,elasticsearch,ES-19891,2.3.3,java.lang.ArrayIndexOutOfBoundsException,17,62328,17.333333333333332,14161,"[17.333333333333332,1]"
4,elasticsearch,ES-19891,2.3.3,java.lang.ArrayIndexOutOfBoundsException,17,62328,17.333333333333332,13763,"[17.875,1][17.333333333333332,3]"
5,elasticsearch,ES-19891,2.3.3,java.lang.ArrayIndexOutOfBoundsException,17,62328,17.333333333333332,14901,"[17.333333333333332,1]"
6,elasticsearch,ES-19891,2.3.3,java.lang.ArrayIndexOutOfBoundsException,17,62328,17.333333333333332,13865,"[17.875,1][17.333333333333332,2]"
7,elasticsearch,ES-19891,2.3.3,java.lang.ArrayIndexOutOfBoundsException,17,62328,17.333333333333332,14044,"[17.333333333333332,1]"
8,elasticsearch,ES-19891,2.3.3,java.lang.ArrayIndexOutOfBoundsException,17,62328,17.333333333333332,15075,"[17.875,1][17.333333333333332,2]"
9,elasticsearch,ES-19891,2.3.3,java.lang.ArrayIndexOutOfBoundsException,17,62328,17.333333333333332,15026,"[17.875,1][17.333333333333332,5]"
10,elasticsearch,ES-19891,2.3.3,java.lang.ArrayIndexOutOfBoundsException,17,62328,17.333333333333332,14824,"[17.333333333333332,1]"
11,elasticsearch,ES-19891,2.3.3,java.lang.ArrayIndexOutOfBoundsException,17,62328,17.333333333333332,14087,"[17.875,1][17.333333333333332,2]"
12,elasticsearch,ES-19891,2.3.3,java.lang.ArrayIndexOutOfBoundsException,17,62328,17.333333333333332,14368,"[17.875,1][17.333333333333332,2]"
13,elasticsearch,ES-19891,2.3.3,java.lang.ArrayIndexOutOfBoundsException,17,62328,17.333333333333332,12366,"[17.875,1][17.333333333333332,3]"
14,elasticsearch,ES-19891,2.3.3,java.lang.ArrayIndexOutOfBoundsException,17,62328,17.333333333333332,14496,"[17.333333333333332,1]"
15,elasticsearch,ES-19891,2.3.3,java.lang.ArrayIndexOutOfBoundsException,17,62328,17.333333333333332,15186,"[17.333333333333332,1]"
16,elasticsearch,ES-19891,2.3.3,java.lang.ArrayIndexOutOfBoundsException,17,62328,17.333333333333332,14732,"[17.333333333333332,1]"
17,elasticsearch,ES-19891,2.3.3,java.lang.ArrayIndexOutOfBoundsException,17,62328,17.333333333333332,15511,"[17.875,1][17.333333333333332,3]"
18,elasticsearch,ES-19891,2.3.3,java.lang.ArrayIndexOutOfBoundsException,17,62328,17.333333333333332,9321,"[17.875,1][17.333333333333332,3]"
19,elasticsearch,ES-19891,2.3.3,java.lang.ArrayIndexOutOfBoundsException,17,62328,17.333333333333332,14332,"[17.333333333333332,1]"
20,elasticsearch,ES-19891,2.3.3,java.lang.ArrayIndexOutOfBoundsException,17,62328,17.333333333333332,15495,"[17.875,1][17.333333333333332,5]"
21,elasticsearch,ES-19891,2.3.3,java.lang.ArrayIndexOutOfBoundsException,17,62328,17.333333333333332,15912,"[17.875,1][17.333333333333332,2]"
22,elasticsearch,ES-19891,2.3.3,java.lang.ArrayIndexOutOfBoundsException,17,62328,17.333333333333332,17625,"[17.333333333333332,1]"
23,elasticsearch,ES-19891,2.3.3,java.lang.ArrayIndexOutOfBoundsException,17,62328,17.333333333333332,17083,"[17.5,1][17.333333333333332,2]"
24,elasticsearch,ES-19891,2.3.3,java.lang.ArrayIndexOutOfBoundsException,17,62328,17.333333333333332,16269,"[17.875,1][17.333333333333332,4]"
25,elasticsearch,ES-19891,2.3.3,java.lang.ArrayIndexOutOfBoundsException,17,62328,17.333333333333332,17711,"[17.5,1][17.333333333333332,8]"
26,elasticsearch,ES-19891,2.3.3,java.lang.ArrayIndexOutOfBoundsException,17,62328,17.333333333333332,14724,"[17.5,1][17.333333333333332,2]"
27,elasticsearch,ES-19891,2.3.3,java.lang.ArrayIndexOutOfBoundsException,17,62328,17.333333333333332,15764,"[17.875,1][17.333333333333332,5]"
28,elasticsearch,ES-19891,2.3.3,java.lang.ArrayIndexOutOfBoundsException,17,62328,17.333333333333332,13749,"[17.875,1][17.333333333333332,3]"
29,elasticsearch,ES-19891,2.3.3,java.lang.ArrayIndexOutOfBoundsException,17,62328,17.333333333333332,13401,"[17.5,1][17.333333333333332,3]"
30,elasticsearch,ES-19891,2.3.3,java.lang.ArrayIndexOutOfBoundsException,17,62328,17.333333333333332,13148,"[17.875,1][17.333333333333332,2]"
1,elasticsearch,ES-19891,2.3.3,java.lang.ArrayIndexOutOfBoundsException,18,62328,18.49655172413793,620,"[18.8,1][18.714285714285715,3][18.497354497354497,5][18.497326203208555,13][18.496774193548386,14][18.49655172413793,37]"
2,elasticsearch,ES-19891,2.3.3,java.lang.ArrayIndexOutOfBoundsException,18,62328,18.8,1,"[18.8,1]"
3,elasticsearch,ES-19891,2.3.3,java.lang.ArrayIndexOutOfBoundsException,18,62328,18.49655172413793,129,"[18.8,1][18.714285714285715,2][18.497237569060772,3][18.497206703910614,4][18.497175141242938,9][18.49655172413793,11]"
4,elasticsearch,ES-19891,2.3.3,java.lang.ArrayIndexOutOfBoundsException,18,62328,-1,0,
5,elasticsearch,ES-19891,2.3.3,java.lang.ArrayIndexOutOfBoundsException,18,62328,18.49655172413793,475,"[18.8,1][18.77777777777778,2][18.714285714285715,3][18.496774193548386,7][18.49655172413793,12]"
6,elasticsearch,ES-19891,2.3.3,java.lang.ArrayIndexOutOfBoundsException,18,62328,18.49655172413793,236,"[18.8,1][18.714285714285715,2][18.497297297297298,5][18.497109826589593,8][18.49655172413793,16]"
7,elasticsearch,ES-19891,2.3.3,java.lang.ArrayIndexOutOfBoundsException,18,62328,18.49655172413793,92,"[18.8,1][18.714285714285715,4][18.497354497354497,8][18.497109826589593,11][18.49655172413793,12]"
8,elasticsearch,ES-19891,2.3.3,java.lang.ArrayIndexOutOfBoundsException,18,62328,18.49655172413793,207,"[18.8,1][18.714285714285715,3][18.497326203208555,4][18.497142857142858,8][18.497076023391813,9][18.49655172413793,10]"
9,elasticsearch,ES-19891,2.3.3,java.lang.ArrayIndexOutOfBoundsException,18,62328,-1,0,
10,elasticsearch,ES-19891,2.3.3,java.lang.ArrayIndexOutOfBoundsException,18,62328,18.49655172413793,198,"[18.8,1][18.714285714285715,2][18.497109826589593,4][18.496774193548386,7][18.49655172413793,16]"
11,elasticsearch,ES-19891,2.3.3,java.lang.ArrayIndexOutOfBoundsException,18,62328,18.49655172413793,178,"[18.8,1][18.714285714285715,2][18.498727735368956,4][18.4987146529563,10][18.497382198952877,15][18.496774193548386,23][18.49655172413793,27]"
12,elasticsearch,ES-19891,2.3.3,java.lang.ArrayIndexOutOfBoundsException,18,62328,18.49655172413793,59,"[18.8,1][18.714285714285715,2][18.499375780274654,6][18.497409326424872,7][18.497382198952877,8][18.497297297297298,9][18.497267759562842,10][18.497142857142858,11][18.496815286624205,12][18.496774193548386,13][18.49655172413793,20]"
13,elasticsearch,ES-19891,2.3.3,java.lang.ArrayIndexOutOfBoundsException,18,62328,-1,0,
14,elasticsearch,ES-19891,2.3.3,java.lang.ArrayIndexOutOfBoundsException,18,62328,18.49655172413793,213,"[18.8,1][18.714285714285715,4][18.497409326424872,5][18.49685534591195,8][18.496815286624205,14][18.496774193548386,20][18.49655172413793,25]"
15,elasticsearch,ES-19891,2.3.3,java.lang.ArrayIndexOutOfBoundsException,18,62328,18.49655172413793,320,"[18.8,1][18.714285714285715,3][18.497512437810947,4][18.497354497354497,7][18.497076023391813,10][18.49685534591195,11][18.49655172413793,17]"
16,elasticsearch,ES-19891,2.3.3,java.lang.ArrayIndexOutOfBoundsException,18,62328,18.49655172413793,1024,"[18.8,1][18.714285714285715,3][18.497536945812808,5][18.496774193548386,6][18.49655172413793,10]"
17,elasticsearch,ES-19891,2.3.3,java.lang.ArrayIndexOutOfBoundsException,18,62328,18.497076023391813,12,"[18.8,1][18.714285714285715,3][18.497409326424872,4][18.497109826589593,6][18.497076023391813,9]"
18,elasticsearch,ES-19891,2.3.3,java.lang.ArrayIndexOutOfBoundsException,18,62328,18.49655172413793,199,"[18.8,1][18.714285714285715,3][18.499162479061976,5][18.49874055415617,7][18.497326203208555,10][18.497041420118343,13][18.496815286624205,18][18.496774193548386,19][18.49655172413793,33]"
19,elasticsearch,ES-19891,2.3.3,java.lang.ArrayIndexOutOfBoundsException,18,62328,-1,0,
20,elasticsearch,ES-19891,2.3.3,java.lang.ArrayIndexOutOfBoundsException,18,62328,18.49655172413793,353,"[18.714285714285715,1][18.497076023391813,6][18.497041420118343,13][18.49655172413793,21]"
21,elasticsearch,ES-19891,2.3.3,java.lang.ArrayIndexOutOfBoundsException,18,62328,-1,0,
22,elasticsearch,ES-19891,2.3.3,java.lang.ArrayIndexOutOfBoundsException,18,62328,18.49655172413793,260,"[18.8,1][18.714285714285715,2][18.49746192893401,5][18.497297297297298,6][18.497076023391813,7][18.496774193548386,10][18.49655172413793,21]"
23,elasticsearch,ES-19891,2.3.3,java.lang.ArrayIndexOutOfBoundsException,18,62328,-1,0,
24,elasticsearch,ES-19891,2.3.3,java.lang.ArrayIndexOutOfBoundsException,18,62328,18.49655172413793,240,"[18.8,1][18.714285714285715,4][18.497354497354497,6][18.497267759562842,9][18.49685534591195,13][18.496774193548386,18][18.49655172413793,22]"
25,elasticsearch,ES-19891,2.3.3,java.lang.ArrayIndexOutOfBoundsException,18,62328,18.49655172413793,231,"[18.8,1][18.714285714285715,2][18.499156829679595,4][18.498727735368956,5][18.49655172413793,6]"
26,elasticsearch,ES-19891,2.3.3,java.lang.ArrayIndexOutOfBoundsException,18,62328,18.49655172413793,537,"[18.8,1][18.714285714285715,2][18.499151103565367,5][18.496815286624205,11][18.496774193548386,21][18.49655172413793,35]"
27,elasticsearch,ES-19891,2.3.3,java.lang.ArrayIndexOutOfBoundsException,18,62328,18.49655172413793,430,"[18.8,1][18.714285714285715,2][18.497076023391813,4][18.496815286624205,13][18.49655172413793,14]"
28,elasticsearch,ES-19891,2.3.3,java.lang.ArrayIndexOutOfBoundsException,18,62328,18.49655172413793,153,"[18.8,1][18.714285714285715,2][18.497175141242938,3][18.497109826589593,8][18.49655172413793,11]"
29,elasticsearch,ES-19891,2.3.3,java.lang.ArrayIndexOutOfBoundsException,18,62328,18.8,1,"[18.8,1]"
30,elasticsearch,ES-19891,2.3.3,java.lang.ArrayIndexOutOfBoundsException,18,62328,18.49655172413793,29,"[18.8,1][18.714285714285715,2][18.499153976311337,4][18.496774193548386,5][18.49655172413793,15]"
1,elasticsearch,ES-19891,2.3.3,java.lang.ArrayIndexOutOfBoundsException,19,62328,18.49655172413793,78,"[18.8,1][18.714285714285715,3][18.499375780274654,4][18.497142857142858,5][18.497109826589593,8][18.497041420118343,13][18.49685534591195,21][18.49655172413793,24]"
2,elasticsearch,ES-19891,2.3.3,java.lang.ArrayIndexOutOfBoundsException,19,62328,18.49655172413793,462,"[18.8,1][18.714285714285715,4][18.499151103565367,5][18.497326203208555,7][18.497237569060772,8][18.49685534591195,9][18.496815286624205,11][18.49655172413793,13]"
3,elasticsearch,ES-19891,2.3.3,java.lang.ArrayIndexOutOfBoundsException,19,62328,18.49655172413793,140,"[18.8,1][18.714285714285715,4][18.499170812603648,6][18.497142857142858,8][18.497041420118343,10][18.49655172413793,17]"
4,elasticsearch,ES-19891,2.3.3,java.lang.ArrayIndexOutOfBoundsException,19,62328,18.49748743718593,10,"[18.8,1][18.714285714285715,4][18.49748743718593,5]"
5,elasticsearch,ES-19891,2.3.3,java.lang.ArrayIndexOutOfBoundsException,19,62328,18.49655172413793,122,"[18.8,1][18.714285714285715,2][18.4991652754591,6][18.497076023391813,9][18.496774193548386,11][18.49655172413793,27]"
6,elasticsearch,ES-19891,2.3.3,java.lang.ArrayIndexOutOfBoundsException,19,62328,18.49655172413793,350,"[18.8,1][18.714285714285715,4][18.499168053244592,6][18.49746192893401,8][18.4974358974359,11][18.496774193548386,17][18.49655172413793,21]"
7,elasticsearch,ES-19891,2.3.3,java.lang.ArrayIndexOutOfBoundsException,19,62328,18.49655172413793,246,"[18.8,1][18.714285714285715,2][18.49655172413793,3]"
8,elasticsearch,ES-19891,2.3.3,java.lang.ArrayIndexOutOfBoundsException,19,62328,18.49655172413793,420,"[18.8,1][18.714285714285715,3][18.497382198952877,4][18.497142857142858,7][18.497076023391813,13][18.49685534591195,17][18.49655172413793,23]"
9,elasticsearch,ES-19891,2.3.3,java.lang.ArrayIndexOutOfBoundsException,19,62328,-1,0,
10,elasticsearch,ES-19891,2.3.3,java.lang.ArrayIndexOutOfBoundsException,19,62328,-1,0,
11,elasticsearch,ES-19891,2.3.3,java.lang.ArrayIndexOutOfBoundsException,19,62328,18.49655172413793,96,"[18.8,1][18.714285714285715,2][18.49746192893401,3][18.49685534591195,4][18.496774193548386,7][18.49655172413793,11]"
12,elasticsearch,ES-19891,2.3.3,java.lang.ArrayIndexOutOfBoundsException,19,62328,18.49655172413793,220,"[18.8,1][18.714285714285715,3][18.497237569060772,5][18.497175141242938,12][18.49655172413793,13]"
13,elasticsearch,ES-19891,2.3.3,java.lang.ArrayIndexOutOfBoundsException,19,62328,18.49655172413793,134,"[18.8,1][18.714285714285715,3][18.496815286624205,4][18.496774193548386,11][18.49655172413793,18]"
14,elasticsearch,ES-19891,2.3.3,java.lang.ArrayIndexOutOfBoundsException,19,62328,18.49655172413793,267,"[18.8,1][18.714285714285715,2][18.49873417721519,3][18.497041420118343,4][18.496774193548386,7][18.49655172413793,15]"
15,elasticsearch,ES-19891,2.3.3,java.lang.ArrayIndexOutOfBoundsException,19,62328,18.49655172413793,34,"[18.8,1][18.714285714285715,2][18.497206703910614,3][18.497142857142858,6][18.496815286624205,9][18.496774193548386,13][18.49655172413793,16]"
16,elasticsearch,ES-19891,2.3.3,java.lang.ArrayIndexOutOfBoundsException,19,62328,18.49655172413793,241,"[18.8,1][18.714285714285715,3][18.496774193548386,5][18.49655172413793,6]"
17,elasticsearch,ES-19891,2.3.3,java.lang.ArrayIndexOutOfBoundsException,19,62328,18.49655172413793,352,"[18.8,1][18.714285714285715,7][18.498727735368956,8][18.497267759562842,10][18.497175141242938,11][18.497142857142858,12][18.497109826589593,18][18.49655172413793,21]"
18,elasticsearch,ES-19891,2.3.3,java.lang.ArrayIndexOutOfBoundsException,19,62328,18.49655172413793,67,"[18.8,1][18.714285714285715,2][18.496815286624205,5][18.496774193548386,12][18.49655172413793,22]"
19,elasticsearch,ES-19891,2.3.3,java.lang.ArrayIndexOutOfBoundsException,19,62328,18.49655172413793,136,"[18.8,1][18.714285714285715,2][18.4987146529563,3][18.497512437810947,7][18.497206703910614,8][18.496815286624205,9][18.49655172413793,13]"
20,elasticsearch,ES-19891,2.3.3,java.lang.ArrayIndexOutOfBoundsException,19,62328,18.49655172413793,364,"[18.8,1][18.714285714285715,2][18.497267759562842,3][18.496815286624205,4][18.496774193548386,10][18.49655172413793,18]"
21,elasticsearch,ES-19891,2.3.3,java.lang.ArrayIndexOutOfBoundsException,19,62328,18.49655172413793,182,"[18.8,1][18.714285714285715,3][18.499162479061976,5][18.498759305210918,6][18.497041420118343,7][18.49685534591195,9][18.496774193548386,13][18.49655172413793,17]"
22,elasticsearch,ES-19891,2.3.3,java.lang.ArrayIndexOutOfBoundsException,19,62328,18.714285714285715,2,"[18.8,1][18.714285714285715,2]"
23,elasticsearch,ES-19891,2.3.3,java.lang.ArrayIndexOutOfBoundsException,19,62328,18.49655172413793,129,"[18.8,1][18.714285714285715,2][18.497206703910614,6][18.49655172413793,9]"
24,elasticsearch,ES-19891,2.3.3,java.lang.ArrayIndexOutOfBoundsException,19,62328,18.49655172413793,41,"[18.8,1][18.714285714285715,2][18.496815286624205,5][18.496774193548386,9][18.49655172413793,18]"
25,elasticsearch,ES-19891,2.3.3,java.lang.ArrayIndexOutOfBoundsException,19,62328,18.49655172413793,275,"[18.8,1][18.714285714285715,4][18.497382198952877,6][18.497142857142858,8][18.496815286624205,10][18.49655172413793,12]"
26,elasticsearch,ES-19891,2.3.3,java.lang.ArrayIndexOutOfBoundsException,19,62328,18.49685534591195,11,"[18.8,1][18.714285714285715,3][18.497041420118343,4][18.49685534591195,7]"
27,elasticsearch,ES-19891,2.3.3,java.lang.ArrayIndexOutOfBoundsException,19,62328,18.49655172413793,161,"[19.5,1][18.8,2][18.714285714285715,3][18.49685534591195,4][18.496774193548386,8][18.49655172413793,18]"
28,elasticsearch,ES-19891,2.3.3,java.lang.ArrayIndexOutOfBoundsException,19,62328,18.49655172413793,213,"[18.8,1][18.714285714285715,3][18.499170812603648,4][18.49875311720698,6][18.497409326424872,7][18.497267759562842,9][18.49685534591195,10][18.496815286624205,23][18.496774193548386,25][18.49655172413793,44]"
29,elasticsearch,ES-19891,2.3.3,java.lang.ArrayIndexOutOfBoundsException,19,62328,18.8,1,"[18.8,1]"
30,elasticsearch,ES-19891,2.3.3,java.lang.ArrayIndexOutOfBoundsException,19,62328,18.49655172413793,432,"[18.8,1][18.714285714285715,2][18.497409326424872,4][18.497175141242938,9][18.496774193548386,13][18.49655172413793,14]"
1,elasticsearch,ES-19891,2.3.3,java.lang.ArrayIndexOutOfBoundsException,20,62328,20.5,119,"[20.5,1]"
2,elasticsearch,ES-19891,2.3.3,java.lang.ArrayIndexOutOfBoundsException,20,62328,20.5,342,"[20.5,1]"
3,elasticsearch,ES-19891,2.3.3,java.lang.ArrayIndexOutOfBoundsException,20,62328,-1,0,
4,elasticsearch,ES-19891,2.3.3,java.lang.ArrayIndexOutOfBoundsException,20,62328,20.0,45,"[20.5,1][20.0,5]"
5,elasticsearch,ES-19891,2.3.3,java.lang.ArrayIndexOutOfBoundsException,20,62328,20.5,2,"[20.5,1]"
6,elasticsearch,ES-19891,2.3.3,java.lang.ArrayIndexOutOfBoundsException,20,62328,20.5,365,"[20.5,1]"
7,elasticsearch,ES-19891,2.3.3,java.lang.ArrayIndexOutOfBoundsException,20,62328,20.5,240,"[20.5,1]"
8,elasticsearch,ES-19891,2.3.3,java.lang.ArrayIndexOutOfBoundsException,20,62328,19.333333333333332,273,"[19.333333333333332,1]"
9,elasticsearch,ES-19891,2.3.3,java.lang.ArrayIndexOutOfBoundsException,20,62328,20.5,37,"[20.5,1]"
10,elasticsearch,ES-19891,2.3.3,java.lang.ArrayIndexOutOfBoundsException,20,62328,20.5,138,"[20.5,1]"
11,elasticsearch,ES-19891,2.3.3,java.lang.ArrayIndexOutOfBoundsException,20,62328,19.333333333333332,186,"[19.333333333333332,1]"
12,elasticsearch,ES-19891,2.3.3,java.lang.ArrayIndexOutOfBoundsException,20,62328,20.5,21,"[20.5,1]"
13,elasticsearch,ES-19891,2.3.3,java.lang.ArrayIndexOutOfBoundsException,20,62328,20.5,226,"[20.5,1]"
14,elasticsearch,ES-19891,2.3.3,java.lang.ArrayIndexOutOfBoundsException,20,62328,-1,0,
15,elasticsearch,ES-19891,2.3.3,java.lang.ArrayIndexOutOfBoundsException,20,62328,20.5,1,"[20.5,1]"
16,elasticsearch,ES-19891,2.3.3,java.lang.ArrayIndexOutOfBoundsException,20,62328,20.5,2,"[20.5,1]"
17,elasticsearch,ES-19891,2.3.3,java.lang.ArrayIndexOutOfBoundsException,20,62328,19.333333333333332,221,"[20.5,1][19.333333333333332,45]"
18,elasticsearch,ES-19891,2.3.3,java.lang.ArrayIndexOutOfBoundsException,20,62328,19.333333333333332,54,"[20.5,1][19.333333333333332,44]"
19,elasticsearch,ES-19891,2.3.3,java.lang.ArrayIndexOutOfBoundsException,20,62328,20.5,6,"[20.5,1]"
20,elasticsearch,ES-19891,2.3.3,java.lang.ArrayIndexOutOfBoundsException,20,62328,20.5,270,"[20.5,1]"
21,elasticsearch,ES-19891,2.3.3,java.lang.ArrayIndexOutOfBoundsException,20,62328,20.5,3,"[20.5,1]"
22,elasticsearch,ES-19891,2.3.3,java.lang.ArrayIndexOutOfBoundsException,20,62328,19.333333333333332,194,"[20.5,1][19.333333333333332,30]"
23,elasticsearch,ES-19891,2.3.3,java.lang.ArrayIndexOutOfBoundsException,20,62328,20.5,4,"[20.5,1]"
24,elasticsearch,ES-19891,2.3.3,java.lang.ArrayIndexOutOfBoundsException,20,62328,19.333333333333332,49,"[19.333333333333332,1]"
25,elasticsearch,ES-19891,2.3.3,java.lang.ArrayIndexOutOfBoundsException,20,62328,-1,0,
26,elasticsearch,ES-19891,2.3.3,java.lang.ArrayIndexOutOfBoundsException,20,62328,20.5,4,"[20.5,1]"
27,elasticsearch,ES-19891,2.3.3,java.lang.ArrayIndexOutOfBoundsException,20,62328,20.5,12,"[20.5,1]"
28,elasticsearch,ES-19891,2.3.3,java.lang.ArrayIndexOutOfBoundsException,20,62328,19.333333333333332,789,"[20.5,1][20.0,7][19.333333333333332,55]"
29,elasticsearch,ES-19891,2.3.3,java.lang.ArrayIndexOutOfBoundsException,20,62328,20.5,167,"[20.5,1]"
30,elasticsearch,ES-19891,2.3.3,java.lang.ArrayIndexOutOfBoundsException,20,62328,19.333333333333332,74,"[20.5,1][19.333333333333332,72]"
1,elasticsearch,ES-19891,2.3.3,java.lang.ArrayIndexOutOfBoundsException,21,62328,21.5,359,"[21.5,1]"
2,elasticsearch,ES-19891,2.3.3,java.lang.ArrayIndexOutOfBoundsException,21,62328,21.5,409,"[21.5,1]"
3,elasticsearch,ES-19891,2.3.3,java.lang.ArrayIndexOutOfBoundsException,21,62328,21.5,414,"[21.5,1]"
4,elasticsearch,ES-19891,2.3.3,java.lang.ArrayIndexOutOfBoundsException,21,62328,21.5,408,"[21.5,1]"
5,elasticsearch,ES-19891,2.3.3,java.lang.ArrayIndexOutOfBoundsException,21,62328,21.5,409,"[21.5,1]"
6,elasticsearch,ES-19891,2.3.3,java.lang.ArrayIndexOutOfBoundsException,21,62328,21.5,443,"[21.5,1]"
7,elasticsearch,ES-19891,2.3.3,java.lang.ArrayIndexOutOfBoundsException,21,62328,21.5,415,"[21.5,1]"
8,elasticsearch,ES-19891,2.3.3,java.lang.ArrayIndexOutOfBoundsException,21,62328,21.5,399,"[21.5,1]"
9,elasticsearch,ES-19891,2.3.3,java.lang.ArrayIndexOutOfBoundsException,21,62328,21.5,465,"[21.5,1]"
10,elasticsearch,ES-19891,2.3.3,java.lang.ArrayIndexOutOfBoundsException,21,62328,21.5,481,"[21.5,1]"
11,elasticsearch,ES-19891,2.3.3,java.lang.ArrayIndexOutOfBoundsException,21,62328,21.5,441,"[21.5,1]"
12,elasticsearch,ES-19891,2.3.3,java.lang.ArrayIndexOutOfBoundsException,21,62328,21.5,327,"[21.5,1]"
13,elasticsearch,ES-19891,2.3.3,java.lang.ArrayIndexOutOfBoundsException,21,62328,21.5,415,"[21.5,1]"
14,elasticsearch,ES-19891,2.3.3,java.lang.ArrayIndexOutOfBoundsException,21,62328,21.5,225,"[21.5,1]"
15,elasticsearch,ES-19891,2.3.3,java.lang.ArrayIndexOutOfBoundsException,21,62328,21.5,447,"[21.5,1]"
16,elasticsearch,ES-19891,2.3.3,java.lang.ArrayIndexOutOfBoundsException,21,62328,21.5,425,"[21.5,1]"
17,elasticsearch,ES-19891,2.3.3,java.lang.ArrayIndexOutOfBoundsException,21,62328,21.5,437,"[21.5,1]"
18,elasticsearch,ES-19891,2.3.3,java.lang.ArrayIndexOutOfBoundsException,21,62328,21.5,439,"[21.5,1]"
19,elasticsearch,ES-19891,2.3.3,java.lang.ArrayIndexOutOfBoundsException,21,62328,21.5,458,"[21.5,1]"
20,elasticsearch,ES-19891,2.3.3,java.lang.ArrayIndexOutOfBoundsException,21,62328,21.5,498,"[21.5,1]"
21,elasticsearch,ES-19891,2.3.3,java.lang.ArrayIndexOutOfBoundsException,21,62328,21.5,461,"[21.5,1]"
22,elasticsearch,ES-19891,2.3.3,java.lang.ArrayIndexOutOfBoundsException,21,62328,21.5,423,"[21.5,1]"
23,elasticsearch,ES-19891,2.3.3,java.lang.ArrayIndexOutOfBoundsException,21,62328,21.5,458,"[21.5,1]"
24,elasticsearch,ES-19891,2.3.3,java.lang.ArrayIndexOutOfBoundsException,21,62328,21.5,324,"[21.5,1]"
25,elasticsearch,ES-19891,2.3.3,java.lang.ArrayIndexOutOfBoundsException,21,62328,21.5,435,"[21.5,1]"
26,elasticsearch,ES-19891,2.3.3,java.lang.ArrayIndexOutOfBoundsException,21,62328,21.5,378,"[21.5,1]"
27,elasticsearch,ES-19891,2.3.3,java.lang.ArrayIndexOutOfBoundsException,21,62328,21.5,417,"[21.5,1]"
28,elasticsearch,ES-19891,2.3.3,java.lang.ArrayIndexOutOfBoundsException,21,62328,21.5,338,"[21.5,1]"
29,elasticsearch,ES-19891,2.3.3,java.lang.ArrayIndexOutOfBoundsException,21,62328,21.5,311,"[21.5,1]"
30,elasticsearch,ES-19891,2.3.3,java.lang.ArrayIndexOutOfBoundsException,21,62328,21.5,357,"[21.5,1]"
1,elasticsearch,ES-19891,2.3.3,java.lang.ArrayIndexOutOfBoundsException,22,62328,-1,0,
2,elasticsearch,ES-19891,2.3.3,java.lang.ArrayIndexOutOfBoundsException,22,62328,-1,0,
3,elasticsearch,ES-19891,2.3.3,java.lang.ArrayIndexOutOfBoundsException,22,62328,-1,0,
4,elasticsearch,ES-19891,2.3.3,java.lang.ArrayIndexOutOfBoundsException,22,62328,-1,0,
5,elasticsearch,ES-19891,2.3.3,java.lang.ArrayIndexOutOfBoundsException,22,62328,-1,0,
6,elasticsearch,ES-19891,2.3.3,java.lang.ArrayIndexOutOfBoundsException,22,62328,-1,0,
7,elasticsearch,ES-19891,2.3.3,java.lang.ArrayIndexOutOfBoundsException,22,62328,-1,0,
8,elasticsearch,ES-19891,2.3.3,java.lang.ArrayIndexOutOfBoundsException,22,62328,-1,0,
9,elasticsearch,ES-19891,2.3.3,java.lang.ArrayIndexOutOfBoundsException,22,62328,-1,0,
10,elasticsearch,ES-19891,2.3.3,java.lang.ArrayIndexOutOfBoundsException,22,62328,-1,0,
11,elasticsearch,ES-19891,2.3.3,java.lang.ArrayIndexOutOfBoundsException,22,62328,-1,0,
12,elasticsearch,ES-19891,2.3.3,java.lang.ArrayIndexOutOfBoundsException,22,62328,-1,0,
13,elasticsearch,ES-19891,2.3.3,java.lang.ArrayIndexOutOfBoundsException,22,62328,-1,0,
14,elasticsearch,ES-19891,2.3.3,java.lang.ArrayIndexOutOfBoundsException,22,62328,-1,0,
15,elasticsearch,ES-19891,2.3.3,java.lang.ArrayIndexOutOfBoundsException,22,62328,-1,0,
16,elasticsearch,ES-19891,2.3.3,java.lang.ArrayIndexOutOfBoundsException,22,62328,-1,0,
17,elasticsearch,ES-19891,2.3.3,java.lang.ArrayIndexOutOfBoundsException,22,62328,-1,0,
18,elasticsearch,ES-19891,2.3.3,java.lang.ArrayIndexOutOfBoundsException,22,62328,-1,0,
19,elasticsearch,ES-19891,2.3.3,java.lang.ArrayIndexOutOfBoundsException,22,62328,-1,0,
20,elasticsearch,ES-19891,2.3.3,java.lang.ArrayIndexOutOfBoundsException,22,62328,-1,0,
21,elasticsearch,ES-19891,2.3.3,java.lang.ArrayIndexOutOfBoundsException,22,62328,-1,0,
22,elasticsearch,ES-19891,2.3.3,java.lang.ArrayIndexOutOfBoundsException,22,62328,-1,0,
23,elasticsearch,ES-19891,2.3.3,java.lang.ArrayIndexOutOfBoundsException,22,62328,-1,0,
24,elasticsearch,ES-19891,2.3.3,java.lang.ArrayIndexOutOfBoundsException,22,62328,-1,0,
25,elasticsearch,ES-19891,2.3.3,java.lang.ArrayIndexOutOfBoundsException,22,62328,-1,0,
26,elasticsearch,ES-19891,2.3.3,java.lang.ArrayIndexOutOfBoundsException,22,62328,-1,0,
27,elasticsearch,ES-19891,2.3.3,java.lang.ArrayIndexOutOfBoundsException,22,62328,-1,0,
28,elasticsearch,ES-19891,2.3.3,java.lang.ArrayIndexOutOfBoundsException,22,62328,-1,0,
29,elasticsearch,ES-19891,2.3.3,java.lang.ArrayIndexOutOfBoundsException,22,62328,-1,0,
30,elasticsearch,ES-19891,2.3.3,java.lang.ArrayIndexOutOfBoundsException,22,62328,-1,0,
1,elasticsearch,ES-19891,2.3.3,java.lang.ArrayIndexOutOfBoundsException,23,62328,-1,0,
2,elasticsearch,ES-19891,2.3.3,java.lang.ArrayIndexOutOfBoundsException,23,62328,-1,0,
3,elasticsearch,ES-19891,2.3.3,java.lang.ArrayIndexOutOfBoundsException,23,62328,-1,0,
4,elasticsearch,ES-19891,2.3.3,java.lang.ArrayIndexOutOfBoundsException,23,62328,-1,0,
5,elasticsearch,ES-19891,2.3.3,java.lang.ArrayIndexOutOfBoundsException,23,62328,-1,0,
6,elasticsearch,ES-19891,2.3.3,java.lang.ArrayIndexOutOfBoundsException,23,62328,-1,0,
7,elasticsearch,ES-19891,2.3.3,java.lang.ArrayIndexOutOfBoundsException,23,62328,-1,0,
8,elasticsearch,ES-19891,2.3.3,java.lang.ArrayIndexOutOfBoundsException,23,62328,-1,0,
9,elasticsearch,ES-19891,2.3.3,java.lang.ArrayIndexOutOfBoundsException,23,62328,-1,0,
10,elasticsearch,ES-19891,2.3.3,java.lang.ArrayIndexOutOfBoundsException,23,62328,-1,0,
11,elasticsearch,ES-19891,2.3.3,java.lang.ArrayIndexOutOfBoundsException,23,62328,-1,0,
12,elasticsearch,ES-19891,2.3.3,java.lang.ArrayIndexOutOfBoundsException,23,62328,-1,0,
13,elasticsearch,ES-19891,2.3.3,java.lang.ArrayIndexOutOfBoundsException,23,62328,-1,0,
14,elasticsearch,ES-19891,2.3.3,java.lang.ArrayIndexOutOfBoundsException,23,62328,-1,0,
15,elasticsearch,ES-19891,2.3.3,java.lang.ArrayIndexOutOfBoundsException,23,62328,-1,0,
16,elasticsearch,ES-19891,2.3.3,java.lang.ArrayIndexOutOfBoundsException,23,62328,-1,0,
17,elasticsearch,ES-19891,2.3.3,java.lang.ArrayIndexOutOfBoundsException,23,62328,-1,0,
18,elasticsearch,ES-19891,2.3.3,java.lang.ArrayIndexOutOfBoundsException,23,62328,-1,0,
19,elasticsearch,ES-19891,2.3.3,java.lang.ArrayIndexOutOfBoundsException,23,62328,-1,0,
20,elasticsearch,ES-19891,2.3.3,java.lang.ArrayIndexOutOfBoundsException,23,62328,-1,0,
21,elasticsearch,ES-19891,2.3.3,java.lang.ArrayIndexOutOfBoundsException,23,62328,-1,0,
22,elasticsearch,ES-19891,2.3.3,java.lang.ArrayIndexOutOfBoundsException,23,62328,-1,0,
23,elasticsearch,ES-19891,2.3.3,java.lang.ArrayIndexOutOfBoundsException,23,62328,-1,0,
24,elasticsearch,ES-19891,2.3.3,java.lang.ArrayIndexOutOfBoundsException,23,62328,-1,0,
25,elasticsearch,ES-19891,2.3.3,java.lang.ArrayIndexOutOfBoundsException,23,62328,-1,0,
26,elasticsearch,ES-19891,2.3.3,java.lang.ArrayIndexOutOfBoundsException,23,62328,-1,0,
27,elasticsearch,ES-19891,2.3.3,java.lang.ArrayIndexOutOfBoundsException,23,62328,-1,0,
28,elasticsearch,ES-19891,2.3.3,java.lang.ArrayIndexOutOfBoundsException,23,62328,-1,0,
29,elasticsearch,ES-19891,2.3.3,java.lang.ArrayIndexOutOfBoundsException,23,62328,-1,0,
30,elasticsearch,ES-19891,2.3.3,java.lang.ArrayIndexOutOfBoundsException,23,62328,-1,0,
1,elasticsearch,ES-21911,5.0.2,java.lang.ArrayIndexOutOfBoundsException,17,62328,19.998076923076923,1129,"[19.998076923076923,1]"
2,elasticsearch,ES-21911,5.0.2,java.lang.ArrayIndexOutOfBoundsException,17,62328,19.998076923076923,231,"[19.998076923076923,1]"
3,elasticsearch,ES-21911,5.0.2,java.lang.ArrayIndexOutOfBoundsException,17,62328,19.998076923076923,1159,"[19.998076923076923,1]"
4,elasticsearch,ES-21911,5.0.2,java.lang.ArrayIndexOutOfBoundsException,17,62328,19.998076923076923,1267,"[19.998076923076923,1]"
5,elasticsearch,ES-21911,5.0.2,java.lang.ArrayIndexOutOfBoundsException,17,62328,19.998076923076923,1498,"[19.998076923076923,1]"
6,elasticsearch,ES-21911,5.0.2,java.lang.ArrayIndexOutOfBoundsException,17,62328,19.998076923076923,1212,"[19.998076923076923,1]"
7,elasticsearch,ES-21911,5.0.2,java.lang.ArrayIndexOutOfBoundsException,17,62328,19.998076923076923,1104,"[19.998076923076923,1]"
8,elasticsearch,ES-21911,5.0.2,java.lang.ArrayIndexOutOfBoundsException,17,62328,19.998076923076923,1349,"[19.998076923076923,1]"
9,elasticsearch,ES-21911,5.0.2,java.lang.ArrayIndexOutOfBoundsException,17,62328,19.998076923076923,1658,"[19.998076923076923,1]"
10,elasticsearch,ES-21911,5.0.2,java.lang.ArrayIndexOutOfBoundsException,17,62328,19.998076923076923,1332,"[19.998076923076923,1]"
11,elasticsearch,ES-21911,5.0.2,java.lang.ArrayIndexOutOfBoundsException,17,62328,19.998076923076923,1317,"[19.998076923076923,1]"
12,elasticsearch,ES-21911,5.0.2,java.lang.ArrayIndexOutOfBoundsException,17,62328,19.998076923076923,1565,"[19.998076923076923,1]"
13,elasticsearch,ES-21911,5.0.2,java.lang.ArrayIndexOutOfBoundsException,17,62328,19.998076923076923,1386,"[19.998076923076923,1]"
14,elasticsearch,ES-21911,5.0.2,java.lang.ArrayIndexOutOfBoundsException,17,62328,19.998076923076923,1331,"[19.998076923076923,1]"
15,elasticsearch,ES-21911,5.0.2,java.lang.ArrayIndexOutOfBoundsException,17,62328,19.998076923076923,1425,"[19.998076923076923,1]"
16,elasticsearch,ES-21911,5.0.2,java.lang.ArrayIndexOutOfBoundsException,17,62328,19.998076923076923,1169,"[19.998076923076923,1]"
17,elasticsearch,ES-21911,5.0.2,java.lang.ArrayIndexOutOfBoundsException,17,62328,19.998076923076923,1442,"[19.998076923076923,1]"
18,elasticsearch,ES-21911,5.0.2,java.lang.ArrayIndexOutOfBoundsException,17,62328,19.998076923076923,1371,"[19.998076923076923,1]"
19,elasticsearch,ES-21911,5.0.2,java.lang.ArrayIndexOutOfBoundsException,17,62328,19.998076923076923,1471,"[19.998076923076923,1]"
20,elasticsearch,ES-21911,5.0.2,java.lang.ArrayIndexOutOfBoundsException,17,62328,19.998076923076923,1545,"[19.998076923076923,1]"
21,elasticsearch,ES-21911,5.0.2,java.lang.ArrayIndexOutOfBoundsException,17,62328,19.998076923076923,1113,"[19.998076923076923,1]"
22,elasticsearch,ES-21911,5.0.2,java.lang.ArrayIndexOutOfBoundsException,17,62328,19.998076923076923,1467,"[19.998076923076923,1]"
23,elasticsearch,ES-21911,5.0.2,java.lang.ArrayIndexOutOfBoundsException,17,62328,19.998076923076923,1299,"[19.998076923076923,1]"
24,elasticsearch,ES-21911,5.0.2,java.lang.ArrayIndexOutOfBoundsException,17,62328,19.998076923076923,1298,"[19.998076923076923,1]"
25,elasticsearch,ES-21911,5.0.2,java.lang.ArrayIndexOutOfBoundsException,17,62328,19.998076923076923,1366,"[19.998076923076923,1]"
26,elasticsearch,ES-21911,5.0.2,java.lang.ArrayIndexOutOfBoundsException,17,62328,19.998076923076923,1431,"[19.998076923076923,1]"
27,elasticsearch,ES-21911,5.0.2,java.lang.ArrayIndexOutOfBoundsException,17,62328,19.998076923076923,1527,"[19.998076923076923,1]"
28,elasticsearch,ES-21911,5.0.2,java.lang.ArrayIndexOutOfBoundsException,17,62328,19.998076923076923,1401,"[19.998076923076923,1]"
29,elasticsearch,ES-21911,5.0.2,java.lang.ArrayIndexOutOfBoundsException,17,62328,19.998076923076923,26,"[19.998076923076923,1]"
30,elasticsearch,ES-21911,5.0.2,java.lang.ArrayIndexOutOfBoundsException,17,62328,19.998076923076923,1609,"[19.998076923076923,1]"
1,elasticsearch,ES-21911,5.0.2,java.lang.ArrayIndexOutOfBoundsException,18,62328,19.998076923076923,1109,"[19.998076923076923,1]"
2,elasticsearch,ES-21911,5.0.2,java.lang.ArrayIndexOutOfBoundsException,18,62328,19.998076923076923,1575,"[19.998076923076923,1]"
3,elasticsearch,ES-21911,5.0.2,java.lang.ArrayIndexOutOfBoundsException,18,62328,19.998076923076923,1653,"[19.998076923076923,1]"
4,elasticsearch,ES-21911,5.0.2,java.lang.ArrayIndexOutOfBoundsException,18,62328,19.998076923076923,605,"[19.998076923076923,1]"
5,elasticsearch,ES-21911,5.0.2,java.lang.ArrayIndexOutOfBoundsException,18,62328,19.998076923076923,1550,"[19.998076923076923,1]"
6,elasticsearch,ES-21911,5.0.2,java.lang.ArrayIndexOutOfBoundsException,18,62328,19.998076923076923,1304,"[19.998076923076923,1]"
7,elasticsearch,ES-21911,5.0.2,java.lang.ArrayIndexOutOfBoundsException,18,62328,19.998076923076923,1290,"[19.998076923076923,1]"
8,elasticsearch,ES-21911,5.0.2,java.lang.ArrayIndexOutOfBoundsException,18,62328,19.998076923076923,1175,"[19.998076923076923,1]"
9,elasticsearch,ES-21911,5.0.2,java.lang.ArrayIndexOutOfBoundsException,18,62328,19.998076923076923,1206,"[19.998076923076923,1]"
10,elasticsearch,ES-21911,5.0.2,java.lang.ArrayIndexOutOfBoundsException,18,62328,19.998076923076923,1062,"[19.998076923076923,1]"
11,elasticsearch,ES-21911,5.0.2,java.lang.ArrayIndexOutOfBoundsException,18,62328,19.998076923076923,1339,"[19.998076923076923,1]"
12,elasticsearch,ES-21911,5.0.2,java.lang.ArrayIndexOutOfBoundsException,18,62328,19.998076923076923,1490,"[19.998076923076923,1]"
13,elasticsearch,ES-21911,5.0.2,java.lang.ArrayIndexOutOfBoundsException,18,62328,19.998076923076923,1400,"[19.998076923076923,1]"
14,elasticsearch,ES-21911,5.0.2,java.lang.ArrayIndexOutOfBoundsException,18,62328,19.998076923076923,1070,"[19.998076923076923,1]"
15,elasticsearch,ES-21911,5.0.2,java.lang.ArrayIndexOutOfBoundsException,18,62328,19.998076923076923,1134,"[19.998076923076923,1]"
16,elasticsearch,ES-21911,5.0.2,java.lang.ArrayIndexOutOfBoundsException,18,62328,19.998076923076923,1125,"[19.998076923076923,1]"
17,elasticsearch,ES-21911,5.0.2,java.lang.ArrayIndexOutOfBoundsException,18,62328,19.998076923076923,1239,"[19.998076923076923,1]"
18,elasticsearch,ES-21911,5.0.2,java.lang.ArrayIndexOutOfBoundsException,18,62328,19.998076923076923,1316,"[19.998076923076923,1]"
19,elasticsearch,ES-21911,5.0.2,java.lang.ArrayIndexOutOfBoundsException,18,62328,19.998076923076923,1422,"[19.998076923076923,1]"
20,elasticsearch,ES-21911,5.0.2,java.lang.ArrayIndexOutOfBoundsException,18,62328,19.998076923076923,1633,"[19.998076923076923,1]"
21,elasticsearch,ES-21911,5.0.2,java.lang.ArrayIndexOutOfBoundsException,18,62328,19.998076923076923,1432,"[19.998076923076923,1]"
22,elasticsearch,ES-21911,5.0.2,java.lang.ArrayIndexOutOfBoundsException,18,62328,19.998076923076923,1159,"[19.998076923076923,1]"
23,elasticsearch,ES-21911,5.0.2,java.lang.ArrayIndexOutOfBoundsException,18,62328,19.998076923076923,1495,"[19.998076923076923,1]"
24,elasticsearch,ES-21911,5.0.2,java.lang.ArrayIndexOutOfBoundsException,18,62328,19.998076923076923,1247,"[19.998076923076923,1]"
25,elasticsearch,ES-21911,5.0.2,java.lang.ArrayIndexOutOfBoundsException,18,62328,19.998076923076923,1103,"[19.998076923076923,1]"
26,elasticsearch,ES-21911,5.0.2,java.lang.ArrayIndexOutOfBoundsException,18,62328,19.998076923076923,482,"[19.998076923076923,1]"
27,elasticsearch,ES-21911,5.0.2,java.lang.ArrayIndexOutOfBoundsException,18,62328,19.998076923076923,1191,"[19.998076923076923,1]"
28,elasticsearch,ES-21911,5.0.2,java.lang.ArrayIndexOutOfBoundsException,18,62328,19.998076923076923,634,"[19.998076923076923,1]"
29,elasticsearch,ES-21911,5.0.2,java.lang.ArrayIndexOutOfBoundsException,18,62328,19.998076923076923,1246,"[19.998076923076923,1]"
30,elasticsearch,ES-21911,5.0.2,java.lang.ArrayIndexOutOfBoundsException,18,62328,19.998076923076923,1386,"[19.998076923076923,1]"
1,elasticsearch,ES-21911,5.0.2,java.lang.ArrayIndexOutOfBoundsException,19,62328,19.998076923076923,1136,"[19.998076923076923,1]"
2,elasticsearch,ES-21911,5.0.2,java.lang.ArrayIndexOutOfBoundsException,19,62328,19.998076923076923,1565,"[19.998076923076923,1]"
3,elasticsearch,ES-21911,5.0.2,java.lang.ArrayIndexOutOfBoundsException,19,62328,19.998076923076923,1386,"[19.998076923076923,1]"
4,elasticsearch,ES-21911,5.0.2,java.lang.ArrayIndexOutOfBoundsException,19,62328,19.998076923076923,641,"[19.998076923076923,1]"
5,elasticsearch,ES-21911,5.0.2,java.lang.ArrayIndexOutOfBoundsException,19,62328,19.998076923076923,1659,"[19.998076923076923,1]"
6,elasticsearch,ES-21911,5.0.2,java.lang.ArrayIndexOutOfBoundsException,19,62328,19.998076923076923,1262,"[19.998076923076923,1]"
7,elasticsearch,ES-21911,5.0.2,java.lang.ArrayIndexOutOfBoundsException,19,62328,19.998076923076923,1241,"[19.998076923076923,1]"
8,elasticsearch,ES-21911,5.0.2,java.lang.ArrayIndexOutOfBoundsException,19,62328,19.998076923076923,1150,"[19.998076923076923,1]"
9,elasticsearch,ES-21911,5.0.2,java.lang.ArrayIndexOutOfBoundsException,19,62328,19.998076923076923,920,"[19.998076923076923,1]"
10,elasticsearch,ES-21911,5.0.2,java.lang.ArrayIndexOutOfBoundsException,19,62328,19.998076923076923,1201,"[19.998076923076923,1]"
11,elasticsearch,ES-21911,5.0.2,java.lang.ArrayIndexOutOfBoundsException,19,62328,19.998076923076923,1373,"[19.998076923076923,1]"
12,elasticsearch,ES-21911,5.0.2,java.lang.ArrayIndexOutOfBoundsException,19,62328,19.998076923076923,1372,"[19.998076923076923,1]"
13,elasticsearch,ES-21911,5.0.2,java.lang.ArrayIndexOutOfBoundsException,19,62328,19.998076923076923,1416,"[19.998076923076923,1]"
14,elasticsearch,ES-21911,5.0.2,java.lang.ArrayIndexOutOfBoundsException,19,62328,19.998076923076923,1083,"[19.998076923076923,1]"
15,elasticsearch,ES-21911,5.0.2,java.lang.ArrayIndexOutOfBoundsException,19,62328,19.998076923076923,1476,"[19.998076923076923,1]"
16,elasticsearch,ES-21911,5.0.2,java.lang.ArrayIndexOutOfBoundsException,19,62328,19.998076923076923,1428,"[19.998076923076923,1]"
17,elasticsearch,ES-21911,5.0.2,java.lang.ArrayIndexOutOfBoundsException,19,62328,19.998076923076923,1550,"[19.998076923076923,1]"
18,elasticsearch,ES-21911,5.0.2,java.lang.ArrayIndexOutOfBoundsException,19,62328,19.998076923076923,1729,"[19.998076923076923,1]"
19,elasticsearch,ES-21911,5.0.2,java.lang.ArrayIndexOutOfBoundsException,19,62328,19.998076923076923,1217,"[19.998076923076923,1]"
20,elasticsearch,ES-21911,5.0.2,java.lang.ArrayIndexOutOfBoundsException,19,62328,19.998076923076923,1526,"[19.998076923076923,1]"
21,elasticsearch,ES-21911,5.0.2,java.lang.ArrayIndexOutOfBoundsException,19,62328,19.998076923076923,1274,"[19.998076923076923,1]"
22,elasticsearch,ES-21911,5.0.2,java.lang.ArrayIndexOutOfBoundsException,19,62328,19.998076923076923,578,"[19.998076923076923,1]"
23,elasticsearch,ES-21911,5.0.2,java.lang.ArrayIndexOutOfBoundsException,19,62328,19.998076923076923,1403,"[19.998076923076923,1]"
24,elasticsearch,ES-21911,5.0.2,java.lang.ArrayIndexOutOfBoundsException,19,62328,19.998076923076923,1257,"[19.998076923076923,1]"
25,elasticsearch,ES-21911,5.0.2,java.lang.ArrayIndexOutOfBoundsException,19,62328,19.998076923076923,1314,"[19.998076923076923,1]"
26,elasticsearch,ES-21911,5.0.2,java.lang.ArrayIndexOutOfBoundsException,19,62328,19.998076923076923,1485,"[19.998076923076923,1]"
27,elasticsearch,ES-21911,5.0.2,java.lang.ArrayIndexOutOfBoundsException,19,62328,19.998076923076923,621,"[19.998076923076923,1]"
28,elasticsearch,ES-21911,5.0.2,java.lang.ArrayIndexOutOfBoundsException,19,62328,19.998076923076923,1124,"[19.998076923076923,1]"
29,elasticsearch,ES-21911,5.0.2,java.lang.ArrayIndexOutOfBoundsException,19,62328,19.998076923076923,1385,"[19.998076923076923,1]"
30,elasticsearch,ES-21911,5.0.2,java.lang.ArrayIndexOutOfBoundsException,19,62328,19.998076923076923,1360,"[19.998076923076923,1]"
1,elasticsearch,ES-21911,5.0.2,java.lang.ArrayIndexOutOfBoundsException,20,62328,21.5,52,"[21.5,1]"
2,elasticsearch,ES-21911,5.0.2,java.lang.ArrayIndexOutOfBoundsException,20,62328,-1,0,
3,elasticsearch,ES-21911,5.0.2,java.lang.ArrayIndexOutOfBoundsException,20,62328,21.5,53,"[21.5,1]"
4,elasticsearch,ES-21911,5.0.2,java.lang.ArrayIndexOutOfBoundsException,20,62328,21.5,34,"[21.5,1]"
5,elasticsearch,ES-21911,5.0.2,java.lang.ArrayIndexOutOfBoundsException,20,62328,21.5,37,"[21.5,1]"
6,elasticsearch,ES-21911,5.0.2,java.lang.ArrayIndexOutOfBoundsException,20,62328,21.5,37,"[21.5,1]"
7,elasticsearch,ES-21911,5.0.2,java.lang.ArrayIndexOutOfBoundsException,20,62328,21.5,33,"[21.5,1]"
8,elasticsearch,ES-21911,5.0.2,java.lang.ArrayIndexOutOfBoundsException,20,62328,21.5,63,"[21.5,1]"
9,elasticsearch,ES-21911,5.0.2,java.lang.ArrayIndexOutOfBoundsException,20,62328,21.5,47,"[21.5,1]"
10,elasticsearch,ES-21911,5.0.2,java.lang.ArrayIndexOutOfBoundsException,20,62328,21.5,18,"[21.5,1]"
11,elasticsearch,ES-21911,5.0.2,java.lang.ArrayIndexOutOfBoundsException,20,62328,21.5,32,"[21.5,1]"
12,elasticsearch,ES-21911,5.0.2,java.lang.ArrayIndexOutOfBoundsException,20,62328,21.5,60,"[21.5,1]"
13,elasticsearch,ES-21911,5.0.2,java.lang.ArrayIndexOutOfBoundsException,20,62328,21.5,54,"[21.5,1]"
14,elasticsearch,ES-21911,5.0.2,java.lang.ArrayIndexOutOfBoundsException,20,62328,21.5,1,"[21.5,1]"
15,elasticsearch,ES-21911,5.0.2,java.lang.ArrayIndexOutOfBoundsException,20,62328,-1,0,
16,elasticsearch,ES-21911,5.0.2,java.lang.ArrayIndexOutOfBoundsException,20,62328,21.5,57,"[21.5,1]"
17,elasticsearch,ES-21911,5.0.2,java.lang.ArrayIndexOutOfBoundsException,20,62328,21.5,49,"[21.5,1]"
18,elasticsearch,ES-21911,5.0.2,java.lang.ArrayIndexOutOfBoundsException,20,62328,21.5,4,"[21.5,1]"
19,elasticsearch,ES-21911,5.0.2,java.lang.ArrayIndexOutOfBoundsException,20,62328,21.5,44,"[21.5,1]"
20,elasticsearch,ES-21911,5.0.2,java.lang.ArrayIndexOutOfBoundsException,20,62328,21.5,52,"[21.5,1]"
21,elasticsearch,ES-21911,5.0.2,java.lang.ArrayIndexOutOfBoundsException,20,62328,21.5,32,"[21.5,1]"
22,elasticsearch,ES-21911,5.0.2,java.lang.ArrayIndexOutOfBoundsException,20,62328,21.5,43,"[21.5,1]"
23,elasticsearch,ES-21911,5.0.2,java.lang.ArrayIndexOutOfBoundsException,20,62328,-1,0,
24,elasticsearch,ES-21911,5.0.2,java.lang.ArrayIndexOutOfBoundsException,20,62328,21.5,19,"[21.5,1]"
25,elasticsearch,ES-21911,5.0.2,java.lang.ArrayIndexOutOfBoundsException,20,62328,21.5,1,"[21.5,1]"
26,elasticsearch,ES-21911,5.0.2,java.lang.ArrayIndexOutOfBoundsException,20,62328,21.5,45,"[21.5,1]"
27,elasticsearch,ES-21911,5.0.2,java.lang.ArrayIndexOutOfBoundsException,20,62328,-1,0,
28,elasticsearch,ES-21911,5.0.2,java.lang.ArrayIndexOutOfBoundsException,20,62328,-1,0,
29,elasticsearch,ES-21911,5.0.2,java.lang.ArrayIndexOutOfBoundsException,20,62328,21.5,9,"[21.5,1]"
30,elasticsearch,ES-21911,5.0.2,java.lang.ArrayIndexOutOfBoundsException,20,62328,-1,0,
1,elasticsearch,ES-21911,5.0.2,java.lang.ArrayIndexOutOfBoundsException,21,62328,21.5,51,"[21.5,1]"
2,elasticsearch,ES-21911,5.0.2,java.lang.ArrayIndexOutOfBoundsException,21,62328,21.5,34,"[21.5,1]"
3,elasticsearch,ES-21911,5.0.2,java.lang.ArrayIndexOutOfBoundsException,21,62328,-1,0,
4,elasticsearch,ES-21911,5.0.2,java.lang.ArrayIndexOutOfBoundsException,21,62328,21.5,14,"[21.5,1]"
5,elasticsearch,ES-21911,5.0.2,java.lang.ArrayIndexOutOfBoundsException,21,62328,21.5,20,"[21.5,1]"
6,elasticsearch,ES-21911,5.0.2,java.lang.ArrayIndexOutOfBoundsException,21,62328,-1,0,
7,elasticsearch,ES-21911,5.0.2,java.lang.ArrayIndexOutOfBoundsException,21,62328,21.5,9,"[21.5,1]"
8,elasticsearch,ES-21911,5.0.2,java.lang.ArrayIndexOutOfBoundsException,21,62328,21.5,3,"[21.5,1]"
9,elasticsearch,ES-21911,5.0.2,java.lang.ArrayIndexOutOfBoundsException,21,62328,21.5,28,"[21.5,1]"
10,elasticsearch,ES-21911,5.0.2,java.lang.ArrayIndexOutOfBoundsException,21,62328,21.5,13,"[21.5,1]"
11,elasticsearch,ES-21911,5.0.2,java.lang.ArrayIndexOutOfBoundsException,21,62328,21.5,23,"[21.5,1]"
12,elasticsearch,ES-21911,5.0.2,java.lang.ArrayIndexOutOfBoundsException,21,62328,21.5,16,"[21.5,1]"
13,elasticsearch,ES-21911,5.0.2,java.lang.ArrayIndexOutOfBoundsException,21,62328,21.5,3,"[21.5,1]"
14,elasticsearch,ES-21911,5.0.2,java.lang.ArrayIndexOutOfBoundsException,21,62328,21.5,1,"[21.5,1]"
15,elasticsearch,ES-21911,5.0.2,java.lang.ArrayIndexOutOfBoundsException,21,62328,21.5,11,"[21.5,1]"
16,elasticsearch,ES-21911,5.0.2,java.lang.ArrayIndexOutOfBoundsException,21,62328,21.5,48,"[21.5,1]"
17,elasticsearch,ES-21911,5.0.2,java.lang.ArrayIndexOutOfBoundsException,21,62328,21.5,10,"[21.5,1]"
18,elasticsearch,ES-21911,5.0.2,java.lang.ArrayIndexOutOfBoundsException,21,62328,21.5,33,"[21.5,1]"
19,elasticsearch,ES-21911,5.0.2,java.lang.ArrayIndexOutOfBoundsException,21,62328,21.5,7,"[21.5,1]"
20,elasticsearch,ES-21911,5.0.2,java.lang.ArrayIndexOutOfBoundsException,21,62328,21.5,4,"[21.5,1]"
21,elasticsearch,ES-21911,5.0.2,java.lang.ArrayIndexOutOfBoundsException,21,62328,21.5,4,"[21.5,1]"
22,elasticsearch,ES-21911,5.0.2,java.lang.ArrayIndexOutOfBoundsException,21,62328,21.5,23,"[21.5,1]"
23,elasticsearch,ES-21911,5.0.2,java.lang.ArrayIndexOutOfBoundsException,21,62328,21.5,100,"[21.5,1]"
24,elasticsearch,ES-21911,5.0.2,java.lang.ArrayIndexOutOfBoundsException,21,62328,21.5,32,"[21.5,1]"
25,elasticsearch,ES-21911,5.0.2,java.lang.ArrayIndexOutOfBoundsException,21,62328,21.5,31,"[21.5,1]"
26,elasticsearch,ES-21911,5.0.2,java.lang.ArrayIndexOutOfBoundsException,21,62328,21.5,68,"[21.5,1]"
27,elasticsearch,ES-21911,5.0.2,java.lang.ArrayIndexOutOfBoundsException,21,62328,21.5,128,"[21.5,1]"
28,elasticsearch,ES-21911,5.0.2,java.lang.ArrayIndexOutOfBoundsException,21,62328,21.5,15,"[21.5,1]"
29,elasticsearch,ES-21911,5.0.2,java.lang.ArrayIndexOutOfBoundsException,21,62328,21.5,60,"[21.5,1]"
30,elasticsearch,ES-21911,5.0.2,java.lang.ArrayIndexOutOfBoundsException,21,62328,-1,0,
1,elasticsearch,ES-21911,5.0.2,java.lang.ArrayIndexOutOfBoundsException,22,62328,22.5,1025,"[22.5,1]"
2,elasticsearch,ES-21911,5.0.2,java.lang.ArrayIndexOutOfBoundsException,22,62328,22.5,1171,"[22.5,1]"
3,elasticsearch,ES-21911,5.0.2,java.lang.ArrayIndexOutOfBoundsException,22,62328,22.5,1179,"[22.5,1]"
4,elasticsearch,ES-21911,5.0.2,java.lang.ArrayIndexOutOfBoundsException,22,62328,22.5,239,"[22.5,1]"
5,elasticsearch,ES-21911,5.0.2,java.lang.ArrayIndexOutOfBoundsException,22,62328,22.5,1107,"[22.5,1]"
6,elasticsearch,ES-21911,5.0.2,java.lang.ArrayIndexOutOfBoundsException,22,62328,22.5,1154,"[22.5,1]"
7,elasticsearch,ES-21911,5.0.2,java.lang.ArrayIndexOutOfBoundsException,22,62328,22.5,1092,"[22.5,1]"
8,elasticsearch,ES-21911,5.0.2,java.lang.ArrayIndexOutOfBoundsException,22,62328,22.5,1059,"[22.5,1]"
9,elasticsearch,ES-21911,5.0.2,java.lang.ArrayIndexOutOfBoundsException,22,62328,22.5,1255,"[22.5,1]"
10,elasticsearch,ES-21911,5.0.2,java.lang.ArrayIndexOutOfBoundsException,22,62328,22.5,954,"[22.5,1]"
11,elasticsearch,ES-21911,5.0.2,java.lang.ArrayIndexOutOfBoundsException,22,62328,22.5,1184,"[22.5,1]"
12,elasticsearch,ES-21911,5.0.2,java.lang.ArrayIndexOutOfBoundsException,22,62328,22.5,837,"[22.5,1]"
13,elasticsearch,ES-21911,5.0.2,java.lang.ArrayIndexOutOfBoundsException,22,62328,22.5,1084,"[22.5,1]"
14,elasticsearch,ES-21911,5.0.2,java.lang.ArrayIndexOutOfBoundsException,22,62328,22.5,1228,"[22.5,1]"
15,elasticsearch,ES-21911,5.0.2,java.lang.ArrayIndexOutOfBoundsException,22,62328,22.5,960,"[22.5,1]"
16,elasticsearch,ES-21911,5.0.2,java.lang.ArrayIndexOutOfBoundsException,22,62328,22.5,970,"[22.5,1]"
17,elasticsearch,ES-21911,5.0.2,java.lang.ArrayIndexOutOfBoundsException,22,62328,22.5,987,"[22.5,1]"
18,elasticsearch,ES-21911,5.0.2,java.lang.ArrayIndexOutOfBoundsException,22,62328,22.5,1124,"[22.5,1]"
19,elasticsearch,ES-21911,5.0.2,java.lang.ArrayIndexOutOfBoundsException,22,62328,22.5,1197,"[22.5,1]"
20,elasticsearch,ES-21911,5.0.2,java.lang.ArrayIndexOutOfBoundsException,22,62328,22.5,1141,"[22.5,1]"
21,elasticsearch,ES-21911,5.0.2,java.lang.ArrayIndexOutOfBoundsException,22,62328,22.5,1016,"[22.5,1]"
22,elasticsearch,ES-21911,5.0.2,java.lang.ArrayIndexOutOfBoundsException,22,62328,22.5,981,"[22.5,1]"
23,elasticsearch,ES-21911,5.0.2,java.lang.ArrayIndexOutOfBoundsException,22,62328,22.5,1124,"[22.5,1]"
24,elasticsearch,ES-21911,5.0.2,java.lang.ArrayIndexOutOfBoundsException,22,62328,22.5,493,"[22.5,1]"
25,elasticsearch,ES-21911,5.0.2,java.lang.ArrayIndexOutOfBoundsException,22,62328,22.5,1085,"[22.5,1]"
26,elasticsearch,ES-21911,5.0.2,java.lang.ArrayIndexOutOfBoundsException,22,62328,22.5,209,"[22.5,1]"
27,elasticsearch,ES-21911,5.0.2,java.lang.ArrayIndexOutOfBoundsException,22,62328,22.5,1053,"[22.5,1]"
28,elasticsearch,ES-21911,5.0.2,java.lang.ArrayIndexOutOfBoundsException,22,62328,22.5,1144,"[22.5,1]"
29,elasticsearch,ES-21911,5.0.2,java.lang.ArrayIndexOutOfBoundsException,22,62328,22.5,1222,"[22.5,1]"
30,elasticsearch,ES-21911,5.0.2,java.lang.ArrayIndexOutOfBoundsException,22,62328,22.5,1174,"[22.5,1]"
1,elasticsearch,ES-21911,5.0.2,java.lang.ArrayIndexOutOfBoundsException,23,62328,26.5,260,"[26.5,1]"
2,elasticsearch,ES-21911,5.0.2,java.lang.ArrayIndexOutOfBoundsException,23,62328,26.5,506,"[26.5,1]"
3,elasticsearch,ES-21911,5.0.2,java.lang.ArrayIndexOutOfBoundsException,23,62328,26.5,175,"[26.5,1]"
4,elasticsearch,ES-21911,5.0.2,java.lang.ArrayIndexOutOfBoundsException,23,62328,26.5,27,"[26.5,1]"
5,elasticsearch,ES-21911,5.0.2,java.lang.ArrayIndexOutOfBoundsException,23,62328,26.5,484,"[26.5,1]"
6,elasticsearch,ES-21911,5.0.2,java.lang.ArrayIndexOutOfBoundsException,23,62328,26.5,499,"[26.5,1]"
7,elasticsearch,ES-21911,5.0.2,java.lang.ArrayIndexOutOfBoundsException,23,62328,26.5,165,"[26.5,1]"
8,elasticsearch,ES-21911,5.0.2,java.lang.ArrayIndexOutOfBoundsException,23,62328,26.5,297,"[26.5,1]"
9,elasticsearch,ES-21911,5.0.2,java.lang.ArrayIndexOutOfBoundsException,23,62328,26.5,276,"[26.5,1]"
10,elasticsearch,ES-21911,5.0.2,java.lang.ArrayIndexOutOfBoundsException,23,62328,26.5,193,"[26.5,1]"
11,elasticsearch,ES-21911,5.0.2,java.lang.ArrayIndexOutOfBoundsException,23,62328,26.5,328,"[26.5,1]"
12,elasticsearch,ES-21911,5.0.2,java.lang.ArrayIndexOutOfBoundsException,23,62328,26.5,402,"[26.5,1]"
13,elasticsearch,ES-21911,5.0.2,java.lang.ArrayIndexOutOfBoundsException,23,62328,26.5,205,"[26.5,1]"
14,elasticsearch,ES-21911,5.0.2,java.lang.ArrayIndexOutOfBoundsException,23,62328,26.5,445,"[26.5,1]"
15,elasticsearch,ES-21911,5.0.2,java.lang.ArrayIndexOutOfBoundsException,23,62328,26.5,37,"[26.5,1]"
16,elasticsearch,ES-21911,5.0.2,java.lang.ArrayIndexOutOfBoundsException,23,62328,26.5,22,"[26.923076923076923,1][26.5,8]"
17,elasticsearch,ES-21911,5.0.2,java.lang.ArrayIndexOutOfBoundsException,23,62328,26.5,116,"[26.5,1]"
18,elasticsearch,ES-21911,5.0.2,java.lang.ArrayIndexOutOfBoundsException,23,62328,26.5,305,"[26.5,1]"
19,elasticsearch,ES-21911,5.0.2,java.lang.ArrayIndexOutOfBoundsException,23,62328,26.5,389,"[26.923076923076923,1][26.5,4]"
20,elasticsearch,ES-21911,5.0.2,java.lang.ArrayIndexOutOfBoundsException,23,62328,26.5,240,"[26.5,1]"
21,elasticsearch,ES-21911,5.0.2,java.lang.ArrayIndexOutOfBoundsException,23,62328,26.5,396,"[26.5,1]"
22,elasticsearch,ES-21911,5.0.2,java.lang.ArrayIndexOutOfBoundsException,23,62328,26.5,380,"[26.5,1]"
23,elasticsearch,ES-21911,5.0.2,java.lang.ArrayIndexOutOfBoundsException,23,62328,26.5,481,"[26.5,1]"
24,elasticsearch,ES-21911,5.0.2,java.lang.ArrayIndexOutOfBoundsException,23,62328,26.5,80,"[26.923076923076923,1][26.5,14]"
25,elasticsearch,ES-21911,5.0.2,java.lang.ArrayIndexOutOfBoundsException,23,62328,26.5,396,"[26.5,1]"
26,elasticsearch,ES-21911,5.0.2,java.lang.ArrayIndexOutOfBoundsException,23,62328,26.5,206,"[26.5,1]"
27,elasticsearch,ES-21911,5.0.2,java.lang.ArrayIndexOutOfBoundsException,23,62328,26.5,429,"[26.5,1]"
28,elasticsearch,ES-21911,5.0.2,java.lang.ArrayIndexOutOfBoundsException,23,62328,26.5,33,"[26.5,1]"
29,elasticsearch,ES-21911,5.0.2,java.lang.ArrayIndexOutOfBoundsException,23,62328,26.5,117,"[26.5,1]"
30,elasticsearch,ES-21911,5.0.2,java.lang.ArrayIndexOutOfBoundsException,23,62328,26.5,161,"[26.5,1]"
1,elasticsearch,ES-21911,5.0.2,java.lang.ArrayIndexOutOfBoundsException,24,62328,26.5,383,"[26.5,1]"
2,elasticsearch,ES-21911,5.0.2,java.lang.ArrayIndexOutOfBoundsException,24,62328,26.5,228,"[26.5,1]"
3,elasticsearch,ES-21911,5.0.2,java.lang.ArrayIndexOutOfBoundsException,24,62328,26.5,35,"[26.5,1]"
4,elasticsearch,ES-21911,5.0.2,java.lang.ArrayIndexOutOfBoundsException,24,62328,26.5,29,"[26.5,1]"
5,elasticsearch,ES-21911,5.0.2,java.lang.ArrayIndexOutOfBoundsException,24,62328,26.5,252,"[26.5,1]"
6,elasticsearch,ES-21911,5.0.2,java.lang.ArrayIndexOutOfBoundsException,24,62328,26.5,429,"[26.5,1]"
7,elasticsearch,ES-21911,5.0.2,java.lang.ArrayIndexOutOfBoundsException,24,62328,26.5,472,"[26.5,1]"
8,elasticsearch,ES-21911,5.0.2,java.lang.ArrayIndexOutOfBoundsException,24,62328,26.5,588,"[26.5,1]"
9,elasticsearch,ES-21911,5.0.2,java.lang.ArrayIndexOutOfBoundsException,24,62328,26.5,177,"[26.5,1]"
10,elasticsearch,ES-21911,5.0.2,java.lang.ArrayIndexOutOfBoundsException,24,62328,26.5,498,"[26.5,1]"
11,elasticsearch,ES-21911,5.0.2,java.lang.ArrayIndexOutOfBoundsException,24,62328,26.5,451,"[26.5,1]"
12,elasticsearch,ES-21911,5.0.2,java.lang.ArrayIndexOutOfBoundsException,24,62328,26.5,152,"[26.5,1]"
13,elasticsearch,ES-21911,5.0.2,java.lang.ArrayIndexOutOfBoundsException,24,62328,26.5,624,"[26.5,1]"
14,elasticsearch,ES-21911,5.0.2,java.lang.ArrayIndexOutOfBoundsException,24,62328,26.5,379,"[26.5,1]"
15,elasticsearch,ES-21911,5.0.2,java.lang.ArrayIndexOutOfBoundsException,24,62328,26.5,473,"[26.5,1]"
16,elasticsearch,ES-21911,5.0.2,java.lang.ArrayIndexOutOfBoundsException,24,62328,26.5,450,"[26.5,1]"
17,elasticsearch,ES-21911,5.0.2,java.lang.ArrayIndexOutOfBoundsException,24,62328,26.5,516,"[26.5,1]"
18,elasticsearch,ES-21911,5.0.2,java.lang.ArrayIndexOutOfBoundsException,24,62328,26.5,69,"[26.5,1]"
19,elasticsearch,ES-21911,5.0.2,java.lang.ArrayIndexOutOfBoundsException,24,62328,26.5,389,"[26.923076923076923,1][26.5,5]"
20,elasticsearch,ES-21911,5.0.2,java.lang.ArrayIndexOutOfBoundsException,24,62328,26.5,4,"[26.5,1]"
21,elasticsearch,ES-21911,5.0.2,java.lang.ArrayIndexOutOfBoundsException,24,62328,26.5,225,"[26.5,1]"
22,elasticsearch,ES-21911,5.0.2,java.lang.ArrayIndexOutOfBoundsException,24,62328,26.5,527,"[26.5,1]"
23,elasticsearch,ES-21911,5.0.2,java.lang.ArrayIndexOutOfBoundsException,24,62328,26.5,122,"[26.5,1]"
24,elasticsearch,ES-21911,5.0.2,java.lang.ArrayIndexOutOfBoundsException,24,62328,26.5,380,"[26.5,1]"
25,elasticsearch,ES-21911,5.0.2,java.lang.ArrayIndexOutOfBoundsException,24,62328,26.5,637,"[26.5,1]"
26,elasticsearch,ES-21911,5.0.2,java.lang.ArrayIndexOutOfBoundsException,24,62328,26.5,446,"[26.5,1]"
27,elasticsearch,ES-21911,5.0.2,java.lang.ArrayIndexOutOfBoundsException,24,62328,26.5,243,"[26.5,1]"
28,elasticsearch,ES-21911,5.0.2,java.lang.ArrayIndexOutOfBoundsException,24,62328,26.5,114,"[26.5,1]"
29,elasticsearch,ES-21911,5.0.2,java.lang.ArrayIndexOutOfBoundsException,24,62328,26.5,121,"[26.5,1]"
30,elasticsearch,ES-21911,5.0.2,java.lang.ArrayIndexOutOfBoundsException,24,62328,26.5,428,"[26.5,1]"
1,elasticsearch,ES-21911,5.0.2,java.lang.ArrayIndexOutOfBoundsException,25,62328,26.5,418,"[26.5,1]"
2,elasticsearch,ES-21911,5.0.2,java.lang.ArrayIndexOutOfBoundsException,25,62328,26.5,460,"[26.5,1]"
3,elasticsearch,ES-21911,5.0.2,java.lang.ArrayIndexOutOfBoundsException,25,62328,26.5,118,"[26.5,1]"
4,elasticsearch,ES-21911,5.0.2,java.lang.ArrayIndexOutOfBoundsException,25,62328,26.5,465,"[26.5,1]"
5,elasticsearch,ES-21911,5.0.2,java.lang.ArrayIndexOutOfBoundsException,25,62328,26.5,6,"[26.5,1]"
6,elasticsearch,ES-21911,5.0.2,java.lang.ArrayIndexOutOfBoundsException,25,62328,26.5,436,"[26.5,1]"
7,elasticsearch,ES-21911,5.0.2,java.lang.ArrayIndexOutOfBoundsException,25,62328,26.5,518,"[26.5,1]"
8,elasticsearch,ES-21911,5.0.2,java.lang.ArrayIndexOutOfBoundsException,25,62328,26.5,484,"[26.5,1]"
9,elasticsearch,ES-21911,5.0.2,java.lang.ArrayIndexOutOfBoundsException,25,62328,26.5,133,"[26.5,1]"
10,elasticsearch,ES-21911,5.0.2,java.lang.ArrayIndexOutOfBoundsException,25,62328,26.5,458,"[26.5,1]"
11,elasticsearch,ES-21911,5.0.2,java.lang.ArrayIndexOutOfBoundsException,25,62328,26.5,479,"[26.5,1]"
12,elasticsearch,ES-21911,5.0.2,java.lang.ArrayIndexOutOfBoundsException,25,62328,26.5,399,"[26.923076923076923,1][26.5,9]"
13,elasticsearch,ES-21911,5.0.2,java.lang.ArrayIndexOutOfBoundsException,25,62328,26.5,102,"[26.5,1]"
14,elasticsearch,ES-21911,5.0.2,java.lang.ArrayIndexOutOfBoundsException,25,62328,26.5,49,"[26.5,1]"
15,elasticsearch,ES-21911,5.0.2,java.lang.ArrayIndexOutOfBoundsException,25,62328,26.5,18,"[26.5,1]"
16,elasticsearch,ES-21911,5.0.2,java.lang.ArrayIndexOutOfBoundsException,25,62328,26.5,451,"[26.5,1]"
17,elasticsearch,ES-21911,5.0.2,java.lang.ArrayIndexOutOfBoundsException,25,62328,26.5,358,"[26.5,1]"
18,elasticsearch,ES-21911,5.0.2,java.lang.ArrayIndexOutOfBoundsException,25,62328,26.5,433,"[26.5,1]"
19,elasticsearch,ES-21911,5.0.2,java.lang.ArrayIndexOutOfBoundsException,25,62328,26.5,51,"[26.923076923076923,1][26.5,3]"
20,elasticsearch,ES-21911,5.0.2,java.lang.ArrayIndexOutOfBoundsException,25,62328,26.5,385,"[26.5,1]"
21,elasticsearch,ES-21911,5.0.2,java.lang.ArrayIndexOutOfBoundsException,25,62328,26.5,396,"[26.5,1]"
22,elasticsearch,ES-21911,5.0.2,java.lang.ArrayIndexOutOfBoundsException,25,62328,26.5,428,"[26.5,1]"
23,elasticsearch,ES-21911,5.0.2,java.lang.ArrayIndexOutOfBoundsException,25,62328,26.5,375,"[26.923076923076923,1][26.5,2]"
24,elasticsearch,ES-21911,5.0.2,java.lang.ArrayIndexOutOfBoundsException,25,62328,26.5,489,"[26.5,1]"
25,elasticsearch,ES-21911,5.0.2,java.lang.ArrayIndexOutOfBoundsException,25,62328,26.5,283,"[26.5,1]"
26,elasticsearch,ES-21911,5.0.2,java.lang.ArrayIndexOutOfBoundsException,25,62328,26.5,152,"[26.5,1]"
27,elasticsearch,ES-21911,5.0.2,java.lang.ArrayIndexOutOfBoundsException,25,62328,26.5,222,"[26.5,1]"
28,elasticsearch,ES-21911,5.0.2,java.lang.ArrayIndexOutOfBoundsException,25,62328,26.5,445,"[26.5,1]"
29,elasticsearch,ES-21911,5.0.2,java.lang.ArrayIndexOutOfBoundsException,25,62328,26.5,185,"[26.5,1]"
30,elasticsearch,ES-21911,5.0.2,java.lang.ArrayIndexOutOfBoundsException,25,62328,26.5,222,"[26.5,1]"
1,elasticsearch,ES-21911,5.0.2,java.lang.ArrayIndexOutOfBoundsException,26,62328,26.5,281,"[26.5,1]"
2,elasticsearch,ES-21911,5.0.2,java.lang.ArrayIndexOutOfBoundsException,26,62328,26.5,387,"[26.5,1]"
3,elasticsearch,ES-21911,5.0.2,java.lang.ArrayIndexOutOfBoundsException,26,62328,26.5,665,"[26.5,1]"
4,elasticsearch,ES-21911,5.0.2,java.lang.ArrayIndexOutOfBoundsException,26,62328,26.5,20,"[26.5,1]"
5,elasticsearch,ES-21911,5.0.2,java.lang.ArrayIndexOutOfBoundsException,26,62328,26.5,418,"[26.5,1]"
6,elasticsearch,ES-21911,5.0.2,java.lang.ArrayIndexOutOfBoundsException,26,62328,26.5,177,"[26.5,1]"
7,elasticsearch,ES-21911,5.0.2,java.lang.ArrayIndexOutOfBoundsException,26,62328,26.5,424,"[26.5,1]"
8,elasticsearch,ES-21911,5.0.2,java.lang.ArrayIndexOutOfBoundsException,26,62328,26.5,196,"[26.5,1]"
9,elasticsearch,ES-21911,5.0.2,java.lang.ArrayIndexOutOfBoundsException,26,62328,26.5,360,"[26.923076923076923,1][26.5,4]"
10,elasticsearch,ES-21911,5.0.2,java.lang.ArrayIndexOutOfBoundsException,26,62328,26.5,206,"[26.5,1]"
11,elasticsearch,ES-21911,5.0.2,java.lang.ArrayIndexOutOfBoundsException,26,62328,26.5,275,"[26.5,1]"
12,elasticsearch,ES-21911,5.0.2,java.lang.ArrayIndexOutOfBoundsException,26,62328,26.5,578,"[26.5,1]"
13,elasticsearch,ES-21911,5.0.2,java.lang.ArrayIndexOutOfBoundsException,26,62328,26.5,209,"[26.5,1]"
14,elasticsearch,ES-21911,5.0.2,java.lang.ArrayIndexOutOfBoundsException,26,62328,26.5,395,"[26.5,1]"
15,elasticsearch,ES-21911,5.0.2,java.lang.ArrayIndexOutOfBoundsException,26,62328,26.5,12,"[26.5,1]"
16,elasticsearch,ES-21911,5.0.2,java.lang.ArrayIndexOutOfBoundsException,26,62328,26.5,228,"[26.5,1]"
17,elasticsearch,ES-21911,5.0.2,java.lang.ArrayIndexOutOfBoundsException,26,62328,26.5,7,"[26.5,1]"
18,elasticsearch,ES-21911,5.0.2,java.lang.ArrayIndexOutOfBoundsException,26,62328,26.5,87,"[26.5,1]"
19,elasticsearch,ES-21911,5.0.2,java.lang.ArrayIndexOutOfBoundsException,26,62328,26.5,385,"[26.5,1]"
20,elasticsearch,ES-21911,5.0.2,java.lang.ArrayIndexOutOfBoundsException,26,62328,26.5,443,"[26.5,1]"
21,elasticsearch,ES-21911,5.0.2,java.lang.ArrayIndexOutOfBoundsException,26,62328,26.5,138,"[26.5,1]"
22,elasticsearch,ES-21911,5.0.2,java.lang.ArrayIndexOutOfBoundsException,26,62328,26.5,158,"[26.5,1]"
23,elasticsearch,ES-21911,5.0.2,java.lang.ArrayIndexOutOfBoundsException,26,62328,26.5,50,"[26.5,1]"
24,elasticsearch,ES-21911,5.0.2,java.lang.ArrayIndexOutOfBoundsException,26,62328,26.5,381,"[26.5,1]"
25,elasticsearch,ES-21911,5.0.2,java.lang.ArrayIndexOutOfBoundsException,26,62328,26.5,86,"[26.5,1]"
26,elasticsearch,ES-21911,5.0.2,java.lang.ArrayIndexOutOfBoundsException,26,62328,26.5,14,"[26.5,1]"
27,elasticsearch,ES-21911,5.0.2,java.lang.ArrayIndexOutOfBoundsException,26,62328,26.5,93,"[26.5,1]"
28,elasticsearch,ES-21911,5.0.2,java.lang.ArrayIndexOutOfBoundsException,26,62328,26.5,435,"[26.5,1]"
29,elasticsearch,ES-21911,5.0.2,java.lang.ArrayIndexOutOfBoundsException,26,62328,26.5,209,"[26.5,1]"
30,elasticsearch,ES-21911,5.0.2,java.lang.ArrayIndexOutOfBoundsException,26,62328,26.5,128,"[26.923076923076923,1][26.5,2]"
1,elasticsearch,ES-21911,5.0.2,java.lang.ArrayIndexOutOfBoundsException,27,62328,-1,0,
2,elasticsearch,ES-21911,5.0.2,java.lang.ArrayIndexOutOfBoundsException,27,62328,-1,0,
3,elasticsearch,ES-21911,5.0.2,java.lang.ArrayIndexOutOfBoundsException,27,62328,-1,0,
4,elasticsearch,ES-21911,5.0.2,java.lang.ArrayIndexOutOfBoundsException,27,62328,-1,0,
5,elasticsearch,ES-21911,5.0.2,java.lang.ArrayIndexOutOfBoundsException,27,62328,-1,0,
6,elasticsearch,ES-21911,5.0.2,java.lang.ArrayIndexOutOfBoundsException,27,62328,-1,0,
7,elasticsearch,ES-21911,5.0.2,java.lang.ArrayIndexOutOfBoundsException,27,62328,-1,0,
8,elasticsearch,ES-21911,5.0.2,java.lang.ArrayIndexOutOfBoundsException,27,62328,-1,0,
9,elasticsearch,ES-21911,5.0.2,java.lang.ArrayIndexOutOfBoundsException,27,62328,-1,0,
10,elasticsearch,ES-21911,5.0.2,java.lang.ArrayIndexOutOfBoundsException,27,62328,-1,0,
11,elasticsearch,ES-21911,5.0.2,java.lang.ArrayIndexOutOfBoundsException,27,62328,-1,0,
12,elasticsearch,ES-21911,5.0.2,java.lang.ArrayIndexOutOfBoundsException,27,62328,-1,0,
13,elasticsearch,ES-21911,5.0.2,java.lang.ArrayIndexOutOfBoundsException,27,62328,-1,0,
14,elasticsearch,ES-21911,5.0.2,java.lang.ArrayIndexOutOfBoundsException,27,62328,-1,0,
15,elasticsearch,ES-21911,5.0.2,java.lang.ArrayIndexOutOfBoundsException,27,62328,-1,0,
16,elasticsearch,ES-21911,5.0.2,java.lang.ArrayIndexOutOfBoundsException,27,62328,-1,0,
17,elasticsearch,ES-21911,5.0.2,java.lang.ArrayIndexOutOfBoundsException,27,62328,-1,0,
18,elasticsearch,ES-21911,5.0.2,java.lang.ArrayIndexOutOfBoundsException,27,62328,-1,0,
19,elasticsearch,ES-21911,5.0.2,java.lang.ArrayIndexOutOfBoundsException,27,62328,-1,0,
20,elasticsearch,ES-21911,5.0.2,java.lang.ArrayIndexOutOfBoundsException,27,62328,-1,0,
21,elasticsearch,ES-21911,5.0.2,java.lang.ArrayIndexOutOfBoundsException,27,62328,-1,0,
22,elasticsearch,ES-21911,5.0.2,java.lang.ArrayIndexOutOfBoundsException,27,62328,-1,0,
23,elasticsearch,ES-21911,5.0.2,java.lang.ArrayIndexOutOfBoundsException,27,62328,-1,0,
24,elasticsearch,ES-21911,5.0.2,java.lang.ArrayIndexOutOfBoundsException,27,62328,-1,0,
25,elasticsearch,ES-21911,5.0.2,java.lang.ArrayIndexOutOfBoundsException,27,62328,-1,0,
26,elasticsearch,ES-21911,5.0.2,java.lang.ArrayIndexOutOfBoundsException,27,62328,-1,0,
27,elasticsearch,ES-21911,5.0.2,java.lang.ArrayIndexOutOfBoundsException,27,62328,-1,0,
28,elasticsearch,ES-21911,5.0.2,java.lang.ArrayIndexOutOfBoundsException,27,62328,-1,0,
29,elasticsearch,ES-21911,5.0.2,java.lang.ArrayIndexOutOfBoundsException,27,62328,-1,0,
30,elasticsearch,ES-21911,5.0.2,java.lang.ArrayIndexOutOfBoundsException,27,62328,-1,0,
1,elasticsearch,ES-21911,5.0.2,java.lang.ArrayIndexOutOfBoundsException,28,62328,28.5,8,"[28.5,1]"
2,elasticsearch,ES-21911,5.0.2,java.lang.ArrayIndexOutOfBoundsException,28,62328,28.5,20,"[28.5,1]"
3,elasticsearch,ES-21911,5.0.2,java.lang.ArrayIndexOutOfBoundsException,28,62328,28.5,13,"[28.5,1]"
4,elasticsearch,ES-21911,5.0.2,java.lang.ArrayIndexOutOfBoundsException,28,62328,28.5,16,"[28.5,1]"
5,elasticsearch,ES-21911,5.0.2,java.lang.ArrayIndexOutOfBoundsException,28,62328,28.5,9,"[28.5,1]"
6,elasticsearch,ES-21911,5.0.2,java.lang.ArrayIndexOutOfBoundsException,28,62328,28.5,16,"[28.5,1]"
7,elasticsearch,ES-21911,5.0.2,java.lang.ArrayIndexOutOfBoundsException,28,62328,28.5,16,"[28.5,1]"
8,elasticsearch,ES-21911,5.0.2,java.lang.ArrayIndexOutOfBoundsException,28,62328,28.5,19,"[28.5,1]"
9,elasticsearch,ES-21911,5.0.2,java.lang.ArrayIndexOutOfBoundsException,28,62328,28.5,19,"[28.5,1]"
10,elasticsearch,ES-21911,5.0.2,java.lang.ArrayIndexOutOfBoundsException,28,62328,28.5,18,"[28.5,1]"
11,elasticsearch,ES-21911,5.0.2,java.lang.ArrayIndexOutOfBoundsException,28,62328,28.5,16,"[28.5,1]"
12,elasticsearch,ES-21911,5.0.2,java.lang.ArrayIndexOutOfBoundsException,28,62328,28.5,14,"[28.5,1]"
13,elasticsearch,ES-21911,5.0.2,java.lang.ArrayIndexOutOfBoundsException,28,62328,28.5,14,"[28.5,1]"
14,elasticsearch,ES-21911,5.0.2,java.lang.ArrayIndexOutOfBoundsException,28,62328,28.5,18,"[28.5,1]"
15,elasticsearch,ES-21911,5.0.2,java.lang.ArrayIndexOutOfBoundsException,28,62328,28.5,15,"[28.5,1]"
16,elasticsearch,ES-21911,5.0.2,java.lang.ArrayIndexOutOfBoundsException,28,62328,28.5,20,"[28.5,1]"
17,elasticsearch,ES-21911,5.0.2,java.lang.ArrayIndexOutOfBoundsException,28,62328,28.5,5,"[28.5,1]"
18,elasticsearch,ES-21911,5.0.2,java.lang.ArrayIndexOutOfBoundsException,28,62328,28.5,15,"[28.5,1]"
19,elasticsearch,ES-21911,5.0.2,java.lang.ArrayIndexOutOfBoundsException,28,62328,28.5,22,"[28.5,1]"
20,elasticsearch,ES-21911,5.0.2,java.lang.ArrayIndexOutOfBoundsException,28,62328,28.5,16,"[28.5,1]"
21,elasticsearch,ES-21911,5.0.2,java.lang.ArrayIndexOutOfBoundsException,28,62328,28.5,23,"[28.5,1]"
22,elasticsearch,ES-21911,5.0.2,java.lang.ArrayIndexOutOfBoundsException,28,62328,28.5,3,"[28.5,1]"
23,elasticsearch,ES-21911,5.0.2,java.lang.ArrayIndexOutOfBoundsException,28,62328,28.5,15,"[28.5,1]"
24,elasticsearch,ES-21911,5.0.2,java.lang.ArrayIndexOutOfBoundsException,28,62328,-1,0,
25,elasticsearch,ES-21911,5.0.2,java.lang.ArrayIndexOutOfBoundsException,28,62328,28.5,18,"[28.5,1]"
26,elasticsearch,ES-21911,5.0.2,java.lang.ArrayIndexOutOfBoundsException,28,62328,28.5,19,"[28.5,1]"
27,elasticsearch,ES-21911,5.0.2,java.lang.ArrayIndexOutOfBoundsException,28,62328,28.5,3,"[28.5,1]"
28,elasticsearch,ES-21911,5.0.2,java.lang.ArrayIndexOutOfBoundsException,28,62328,28.5,18,"[28.5,1]"
29,elasticsearch,ES-21911,5.0.2,java.lang.ArrayIndexOutOfBoundsException,28,62328,28.5,14,"[28.5,1]"
30,elasticsearch,ES-21911,5.0.2,java.lang.ArrayIndexOutOfBoundsException,28,62328,28.5,20,"[28.5,1]"
1,elasticsearch,ES-21911,5.0.2,java.lang.ArrayIndexOutOfBoundsException,29,62328,-1,0,
2,elasticsearch,ES-21911,5.0.2,java.lang.ArrayIndexOutOfBoundsException,29,62328,-1,0,
3,elasticsearch,ES-21911,5.0.2,java.lang.ArrayIndexOutOfBoundsException,29,62328,-1,0,
4,elasticsearch,ES-21911,5.0.2,java.lang.ArrayIndexOutOfBoundsException,29,62328,-1,0,
5,elasticsearch,ES-21911,5.0.2,java.lang.ArrayIndexOutOfBoundsException,29,62328,-1,0,
6,elasticsearch,ES-21911,5.0.2,java.lang.ArrayIndexOutOfBoundsException,29,62328,-1,0,
7,elasticsearch,ES-21911,5.0.2,java.lang.ArrayIndexOutOfBoundsException,29,62328,-1,0,
8,elasticsearch,ES-21911,5.0.2,java.lang.ArrayIndexOutOfBoundsException,29,62328,-1,0,
9,elasticsearch,ES-21911,5.0.2,java.lang.ArrayIndexOutOfBoundsException,29,62328,-1,0,
10,elasticsearch,ES-21911,5.0.2,java.lang.ArrayIndexOutOfBoundsException,29,62328,-1,0,
11,elasticsearch,ES-21911,5.0.2,java.lang.ArrayIndexOutOfBoundsException,29,62328,-1,0,
12,elasticsearch,ES-21911,5.0.2,java.lang.ArrayIndexOutOfBoundsException,29,62328,-1,0,
13,elasticsearch,ES-21911,5.0.2,java.lang.ArrayIndexOutOfBoundsException,29,62328,-1,0,
14,elasticsearch,ES-21911,5.0.2,java.lang.ArrayIndexOutOfBoundsException,29,62328,-1,0,
15,elasticsearch,ES-21911,5.0.2,java.lang.ArrayIndexOutOfBoundsException,29,62328,-1,0,
16,elasticsearch,ES-21911,5.0.2,java.lang.ArrayIndexOutOfBoundsException,29,62328,-1,0,
17,elasticsearch,ES-21911,5.0.2,java.lang.ArrayIndexOutOfBoundsException,29,62328,-1,0,
18,elasticsearch,ES-21911,5.0.2,java.lang.ArrayIndexOutOfBoundsException,29,62328,-1,0,
19,elasticsearch,ES-21911,5.0.2,java.lang.ArrayIndexOutOfBoundsException,29,62328,-1,0,
20,elasticsearch,ES-21911,5.0.2,java.lang.ArrayIndexOutOfBoundsException,29,62328,-1,0,
21,elasticsearch,ES-21911,5.0.2,java.lang.ArrayIndexOutOfBoundsException,29,62328,-1,0,
22,elasticsearch,ES-21911,5.0.2,java.lang.ArrayIndexOutOfBoundsException,29,62328,-1,0,
23,elasticsearch,ES-21911,5.0.2,java.lang.ArrayIndexOutOfBoundsException,29,62328,-1,0,
24,elasticsearch,ES-21911,5.0.2,java.lang.ArrayIndexOutOfBoundsException,29,62328,-1,0,
25,elasticsearch,ES-21911,5.0.2,java.lang.ArrayIndexOutOfBoundsException,29,62328,-1,0,
26,elasticsearch,ES-21911,5.0.2,java.lang.ArrayIndexOutOfBoundsException,29,62328,-1,0,
27,elasticsearch,ES-21911,5.0.2,java.lang.ArrayIndexOutOfBoundsException,29,62328,-1,0,
28,elasticsearch,ES-21911,5.0.2,java.lang.ArrayIndexOutOfBoundsException,29,62328,-1,0,
29,elasticsearch,ES-21911,5.0.2,java.lang.ArrayIndexOutOfBoundsException,29,62328,-1,0,
30,elasticsearch,ES-21911,5.0.2,java.lang.ArrayIndexOutOfBoundsException,29,62328,-1,0,
1,elasticsearch,ES-21911,5.0.2,java.lang.ArrayIndexOutOfBoundsException,30,62328,-1,0,
2,elasticsearch,ES-21911,5.0.2,java.lang.ArrayIndexOutOfBoundsException,30,62328,-1,0,
3,elasticsearch,ES-21911,5.0.2,java.lang.ArrayIndexOutOfBoundsException,30,62328,-1,0,
4,elasticsearch,ES-21911,5.0.2,java.lang.ArrayIndexOutOfBoundsException,30,62328,-1,0,
5,elasticsearch,ES-21911,5.0.2,java.lang.ArrayIndexOutOfBoundsException,30,62328,-1,0,
6,elasticsearch,ES-21911,5.0.2,java.lang.ArrayIndexOutOfBoundsException,30,62328,-1,0,
7,elasticsearch,ES-21911,5.0.2,java.lang.ArrayIndexOutOfBoundsException,30,62328,-1,0,
8,elasticsearch,ES-21911,5.0.2,java.lang.ArrayIndexOutOfBoundsException,30,62328,-1,0,
9,elasticsearch,ES-21911,5.0.2,java.lang.ArrayIndexOutOfBoundsException,30,62328,-1,0,
10,elasticsearch,ES-21911,5.0.2,java.lang.ArrayIndexOutOfBoundsException,30,62328,-1,0,
11,elasticsearch,ES-21911,5.0.2,java.lang.ArrayIndexOutOfBoundsException,30,62328,-1,0,
12,elasticsearch,ES-21911,5.0.2,java.lang.ArrayIndexOutOfBoundsException,30,62328,-1,0,
13,elasticsearch,ES-21911,5.0.2,java.lang.ArrayIndexOutOfBoundsException,30,62328,-1,0,
14,elasticsearch,ES-21911,5.0.2,java.lang.ArrayIndexOutOfBoundsException,30,62328,-1,0,
15,elasticsearch,ES-21911,5.0.2,java.lang.ArrayIndexOutOfBoundsException,30,62328,-1,0,
16,elasticsearch,ES-21911,5.0.2,java.lang.ArrayIndexOutOfBoundsException,30,62328,-1,0,
17,elasticsearch,ES-21911,5.0.2,java.lang.ArrayIndexOutOfBoundsException,30,62328,-1,0,
18,elasticsearch,ES-21911,5.0.2,java.lang.ArrayIndexOutOfBoundsException,30,62328,-1,0,
19,elasticsearch,ES-21911,5.0.2,java.lang.ArrayIndexOutOfBoundsException,30,62328,-1,0,
20,elasticsearch,ES-21911,5.0.2,java.lang.ArrayIndexOutOfBoundsException,30,62328,-1,0,
21,elasticsearch,ES-21911,5.0.2,java.lang.ArrayIndexOutOfBoundsException,30,62328,-1,0,
22,elasticsearch,ES-21911,5.0.2,java.lang.ArrayIndexOutOfBoundsException,30,62328,-1,0,
23,elasticsearch,ES-21911,5.0.2,java.lang.ArrayIndexOutOfBoundsException,30,62328,-1,0,
24,elasticsearch,ES-21911,5.0.2,java.lang.ArrayIndexOutOfBoundsException,30,62328,-1,0,
25,elasticsearch,ES-21911,5.0.2,java.lang.ArrayIndexOutOfBoundsException,30,62328,-1,0,
26,elasticsearch,ES-21911,5.0.2,java.lang.ArrayIndexOutOfBoundsException,30,62328,-1,0,
27,elasticsearch,ES-21911,5.0.2,java.lang.ArrayIndexOutOfBoundsException,30,62328,-1,0,
28,elasticsearch,ES-21911,5.0.2,java.lang.ArrayIndexOutOfBoundsException,30,62328,-1,0,
29,elasticsearch,ES-21911,5.0.2,java.lang.ArrayIndexOutOfBoundsException,30,62328,-1,0,
30,elasticsearch,ES-21911,5.0.2,java.lang.ArrayIndexOutOfBoundsException,30,62328,-1,0,
1,elasticsearch,ES-21911,5.0.2,java.lang.ArrayIndexOutOfBoundsException,31,62328,-1,0,
2,elasticsearch,ES-21911,5.0.2,java.lang.ArrayIndexOutOfBoundsException,31,62328,-1,0,
3,elasticsearch,ES-21911,5.0.2,java.lang.ArrayIndexOutOfBoundsException,31,62328,-1,0,
4,elasticsearch,ES-21911,5.0.2,java.lang.ArrayIndexOutOfBoundsException,31,62328,-1,0,
5,elasticsearch,ES-21911,5.0.2,java.lang.ArrayIndexOutOfBoundsException,31,62328,-1,0,
6,elasticsearch,ES-21911,5.0.2,java.lang.ArrayIndexOutOfBoundsException,31,62328,-1,0,
7,elasticsearch,ES-21911,5.0.2,java.lang.ArrayIndexOutOfBoundsException,31,62328,-1,0,
8,elasticsearch,ES-21911,5.0.2,java.lang.ArrayIndexOutOfBoundsException,31,62328,-1,0,
9,elasticsearch,ES-21911,5.0.2,java.lang.ArrayIndexOutOfBoundsException,31,62328,-1,0,
10,elasticsearch,ES-21911,5.0.2,java.lang.ArrayIndexOutOfBoundsException,31,62328,-1,0,
11,elasticsearch,ES-21911,5.0.2,java.lang.ArrayIndexOutOfBoundsException,31,62328,-1,0,
12,elasticsearch,ES-21911,5.0.2,java.lang.ArrayIndexOutOfBoundsException,31,62328,-1,0,
13,elasticsearch,ES-21911,5.0.2,java.lang.ArrayIndexOutOfBoundsException,31,62328,-1,0,
14,elasticsearch,ES-21911,5.0.2,java.lang.ArrayIndexOutOfBoundsException,31,62328,-1,0,
15,elasticsearch,ES-21911,5.0.2,java.lang.ArrayIndexOutOfBoundsException,31,62328,-1,0,
16,elasticsearch,ES-21911,5.0.2,java.lang.ArrayIndexOutOfBoundsException,31,62328,-1,0,
17,elasticsearch,ES-21911,5.0.2,java.lang.ArrayIndexOutOfBoundsException,31,62328,-1,0,
18,elasticsearch,ES-21911,5.0.2,java.lang.ArrayIndexOutOfBoundsException,31,62328,-1,0,
19,elasticsearch,ES-21911,5.0.2,java.lang.ArrayIndexOutOfBoundsException,31,62328,-1,0,
20,elasticsearch,ES-21911,5.0.2,java.lang.ArrayIndexOutOfBoundsException,31,62328,-1,0,
21,elasticsearch,ES-21911,5.0.2,java.lang.ArrayIndexOutOfBoundsException,31,62328,-1,0,
22,elasticsearch,ES-21911,5.0.2,java.lang.ArrayIndexOutOfBoundsException,31,62328,-1,0,
23,elasticsearch,ES-21911,5.0.2,java.lang.ArrayIndexOutOfBoundsException,31,62328,-1,0,
24,elasticsearch,ES-21911,5.0.2,java.lang.ArrayIndexOutOfBoundsException,31,62328,-1,0,
25,elasticsearch,ES-21911,5.0.2,java.lang.ArrayIndexOutOfBoundsException,31,62328,-1,0,
26,elasticsearch,ES-21911,5.0.2,java.lang.ArrayIndexOutOfBoundsException,31,62328,-1,0,
27,elasticsearch,ES-21911,5.0.2,java.lang.ArrayIndexOutOfBoundsException,31,62328,-1,0,
28,elasticsearch,ES-21911,5.0.2,java.lang.ArrayIndexOutOfBoundsException,31,62328,-1,0,
29,elasticsearch,ES-21911,5.0.2,java.lang.ArrayIndexOutOfBoundsException,31,62328,-1,0,
30,elasticsearch,ES-21911,5.0.2,java.lang.ArrayIndexOutOfBoundsException,31,62328,-1,0,
1,elasticsearch,ES-21911,5.0.2,java.lang.ArrayIndexOutOfBoundsException,32,62328,-1,0,
2,elasticsearch,ES-21911,5.0.2,java.lang.ArrayIndexOutOfBoundsException,32,62328,-1,0,
3,elasticsearch,ES-21911,5.0.2,java.lang.ArrayIndexOutOfBoundsException,32,62328,-1,0,
4,elasticsearch,ES-21911,5.0.2,java.lang.ArrayIndexOutOfBoundsException,32,62328,-1,0,
5,elasticsearch,ES-21911,5.0.2,java.lang.ArrayIndexOutOfBoundsException,32,62328,-1,0,
6,elasticsearch,ES-21911,5.0.2,java.lang.ArrayIndexOutOfBoundsException,32,62328,-1,0,
7,elasticsearch,ES-21911,5.0.2,java.lang.ArrayIndexOutOfBoundsException,32,62328,-1,0,
8,elasticsearch,ES-21911,5.0.2,java.lang.ArrayIndexOutOfBoundsException,32,62328,-1,0,
9,elasticsearch,ES-21911,5.0.2,java.lang.ArrayIndexOutOfBoundsException,32,62328,-1,0,
10,elasticsearch,ES-21911,5.0.2,java.lang.ArrayIndexOutOfBoundsException,32,62328,-1,0,
11,elasticsearch,ES-21911,5.0.2,java.lang.ArrayIndexOutOfBoundsException,32,62328,-1,0,
12,elasticsearch,ES-21911,5.0.2,java.lang.ArrayIndexOutOfBoundsException,32,62328,-1,0,
13,elasticsearch,ES-21911,5.0.2,java.lang.ArrayIndexOutOfBoundsException,32,62328,-1,0,
14,elasticsearch,ES-21911,5.0.2,java.lang.ArrayIndexOutOfBoundsException,32,62328,-1,0,
15,elasticsearch,ES-21911,5.0.2,java.lang.ArrayIndexOutOfBoundsException,32,62328,-1,0,
16,elasticsearch,ES-21911,5.0.2,java.lang.ArrayIndexOutOfBoundsException,32,62328,-1,0,
17,elasticsearch,ES-21911,5.0.2,java.lang.ArrayIndexOutOfBoundsException,32,62328,-1,0,
18,elasticsearch,ES-21911,5.0.2,java.lang.ArrayIndexOutOfBoundsException,32,62328,-1,0,
19,elasticsearch,ES-21911,5.0.2,java.lang.ArrayIndexOutOfBoundsException,32,62328,-1,0,
20,elasticsearch,ES-21911,5.0.2,java.lang.ArrayIndexOutOfBoundsException,32,62328,-1,0,
21,elasticsearch,ES-21911,5.0.2,java.lang.ArrayIndexOutOfBoundsException,32,62328,-1,0,
22,elasticsearch,ES-21911,5.0.2,java.lang.ArrayIndexOutOfBoundsException,32,62328,-1,0,
23,elasticsearch,ES-21911,5.0.2,java.lang.ArrayIndexOutOfBoundsException,32,62328,-1,0,
24,elasticsearch,ES-21911,5.0.2,java.lang.ArrayIndexOutOfBoundsException,32,62328,-1,0,
25,elasticsearch,ES-21911,5.0.2,java.lang.ArrayIndexOutOfBoundsException,32,62328,-1,0,
26,elasticsearch,ES-21911,5.0.2,java.lang.ArrayIndexOutOfBoundsException,32,62328,-1,0,
27,elasticsearch,ES-21911,5.0.2,java.lang.ArrayIndexOutOfBoundsException,32,62328,-1,0,
28,elasticsearch,ES-21911,5.0.2,java.lang.ArrayIndexOutOfBoundsException,32,62328,-1,0,
29,elasticsearch,ES-21911,5.0.2,java.lang.ArrayIndexOutOfBoundsException,32,62328,-1,0,
30,elasticsearch,ES-21911,5.0.2,java.lang.ArrayIndexOutOfBoundsException,32,62328,-1,0,
1,elasticsearch,ES-21911,5.0.2,java.lang.ArrayIndexOutOfBoundsException,33,62328,-1,0,
2,elasticsearch,ES-21911,5.0.2,java.lang.ArrayIndexOutOfBoundsException,33,62328,-1,0,
3,elasticsearch,ES-21911,5.0.2,java.lang.ArrayIndexOutOfBoundsException,33,62328,-1,0,
4,elasticsearch,ES-21911,5.0.2,java.lang.ArrayIndexOutOfBoundsException,33,62328,-1,0,
5,elasticsearch,ES-21911,5.0.2,java.lang.ArrayIndexOutOfBoundsException,33,62328,-1,0,
6,elasticsearch,ES-21911,5.0.2,java.lang.ArrayIndexOutOfBoundsException,33,62328,-1,0,
7,elasticsearch,ES-21911,5.0.2,java.lang.ArrayIndexOutOfBoundsException,33,62328,-1,0,
8,elasticsearch,ES-21911,5.0.2,java.lang.ArrayIndexOutOfBoundsException,33,62328,-1,0,
9,elasticsearch,ES-21911,5.0.2,java.lang.ArrayIndexOutOfBoundsException,33,62328,-1,0,
10,elasticsearch,ES-21911,5.0.2,java.lang.ArrayIndexOutOfBoundsException,33,62328,-1,0,
11,elasticsearch,ES-21911,5.0.2,java.lang.ArrayIndexOutOfBoundsException,33,62328,-1,0,
12,elasticsearch,ES-21911,5.0.2,java.lang.ArrayIndexOutOfBoundsException,33,62328,-1,0,
13,elasticsearch,ES-21911,5.0.2,java.lang.ArrayIndexOutOfBoundsException,33,62328,-1,0,
14,elasticsearch,ES-21911,5.0.2,java.lang.ArrayIndexOutOfBoundsException,33,62328,-1,0,
15,elasticsearch,ES-21911,5.0.2,java.lang.ArrayIndexOutOfBoundsException,33,62328,-1,0,
16,elasticsearch,ES-21911,5.0.2,java.lang.ArrayIndexOutOfBoundsException,33,62328,-1,0,
17,elasticsearch,ES-21911,5.0.2,java.lang.ArrayIndexOutOfBoundsException,33,62328,-1,0,
18,elasticsearch,ES-21911,5.0.2,java.lang.ArrayIndexOutOfBoundsException,33,62328,-1,0,
19,elasticsearch,ES-21911,5.0.2,java.lang.ArrayIndexOutOfBoundsException,33,62328,-1,0,
20,elasticsearch,ES-21911,5.0.2,java.lang.ArrayIndexOutOfBoundsException,33,62328,-1,0,
21,elasticsearch,ES-21911,5.0.2,java.lang.ArrayIndexOutOfBoundsException,33,62328,-1,0,
22,elasticsearch,ES-21911,5.0.2,java.lang.ArrayIndexOutOfBoundsException,33,62328,-1,0,
23,elasticsearch,ES-21911,5.0.2,java.lang.ArrayIndexOutOfBoundsException,33,62328,-1,0,
24,elasticsearch,ES-21911,5.0.2,java.lang.ArrayIndexOutOfBoundsException,33,62328,-1,0,
25,elasticsearch,ES-21911,5.0.2,java.lang.ArrayIndexOutOfBoundsException,33,62328,-1,0,
26,elasticsearch,ES-21911,5.0.2,java.lang.ArrayIndexOutOfBoundsException,33,62328,-1,0,
27,elasticsearch,ES-21911,5.0.2,java.lang.ArrayIndexOutOfBoundsException,33,62328,-1,0,
28,elasticsearch,ES-21911,5.0.2,java.lang.ArrayIndexOutOfBoundsException,33,62328,-1,0,
29,elasticsearch,ES-21911,5.0.2,java.lang.ArrayIndexOutOfBoundsException,33,62328,-1,0,
30,elasticsearch,ES-21911,5.0.2,java.lang.ArrayIndexOutOfBoundsException,33,62328,-1,0,
1,elasticsearch,ES-21911,5.0.2,java.lang.ArrayIndexOutOfBoundsException,34,62328,-1,0,
2,elasticsearch,ES-21911,5.0.2,java.lang.ArrayIndexOutOfBoundsException,34,62328,-1,0,
3,elasticsearch,ES-21911,5.0.2,java.lang.ArrayIndexOutOfBoundsException,34,62328,-1,0,
4,elasticsearch,ES-21911,5.0.2,java.lang.ArrayIndexOutOfBoundsException,34,62328,-1,0,
5,elasticsearch,ES-21911,5.0.2,java.lang.ArrayIndexOutOfBoundsException,34,62328,-1,0,
6,elasticsearch,ES-21911,5.0.2,java.lang.ArrayIndexOutOfBoundsException,34,62328,-1,0,
7,elasticsearch,ES-21911,5.0.2,java.lang.ArrayIndexOutOfBoundsException,34,62328,-1,0,
8,elasticsearch,ES-21911,5.0.2,java.lang.ArrayIndexOutOfBoundsException,34,62328,-1,0,
9,elasticsearch,ES-21911,5.0.2,java.lang.ArrayIndexOutOfBoundsException,34,62328,-1,0,
10,elasticsearch,ES-21911,5.0.2,java.lang.ArrayIndexOutOfBoundsException,34,62328,-1,0,
11,elasticsearch,ES-21911,5.0.2,java.lang.ArrayIndexOutOfBoundsException,34,62328,-1,0,
12,elasticsearch,ES-21911,5.0.2,java.lang.ArrayIndexOutOfBoundsException,34,62328,-1,0,
13,elasticsearch,ES-21911,5.0.2,java.lang.ArrayIndexOutOfBoundsException,34,62328,-1,0,
14,elasticsearch,ES-21911,5.0.2,java.lang.ArrayIndexOutOfBoundsException,34,62328,-1,0,
15,elasticsearch,ES-21911,5.0.2,java.lang.ArrayIndexOutOfBoundsException,34,62328,-1,0,
16,elasticsearch,ES-21911,5.0.2,java.lang.ArrayIndexOutOfBoundsException,34,62328,-1,0,
17,elasticsearch,ES-21911,5.0.2,java.lang.ArrayIndexOutOfBoundsException,34,62328,-1,0,
18,elasticsearch,ES-21911,5.0.2,java.lang.ArrayIndexOutOfBoundsException,34,62328,-1,0,
19,elasticsearch,ES-21911,5.0.2,java.lang.ArrayIndexOutOfBoundsException,34,62328,-1,0,
20,elasticsearch,ES-21911,5.0.2,java.lang.ArrayIndexOutOfBoundsException,34,62328,-1,0,
21,elasticsearch,ES-21911,5.0.2,java.lang.ArrayIndexOutOfBoundsException,34,62328,-1,0,
22,elasticsearch,ES-21911,5.0.2,java.lang.ArrayIndexOutOfBoundsException,34,62328,-1,0,
23,elasticsearch,ES-21911,5.0.2,java.lang.ArrayIndexOutOfBoundsException,34,62328,-1,0,
24,elasticsearch,ES-21911,5.0.2,java.lang.ArrayIndexOutOfBoundsException,34,62328,-1,0,
25,elasticsearch,ES-21911,5.0.2,java.lang.ArrayIndexOutOfBoundsException,34,62328,-1,0,
26,elasticsearch,ES-21911,5.0.2,java.lang.ArrayIndexOutOfBoundsException,34,62328,-1,0,
27,elasticsearch,ES-21911,5.0.2,java.lang.ArrayIndexOutOfBoundsException,34,62328,-1,0,
28,elasticsearch,ES-21911,5.0.2,java.lang.ArrayIndexOutOfBoundsException,34,62328,-1,0,
29,elasticsearch,ES-21911,5.0.2,java.lang.ArrayIndexOutOfBoundsException,34,62328,-1,0,
30,elasticsearch,ES-21911,5.0.2,java.lang.ArrayIndexOutOfBoundsException,34,62328,-1,0,
1,elasticsearch,ES-21911,5.0.2,java.lang.ArrayIndexOutOfBoundsException,35,62328,-1,0,
2,elasticsearch,ES-21911,5.0.2,java.lang.ArrayIndexOutOfBoundsException,35,62328,-1,0,
3,elasticsearch,ES-21911,5.0.2,java.lang.ArrayIndexOutOfBoundsException,35,62328,-1,0,
4,elasticsearch,ES-21911,5.0.2,java.lang.ArrayIndexOutOfBoundsException,35,62328,-1,0,
5,elasticsearch,ES-21911,5.0.2,java.lang.ArrayIndexOutOfBoundsException,35,62328,-1,0,
6,elasticsearch,ES-21911,5.0.2,java.lang.ArrayIndexOutOfBoundsException,35,62328,-1,0,
7,elasticsearch,ES-21911,5.0.2,java.lang.ArrayIndexOutOfBoundsException,35,62328,-1,0,
8,elasticsearch,ES-21911,5.0.2,java.lang.ArrayIndexOutOfBoundsException,35,62328,-1,0,
9,elasticsearch,ES-21911,5.0.2,java.lang.ArrayIndexOutOfBoundsException,35,62328,-1,0,
10,elasticsearch,ES-21911,5.0.2,java.lang.ArrayIndexOutOfBoundsException,35,62328,-1,0,
11,elasticsearch,ES-21911,5.0.2,java.lang.ArrayIndexOutOfBoundsException,35,62328,-1,0,
12,elasticsearch,ES-21911,5.0.2,java.lang.ArrayIndexOutOfBoundsException,35,62328,-1,0,
13,elasticsearch,ES-21911,5.0.2,java.lang.ArrayIndexOutOfBoundsException,35,62328,-1,0,
14,elasticsearch,ES-21911,5.0.2,java.lang.ArrayIndexOutOfBoundsException,35,62328,-1,0,
15,elasticsearch,ES-21911,5.0.2,java.lang.ArrayIndexOutOfBoundsException,35,62328,-1,0,
16,elasticsearch,ES-21911,5.0.2,java.lang.ArrayIndexOutOfBoundsException,35,62328,-1,0,
17,elasticsearch,ES-21911,5.0.2,java.lang.ArrayIndexOutOfBoundsException,35,62328,-1,0,
18,elasticsearch,ES-21911,5.0.2,java.lang.ArrayIndexOutOfBoundsException,35,62328,-1,0,
19,elasticsearch,ES-21911,5.0.2,java.lang.ArrayIndexOutOfBoundsException,35,62328,-1,0,
20,elasticsearch,ES-21911,5.0.2,java.lang.ArrayIndexOutOfBoundsException,35,62328,-1,0,
21,elasticsearch,ES-21911,5.0.2,java.lang.ArrayIndexOutOfBoundsException,35,62328,-1,0,
22,elasticsearch,ES-21911,5.0.2,java.lang.ArrayIndexOutOfBoundsException,35,62328,-1,0,
23,elasticsearch,ES-21911,5.0.2,java.lang.ArrayIndexOutOfBoundsException,35,62328,-1,0,
24,elasticsearch,ES-21911,5.0.2,java.lang.ArrayIndexOutOfBoundsException,35,62328,-1,0,
25,elasticsearch,ES-21911,5.0.2,java.lang.ArrayIndexOutOfBoundsException,35,62328,-1,0,
26,elasticsearch,ES-21911,5.0.2,java.lang.ArrayIndexOutOfBoundsException,35,62328,-1,0,
27,elasticsearch,ES-21911,5.0.2,java.lang.ArrayIndexOutOfBoundsException,35,62328,-1,0,
28,elasticsearch,ES-21911,5.0.2,java.lang.ArrayIndexOutOfBoundsException,35,62328,-1,0,
29,elasticsearch,ES-21911,5.0.2,java.lang.ArrayIndexOutOfBoundsException,35,62328,-1,0,
30,elasticsearch,ES-21911,5.0.2,java.lang.ArrayIndexOutOfBoundsException,35,62328,-1,0,
1,elasticsearch,ES-21911,5.0.2,java.lang.ArrayIndexOutOfBoundsException,36,62328,-1,0,
2,elasticsearch,ES-21911,5.0.2,java.lang.ArrayIndexOutOfBoundsException,36,62328,-1,0,
3,elasticsearch,ES-21911,5.0.2,java.lang.ArrayIndexOutOfBoundsException,36,62328,-1,0,
4,elasticsearch,ES-21911,5.0.2,java.lang.ArrayIndexOutOfBoundsException,36,62328,-1,0,
5,elasticsearch,ES-21911,5.0.2,java.lang.ArrayIndexOutOfBoundsException,36,62328,-1,0,
6,elasticsearch,ES-21911,5.0.2,java.lang.ArrayIndexOutOfBoundsException,36,62328,-1,0,
7,elasticsearch,ES-21911,5.0.2,java.lang.ArrayIndexOutOfBoundsException,36,62328,-1,0,
8,elasticsearch,ES-21911,5.0.2,java.lang.ArrayIndexOutOfBoundsException,36,62328,-1,0,
9,elasticsearch,ES-21911,5.0.2,java.lang.ArrayIndexOutOfBoundsException,36,62328,-1,0,
10,elasticsearch,ES-21911,5.0.2,java.lang.ArrayIndexOutOfBoundsException,36,62328,-1,0,
11,elasticsearch,ES-21911,5.0.2,java.lang.ArrayIndexOutOfBoundsException,36,62328,-1,0,
12,elasticsearch,ES-21911,5.0.2,java.lang.ArrayIndexOutOfBoundsException,36,62328,-1,0,
13,elasticsearch,ES-21911,5.0.2,java.lang.ArrayIndexOutOfBoundsException,36,62328,-1,0,
14,elasticsearch,ES-21911,5.0.2,java.lang.ArrayIndexOutOfBoundsException,36,62328,-1,0,
15,elasticsearch,ES-21911,5.0.2,java.lang.ArrayIndexOutOfBoundsException,36,62328,-1,0,
16,elasticsearch,ES-21911,5.0.2,java.lang.ArrayIndexOutOfBoundsException,36,62328,-1,0,
17,elasticsearch,ES-21911,5.0.2,java.lang.ArrayIndexOutOfBoundsException,36,62328,-1,0,
18,elasticsearch,ES-21911,5.0.2,java.lang.ArrayIndexOutOfBoundsException,36,62328,-1,0,
19,elasticsearch,ES-21911,5.0.2,java.lang.ArrayIndexOutOfBoundsException,36,62328,-1,0,
20,elasticsearch,ES-21911,5.0.2,java.lang.ArrayIndexOutOfBoundsException,36,62328,-1,0,
21,elasticsearch,ES-21911,5.0.2,java.lang.ArrayIndexOutOfBoundsException,36,62328,-1,0,
22,elasticsearch,ES-21911,5.0.2,java.lang.ArrayIndexOutOfBoundsException,36,62328,-1,0,
23,elasticsearch,ES-21911,5.0.2,java.lang.ArrayIndexOutOfBoundsException,36,62328,-1,0,
24,elasticsearch,ES-21911,5.0.2,java.lang.ArrayIndexOutOfBoundsException,36,62328,-1,0,
25,elasticsearch,ES-21911,5.0.2,java.lang.ArrayIndexOutOfBoundsException,36,62328,-1,0,
26,elasticsearch,ES-21911,5.0.2,java.lang.ArrayIndexOutOfBoundsException,36,62328,-1,0,
27,elasticsearch,ES-21911,5.0.2,java.lang.ArrayIndexOutOfBoundsException,36,62328,-1,0,
28,elasticsearch,ES-21911,5.0.2,java.lang.ArrayIndexOutOfBoundsException,36,62328,-1,0,
29,elasticsearch,ES-21911,5.0.2,java.lang.ArrayIndexOutOfBoundsException,36,62328,-1,0,
30,elasticsearch,ES-21911,5.0.2,java.lang.ArrayIndexOutOfBoundsException,36,62328,-1,0,
1,elasticsearch,ES-21911,5.0.2,java.lang.ArrayIndexOutOfBoundsException,37,62328,37.6,657,"[37.6,1]"
2,elasticsearch,ES-21911,5.0.2,java.lang.ArrayIndexOutOfBoundsException,37,62328,37.6,721,"[37.6,1]"
3,elasticsearch,ES-21911,5.0.2,java.lang.ArrayIndexOutOfBoundsException,37,62328,37.6,700,"[37.6,1]"
4,elasticsearch,ES-21911,5.0.2,java.lang.ArrayIndexOutOfBoundsException,37,62328,37.6,635,"[37.6,1]"
5,elasticsearch,ES-21911,5.0.2,java.lang.ArrayIndexOutOfBoundsException,37,62328,37.6,688,"[37.6,1]"
6,elasticsearch,ES-21911,5.0.2,java.lang.ArrayIndexOutOfBoundsException,37,62328,37.6,542,"[37.6,1]"
7,elasticsearch,ES-21911,5.0.2,java.lang.ArrayIndexOutOfBoundsException,37,62328,37.6,623,"[37.6,1]"
8,elasticsearch,ES-21911,5.0.2,java.lang.ArrayIndexOutOfBoundsException,37,62328,37.6,652,"[37.6,1]"
9,elasticsearch,ES-21911,5.0.2,java.lang.ArrayIndexOutOfBoundsException,37,62328,37.6,633,"[37.6,1]"
10,elasticsearch,ES-21911,5.0.2,java.lang.ArrayIndexOutOfBoundsException,37,62328,37.6,631,"[37.6,1]"
11,elasticsearch,ES-21911,5.0.2,java.lang.ArrayIndexOutOfBoundsException,37,62328,37.6,708,"[37.6,1]"
12,elasticsearch,ES-21911,5.0.2,java.lang.ArrayIndexOutOfBoundsException,37,62328,37.6,716,"[37.6,1]"
13,elasticsearch,ES-21911,5.0.2,java.lang.ArrayIndexOutOfBoundsException,37,62328,37.6,664,"[37.6,1]"
14,elasticsearch,ES-21911,5.0.2,java.lang.ArrayIndexOutOfBoundsException,37,62328,37.6,565,"[37.6,1]"
15,elasticsearch,ES-21911,5.0.2,java.lang.ArrayIndexOutOfBoundsException,37,62328,37.6,762,"[37.6,1]"
16,elasticsearch,ES-21911,5.0.2,java.lang.ArrayIndexOutOfBoundsException,37,62328,37.6,691,"[37.6,1]"
17,elasticsearch,ES-21911,5.0.2,java.lang.ArrayIndexOutOfBoundsException,37,62328,37.6,628,"[37.6,1]"
18,elasticsearch,ES-21911,5.0.2,java.lang.ArrayIndexOutOfBoundsException,37,62328,37.6,580,"[37.6,1]"
19,elasticsearch,ES-21911,5.0.2,java.lang.ArrayIndexOutOfBoundsException,37,62328,37.6,709,"[37.6,1]"
20,elasticsearch,ES-21911,5.0.2,java.lang.ArrayIndexOutOfBoundsException,37,62328,37.6,631,"[37.6,1]"
21,elasticsearch,ES-21911,5.0.2,java.lang.ArrayIndexOutOfBoundsException,37,62328,37.6,581,"[37.6,1]"
22,elasticsearch,ES-21911,5.0.2,java.lang.ArrayIndexOutOfBoundsException,37,62328,37.6,620,"[37.6,1]"
23,elasticsearch,ES-21911,5.0.2,java.lang.ArrayIndexOutOfBoundsException,37,62328,37.6,627,"[37.6,1]"
24,elasticsearch,ES-21911,5.0.2,java.lang.ArrayIndexOutOfBoundsException,37,62328,37.6,671,"[37.6,1]"
25,elasticsearch,ES-21911,5.0.2,java.lang.ArrayIndexOutOfBoundsException,37,62328,37.6,662,"[37.6,1]"
26,elasticsearch,ES-21911,5.0.2,java.lang.ArrayIndexOutOfBoundsException,37,62328,37.6,652,"[37.6,1]"
27,elasticsearch,ES-21911,5.0.2,java.lang.ArrayIndexOutOfBoundsException,37,62328,37.6,644,"[37.6,1]"
28,elasticsearch,ES-21911,5.0.2,java.lang.ArrayIndexOutOfBoundsException,37,62328,37.6,398,"[37.6,1]"
29,elasticsearch,ES-21911,5.0.2,java.lang.ArrayIndexOutOfBoundsException,37,62328,37.6,675,"[37.6,1]"
30,elasticsearch,ES-21911,5.0.2,java.lang.ArrayIndexOutOfBoundsException,37,62328,37.6,840,"[37.6,1]"
1,elasticsearch,ES-21911,5.0.2,java.lang.ArrayIndexOutOfBoundsException,38,62328,38.5,14,"[38.5,1]"
2,elasticsearch,ES-21911,5.0.2,java.lang.ArrayIndexOutOfBoundsException,38,62328,38.5,12,"[38.5,1]"
3,elasticsearch,ES-21911,5.0.2,java.lang.ArrayIndexOutOfBoundsException,38,62328,38.5,3,"[38.5,1]"
4,elasticsearch,ES-21911,5.0.2,java.lang.ArrayIndexOutOfBoundsException,38,62328,38.5,59,"[38.5,1]"
5,elasticsearch,ES-21911,5.0.2,java.lang.ArrayIndexOutOfBoundsException,38,62328,38.5,4,"[38.5,1]"
6,elasticsearch,ES-21911,5.0.2,java.lang.ArrayIndexOutOfBoundsException,38,62328,38.5,60,"[38.5,1]"
7,elasticsearch,ES-21911,5.0.2,java.lang.ArrayIndexOutOfBoundsException,38,62328,38.5,4,"[38.5,1]"
8,elasticsearch,ES-21911,5.0.2,java.lang.ArrayIndexOutOfBoundsException,38,62328,38.5,10,"[38.5,1]"
9,elasticsearch,ES-21911,5.0.2,java.lang.ArrayIndexOutOfBoundsException,38,62328,38.5,32,"[38.5,1]"
10,elasticsearch,ES-21911,5.0.2,java.lang.ArrayIndexOutOfBoundsException,38,62328,38.5,255,"[38.5,1]"
11,elasticsearch,ES-21911,5.0.2,java.lang.ArrayIndexOutOfBoundsException,38,62328,38.5,35,"[38.5,1]"
12,elasticsearch,ES-21911,5.0.2,java.lang.ArrayIndexOutOfBoundsException,38,62328,38.5,2,"[38.5,1]"
13,elasticsearch,ES-21911,5.0.2,java.lang.ArrayIndexOutOfBoundsException,38,62328,38.5,8,"[38.5,1]"
14,elasticsearch,ES-21911,5.0.2,java.lang.ArrayIndexOutOfBoundsException,38,62328,-1,0,
15,elasticsearch,ES-21911,5.0.2,java.lang.ArrayIndexOutOfBoundsException,38,62328,-1,0,
16,elasticsearch,ES-21911,5.0.2,java.lang.ArrayIndexOutOfBoundsException,38,62328,38.5,63,"[38.5,1]"
17,elasticsearch,ES-21911,5.0.2,java.lang.ArrayIndexOutOfBoundsException,38,62328,38.5,10,"[38.5,1]"
18,elasticsearch,ES-21911,5.0.2,java.lang.ArrayIndexOutOfBoundsException,38,62328,38.5,19,"[38.5,1]"
19,elasticsearch,ES-21911,5.0.2,java.lang.ArrayIndexOutOfBoundsException,38,62328,38.5,20,"[38.5,1]"
20,elasticsearch,ES-21911,5.0.2,java.lang.ArrayIndexOutOfBoundsException,38,62328,-1,0,
21,elasticsearch,ES-21911,5.0.2,java.lang.ArrayIndexOutOfBoundsException,38,62328,38.5,31,"[38.5,1]"
22,elasticsearch,ES-21911,5.0.2,java.lang.ArrayIndexOutOfBoundsException,38,62328,-1,0,
23,elasticsearch,ES-21911,5.0.2,java.lang.ArrayIndexOutOfBoundsException,38,62328,38.5,10,"[38.5,1]"
24,elasticsearch,ES-21911,5.0.2,java.lang.ArrayIndexOutOfBoundsException,38,62328,-1,0,
25,elasticsearch,ES-21911,5.0.2,java.lang.ArrayIndexOutOfBoundsException,38,62328,-1,0,
26,elasticsearch,ES-21911,5.0.2,java.lang.ArrayIndexOutOfBoundsException,38,62328,38.5,33,"[38.5,1]"
27,elasticsearch,ES-21911,5.0.2,java.lang.ArrayIndexOutOfBoundsException,38,62328,38.5,111,"[38.5,1]"
28,elasticsearch,ES-21911,5.0.2,java.lang.ArrayIndexOutOfBoundsException,38,62328,38.5,43,"[38.5,1]"
29,elasticsearch,ES-21911,5.0.2,java.lang.ArrayIndexOutOfBoundsException,38,62328,38.5,15,"[38.5,1]"
30,elasticsearch,ES-21911,5.0.2,java.lang.ArrayIndexOutOfBoundsException,38,62328,38.5,43,"[38.5,1]"
1,elasticsearch,ES-21911,5.0.2,java.lang.ArrayIndexOutOfBoundsException,39,62328,39.90909090909091,22,"[39.90909090909091,1]"
2,elasticsearch,ES-21911,5.0.2,java.lang.ArrayIndexOutOfBoundsException,39,62328,39.90909090909091,32,"[39.90909090909091,1]"
3,elasticsearch,ES-21911,5.0.2,java.lang.ArrayIndexOutOfBoundsException,39,62328,39.90909090909091,25,"[39.90909090909091,1]"
4,elasticsearch,ES-21911,5.0.2,java.lang.ArrayIndexOutOfBoundsException,39,62328,39.666666666666664,28,"[39.90909090909091,1][39.666666666666664,2]"
5,elasticsearch,ES-21911,5.0.2,java.lang.ArrayIndexOutOfBoundsException,39,62328,39.90909090909091,22,"[39.90909090909091,1]"
6,elasticsearch,ES-21911,5.0.2,java.lang.ArrayIndexOutOfBoundsException,39,62328,39.666666666666664,20,"[39.90909090909091,1][39.666666666666664,16]"
7,elasticsearch,ES-21911,5.0.2,java.lang.ArrayIndexOutOfBoundsException,39,62328,39.90909090909091,29,"[39.90909090909091,1]"
8,elasticsearch,ES-21911,5.0.2,java.lang.ArrayIndexOutOfBoundsException,39,62328,39.666666666666664,23,"[39.90909090909091,1][39.666666666666664,15]"
9,elasticsearch,ES-21911,5.0.2,java.lang.ArrayIndexOutOfBoundsException,39,62328,39.90909090909091,21,"[39.90909090909091,1]"
10,elasticsearch,ES-21911,5.0.2,java.lang.ArrayIndexOutOfBoundsException,39,62328,39.90909090909091,23,"[39.90909090909091,1]"
11,elasticsearch,ES-21911,5.0.2,java.lang.ArrayIndexOutOfBoundsException,39,62328,39.666666666666664,28,"[39.90909090909091,1][39.666666666666664,15]"
12,elasticsearch,ES-21911,5.0.2,java.lang.ArrayIndexOutOfBoundsException,39,62328,39.90909090909091,21,"[39.90909090909091,1]"
13,elasticsearch,ES-21911,5.0.2,java.lang.ArrayIndexOutOfBoundsException,39,62328,39.666666666666664,29,"[39.90909090909091,1][39.666666666666664,5]"
14,elasticsearch,ES-21911,5.0.2,java.lang.ArrayIndexOutOfBoundsException,39,62328,39.666666666666664,26,"[39.90909090909091,1][39.666666666666664,26]"
15,elasticsearch,ES-21911,5.0.2,java.lang.ArrayIndexOutOfBoundsException,39,62328,39.90909090909091,20,"[39.90909090909091,1]"
16,elasticsearch,ES-21911,5.0.2,java.lang.ArrayIndexOutOfBoundsException,39,62328,39.666666666666664,28,"[39.90909090909091,1][39.666666666666664,14]"
17,elasticsearch,ES-21911,5.0.2,java.lang.ArrayIndexOutOfBoundsException,39,62328,39.666666666666664,25,"[39.90909090909091,1][39.666666666666664,7]"
18,elasticsearch,ES-21911,5.0.2,java.lang.ArrayIndexOutOfBoundsException,39,62328,39.666666666666664,25,"[39.90909090909091,1][39.666666666666664,7]"
19,elasticsearch,ES-21911,5.0.2,java.lang.ArrayIndexOutOfBoundsException,39,62328,39.90909090909091,26,"[39.90909090909091,1]"
20,elasticsearch,ES-21911,5.0.2,java.lang.ArrayIndexOutOfBoundsException,39,62328,39.90909090909091,21,"[39.90909090909091,1]"
21,elasticsearch,ES-21911,5.0.2,java.lang.ArrayIndexOutOfBoundsException,39,62328,39.90909090909091,31,"[39.90909090909091,1]"
22,elasticsearch,ES-21911,5.0.2,java.lang.ArrayIndexOutOfBoundsException,39,62328,39.666666666666664,27,"[39.90909090909091,1][39.666666666666664,15]"
23,elasticsearch,ES-21911,5.0.2,java.lang.ArrayIndexOutOfBoundsException,39,62328,39.90909090909091,25,"[39.90909090909091,1]"
24,elasticsearch,ES-21911,5.0.2,java.lang.ArrayIndexOutOfBoundsException,39,62328,39.666666666666664,24,"[39.90909090909091,1][39.666666666666664,23]"
25,elasticsearch,ES-21911,5.0.2,java.lang.ArrayIndexOutOfBoundsException,39,62328,39.90909090909091,26,"[39.90909090909091,1]"
26,elasticsearch,ES-21911,5.0.2,java.lang.ArrayIndexOutOfBoundsException,39,62328,39.666666666666664,22,"[39.90909090909091,1][39.666666666666664,21]"
27,elasticsearch,ES-21911,5.0.2,java.lang.ArrayIndexOutOfBoundsException,39,62328,39.666666666666664,22,"[39.90909090909091,1][39.666666666666664,16]"
28,elasticsearch,ES-21911,5.0.2,java.lang.ArrayIndexOutOfBoundsException,39,62328,39.666666666666664,30,"[39.90909090909091,1][39.666666666666664,20]"
29,elasticsearch,ES-21911,5.0.2,java.lang.ArrayIndexOutOfBoundsException,39,62328,39.666666666666664,29,"[39.90909090909091,1][39.666666666666664,7]"
30,elasticsearch,ES-21911,5.0.2,java.lang.ArrayIndexOutOfBoundsException,39,62328,39.666666666666664,37,"[39.90909090909091,1][39.666666666666664,11]"
1,elasticsearch,ES-21911,5.0.2,java.lang.ArrayIndexOutOfBoundsException,40,62328,-1,0,
2,elasticsearch,ES-21911,5.0.2,java.lang.ArrayIndexOutOfBoundsException,40,62328,-1,0,
3,elasticsearch,ES-21911,5.0.2,java.lang.ArrayIndexOutOfBoundsException,40,62328,-1,0,
4,elasticsearch,ES-21911,5.0.2,java.lang.ArrayIndexOutOfBoundsException,40,62328,-1,0,
5,elasticsearch,ES-21911,5.0.2,java.lang.ArrayIndexOutOfBoundsException,40,62328,-1,0,
6,elasticsearch,ES-21911,5.0.2,java.lang.ArrayIndexOutOfBoundsException,40,62328,-1,0,
7,elasticsearch,ES-21911,5.0.2,java.lang.ArrayIndexOutOfBoundsException,40,62328,-1,0,
8,elasticsearch,ES-21911,5.0.2,java.lang.ArrayIndexOutOfBoundsException,40,62328,-1,0,
9,elasticsearch,ES-21911,5.0.2,java.lang.ArrayIndexOutOfBoundsException,40,62328,-1,0,
10,elasticsearch,ES-21911,5.0.2,java.lang.ArrayIndexOutOfBoundsException,40,62328,-1,0,
11,elasticsearch,ES-21911,5.0.2,java.lang.ArrayIndexOutOfBoundsException,40,62328,-1,0,
12,elasticsearch,ES-21911,5.0.2,java.lang.ArrayIndexOutOfBoundsException,40,62328,-1,0,
13,elasticsearch,ES-21911,5.0.2,java.lang.ArrayIndexOutOfBoundsException,40,62328,-1,0,
14,elasticsearch,ES-21911,5.0.2,java.lang.ArrayIndexOutOfBoundsException,40,62328,-1,0,
15,elasticsearch,ES-21911,5.0.2,java.lang.ArrayIndexOutOfBoundsException,40,62328,-1,0,
16,elasticsearch,ES-21911,5.0.2,java.lang.ArrayIndexOutOfBoundsException,40,62328,-1,0,
17,elasticsearch,ES-21911,5.0.2,java.lang.ArrayIndexOutOfBoundsException,40,62328,-1,0,
18,elasticsearch,ES-21911,5.0.2,java.lang.ArrayIndexOutOfBoundsException,40,62328,-1,0,
19,elasticsearch,ES-21911,5.0.2,java.lang.ArrayIndexOutOfBoundsException,40,62328,-1,0,
20,elasticsearch,ES-21911,5.0.2,java.lang.ArrayIndexOutOfBoundsException,40,62328,-1,0,
21,elasticsearch,ES-21911,5.0.2,java.lang.ArrayIndexOutOfBoundsException,40,62328,-1,0,
22,elasticsearch,ES-21911,5.0.2,java.lang.ArrayIndexOutOfBoundsException,40,62328,-1,0,
23,elasticsearch,ES-21911,5.0.2,java.lang.ArrayIndexOutOfBoundsException,40,62328,-1,0,
24,elasticsearch,ES-21911,5.0.2,java.lang.ArrayIndexOutOfBoundsException,40,62328,-1,0,
25,elasticsearch,ES-21911,5.0.2,java.lang.ArrayIndexOutOfBoundsException,40,62328,-1,0,
26,elasticsearch,ES-21911,5.0.2,java.lang.ArrayIndexOutOfBoundsException,40,62328,-1,0,
27,elasticsearch,ES-21911,5.0.2,java.lang.ArrayIndexOutOfBoundsException,40,62328,-1,0,
28,elasticsearch,ES-21911,5.0.2,java.lang.ArrayIndexOutOfBoundsException,40,62328,-1,0,
29,elasticsearch,ES-21911,5.0.2,java.lang.ArrayIndexOutOfBoundsException,40,62328,-1,0,
30,elasticsearch,ES-21911,5.0.2,java.lang.ArrayIndexOutOfBoundsException,40,62328,-1,0,
1,elasticsearch,ES-21911,5.0.2,java.lang.ArrayIndexOutOfBoundsException,41,62328,41.5,27486,"[41.5,1]"
2,elasticsearch,ES-21911,5.0.2,java.lang.ArrayIndexOutOfBoundsException,41,62328,41.5,23918,"[41.5,1]"
3,elasticsearch,ES-21911,5.0.2,java.lang.ArrayIndexOutOfBoundsException,41,62328,41.5,6660,"[41.5,1]"
4,elasticsearch,ES-21911,5.0.2,java.lang.ArrayIndexOutOfBoundsException,41,62328,41.5,19646,"[41.5,1]"
5,elasticsearch,ES-21911,5.0.2,java.lang.ArrayIndexOutOfBoundsException,41,62328,41.5,27486,"[41.5,1]"
6,elasticsearch,ES-21911,5.0.2,java.lang.ArrayIndexOutOfBoundsException,41,62328,41.5,12856,"[41.5,1]"
7,elasticsearch,ES-21911,5.0.2,java.lang.ArrayIndexOutOfBoundsException,41,62328,41.5,3150,"[41.5,1]"
8,elasticsearch,ES-21911,5.0.2,java.lang.ArrayIndexOutOfBoundsException,41,62328,41.5,12014,"[41.5,1]"
9,elasticsearch,ES-21911,5.0.2,java.lang.ArrayIndexOutOfBoundsException,41,62328,41.5,5458,"[41.5,1]"
10,elasticsearch,ES-21911,5.0.2,java.lang.ArrayIndexOutOfBoundsException,41,62328,41.5,23952,"[41.5,1]"
11,elasticsearch,ES-21911,5.0.2,java.lang.ArrayIndexOutOfBoundsException,41,62328,41.5,9090,"[41.5,1]"
12,elasticsearch,ES-21911,5.0.2,java.lang.ArrayIndexOutOfBoundsException,41,62328,41.5,24838,"[41.5,1]"
13,elasticsearch,ES-21911,5.0.2,java.lang.ArrayIndexOutOfBoundsException,41,62328,41.5,7554,"[41.5,1]"
14,elasticsearch,ES-21911,5.0.2,java.lang.ArrayIndexOutOfBoundsException,41,62328,41.5,8386,"[41.5,1]"
15,elasticsearch,ES-21911,5.0.2,java.lang.ArrayIndexOutOfBoundsException,41,62328,41.5,7201,"[41.5,1]"
16,elasticsearch,ES-21911,5.0.2,java.lang.ArrayIndexOutOfBoundsException,41,62328,41.5,27356,"[41.5,1]"
17,elasticsearch,ES-21911,5.0.2,java.lang.ArrayIndexOutOfBoundsException,41,62328,41.5,1898,"[41.5,1]"
18,elasticsearch,ES-21911,5.0.2,java.lang.ArrayIndexOutOfBoundsException,41,62328,41.5,9179,"[41.5,1]"
19,elasticsearch,ES-21911,5.0.2,java.lang.ArrayIndexOutOfBoundsException,41,62328,41.5,28665,"[41.5,1]"
20,elasticsearch,ES-21911,5.0.2,java.lang.ArrayIndexOutOfBoundsException,41,62328,41.5,4106,"[41.5,1]"
21,elasticsearch,ES-21911,5.0.2,java.lang.ArrayIndexOutOfBoundsException,41,62328,41.5,23630,"[41.5,1]"
22,elasticsearch,ES-21911,5.0.2,java.lang.ArrayIndexOutOfBoundsException,41,62328,41.5,29050,"[41.5,1]"
23,elasticsearch,ES-21911,5.0.2,java.lang.ArrayIndexOutOfBoundsException,41,62328,41.5,4189,"[41.5,1]"
24,elasticsearch,ES-21911,5.0.2,java.lang.ArrayIndexOutOfBoundsException,41,62328,41.5,25953,"[41.5,1]"
25,elasticsearch,ES-21911,5.0.2,java.lang.ArrayIndexOutOfBoundsException,41,62328,41.5,7127,"[41.5,1]"
26,elasticsearch,ES-21911,5.0.2,java.lang.ArrayIndexOutOfBoundsException,41,62328,41.5,9004,"[41.5,1]"
27,elasticsearch,ES-21911,5.0.2,java.lang.ArrayIndexOutOfBoundsException,41,62328,41.5,4434,"[41.5,1]"
28,elasticsearch,ES-21911,5.0.2,java.lang.ArrayIndexOutOfBoundsException,41,62328,41.5,8162,"[41.5,1]"
29,elasticsearch,ES-21911,5.0.2,java.lang.ArrayIndexOutOfBoundsException,41,62328,41.5,33093,"[41.5,1]"
30,elasticsearch,ES-21911,5.0.2,java.lang.ArrayIndexOutOfBoundsException,41,62328,41.5,14552,"[41.5,1]"
1,elasticsearch,ES-21911,5.0.2,java.lang.ArrayIndexOutOfBoundsException,42,62328,-1,0,
2,elasticsearch,ES-21911,5.0.2,java.lang.ArrayIndexOutOfBoundsException,42,62328,-1,0,
3,elasticsearch,ES-21911,5.0.2,java.lang.ArrayIndexOutOfBoundsException,42,62328,-1,0,
4,elasticsearch,ES-21911,5.0.2,java.lang.ArrayIndexOutOfBoundsException,42,62328,-1,0,
5,elasticsearch,ES-21911,5.0.2,java.lang.ArrayIndexOutOfBoundsException,42,62328,-1,0,
6,elasticsearch,ES-21911,5.0.2,java.lang.ArrayIndexOutOfBoundsException,42,62328,-1,0,
7,elasticsearch,ES-21911,5.0.2,java.lang.ArrayIndexOutOfBoundsException,42,62328,-1,0,
8,elasticsearch,ES-21911,5.0.2,java.lang.ArrayIndexOutOfBoundsException,42,62328,-1,0,
9,elasticsearch,ES-21911,5.0.2,java.lang.ArrayIndexOutOfBoundsException,42,62328,-1,0,
10,elasticsearch,ES-21911,5.0.2,java.lang.ArrayIndexOutOfBoundsException,42,62328,-1,0,
11,elasticsearch,ES-21911,5.0.2,java.lang.ArrayIndexOutOfBoundsException,42,62328,-1,0,
12,elasticsearch,ES-21911,5.0.2,java.lang.ArrayIndexOutOfBoundsException,42,62328,-1,0,
13,elasticsearch,ES-21911,5.0.2,java.lang.ArrayIndexOutOfBoundsException,42,62328,-1,0,
14,elasticsearch,ES-21911,5.0.2,java.lang.ArrayIndexOutOfBoundsException,42,62328,-1,0,
15,elasticsearch,ES-21911,5.0.2,java.lang.ArrayIndexOutOfBoundsException,42,62328,-1,0,
16,elasticsearch,ES-21911,5.0.2,java.lang.ArrayIndexOutOfBoundsException,42,62328,-1,0,
17,elasticsearch,ES-21911,5.0.2,java.lang.ArrayIndexOutOfBoundsException,42,62328,-1,0,
18,elasticsearch,ES-21911,5.0.2,java.lang.ArrayIndexOutOfBoundsException,42,62328,-1,0,
19,elasticsearch,ES-21911,5.0.2,java.lang.ArrayIndexOutOfBoundsException,42,62328,-1,0,
20,elasticsearch,ES-21911,5.0.2,java.lang.ArrayIndexOutOfBoundsException,42,62328,-1,0,
21,elasticsearch,ES-21911,5.0.2,java.lang.ArrayIndexOutOfBoundsException,42,62328,-1,0,
22,elasticsearch,ES-21911,5.0.2,java.lang.ArrayIndexOutOfBoundsException,42,62328,-1,0,
23,elasticsearch,ES-21911,5.0.2,java.lang.ArrayIndexOutOfBoundsException,42,62328,-1,0,
24,elasticsearch,ES-21911,5.0.2,java.lang.ArrayIndexOutOfBoundsException,42,62328,-1,0,
25,elasticsearch,ES-21911,5.0.2,java.lang.ArrayIndexOutOfBoundsException,42,62328,-1,0,
26,elasticsearch,ES-21911,5.0.2,java.lang.ArrayIndexOutOfBoundsException,42,62328,-1,0,
27,elasticsearch,ES-21911,5.0.2,java.lang.ArrayIndexOutOfBoundsException,42,62328,-1,0,
28,elasticsearch,ES-21911,5.0.2,java.lang.ArrayIndexOutOfBoundsException,42,62328,-1,0,
29,elasticsearch,ES-21911,5.0.2,java.lang.ArrayIndexOutOfBoundsException,42,62328,-1,0,
30,elasticsearch,ES-21911,5.0.2,java.lang.ArrayIndexOutOfBoundsException,42,62328,-1,0,
1,elasticsearch,ES-21911,5.0.2,java.lang.ArrayIndexOutOfBoundsException,43,62328,-1,0,
2,elasticsearch,ES-21911,5.0.2,java.lang.ArrayIndexOutOfBoundsException,43,62328,-1,0,
3,elasticsearch,ES-21911,5.0.2,java.lang.ArrayIndexOutOfBoundsException,43,62328,-1,0,
4,elasticsearch,ES-21911,5.0.2,java.lang.ArrayIndexOutOfBoundsException,43,62328,-1,0,
5,elasticsearch,ES-21911,5.0.2,java.lang.ArrayIndexOutOfBoundsException,43,62328,-1,0,
6,elasticsearch,ES-21911,5.0.2,java.lang.ArrayIndexOutOfBoundsException,43,62328,-1,0,
7,elasticsearch,ES-21911,5.0.2,java.lang.ArrayIndexOutOfBoundsException,43,62328,-1,0,
8,elasticsearch,ES-21911,5.0.2,java.lang.ArrayIndexOutOfBoundsException,43,62328,-1,0,
9,elasticsearch,ES-21911,5.0.2,java.lang.ArrayIndexOutOfBoundsException,43,62328,-1,0,
10,elasticsearch,ES-21911,5.0.2,java.lang.ArrayIndexOutOfBoundsException,43,62328,-1,0,
11,elasticsearch,ES-21911,5.0.2,java.lang.ArrayIndexOutOfBoundsException,43,62328,-1,0,
12,elasticsearch,ES-21911,5.0.2,java.lang.ArrayIndexOutOfBoundsException,43,62328,-1,0,
13,elasticsearch,ES-21911,5.0.2,java.lang.ArrayIndexOutOfBoundsException,43,62328,-1,0,
14,elasticsearch,ES-21911,5.0.2,java.lang.ArrayIndexOutOfBoundsException,43,62328,-1,0,
15,elasticsearch,ES-21911,5.0.2,java.lang.ArrayIndexOutOfBoundsException,43,62328,-1,0,
16,elasticsearch,ES-21911,5.0.2,java.lang.ArrayIndexOutOfBoundsException,43,62328,-1,0,
17,elasticsearch,ES-21911,5.0.2,java.lang.ArrayIndexOutOfBoundsException,43,62328,-1,0,
18,elasticsearch,ES-21911,5.0.2,java.lang.ArrayIndexOutOfBoundsException,43,62328,-1,0,
19,elasticsearch,ES-21911,5.0.2,java.lang.ArrayIndexOutOfBoundsException,43,62328,-1,0,
20,elasticsearch,ES-21911,5.0.2,java.lang.ArrayIndexOutOfBoundsException,43,62328,-1,0,
21,elasticsearch,ES-21911,5.0.2,java.lang.ArrayIndexOutOfBoundsException,43,62328,-1,0,
22,elasticsearch,ES-21911,5.0.2,java.lang.ArrayIndexOutOfBoundsException,43,62328,-1,0,
23,elasticsearch,ES-21911,5.0.2,java.lang.ArrayIndexOutOfBoundsException,43,62328,-1,0,
24,elasticsearch,ES-21911,5.0.2,java.lang.ArrayIndexOutOfBoundsException,43,62328,-1,0,
25,elasticsearch,ES-21911,5.0.2,java.lang.ArrayIndexOutOfBoundsException,43,62328,-1,0,
26,elasticsearch,ES-21911,5.0.2,java.lang.ArrayIndexOutOfBoundsException,43,62328,-1,0,
27,elasticsearch,ES-21911,5.0.2,java.lang.ArrayIndexOutOfBoundsException,43,62328,-1,0,
28,elasticsearch,ES-21911,5.0.2,java.lang.ArrayIndexOutOfBoundsException,43,62328,-1,0,
29,elasticsearch,ES-21911,5.0.2,java.lang.ArrayIndexOutOfBoundsException,43,62328,-1,0,
30,elasticsearch,ES-21911,5.0.2,java.lang.ArrayIndexOutOfBoundsException,43,62328,-1,0,
1,elasticsearch,ES-21911,5.0.2,java.lang.ArrayIndexOutOfBoundsException,44,62328,44.33333333333333,111,"[44.981818181818184,1][44.33333333333333,11]"
2,elasticsearch,ES-21911,5.0.2,java.lang.ArrayIndexOutOfBoundsException,44,62328,44.981818181818184,114,"[44.981818181818184,1]"
3,elasticsearch,ES-21911,5.0.2,java.lang.ArrayIndexOutOfBoundsException,44,62328,44.5,120,"[44.981818181818184,1][44.5,12]"
4,elasticsearch,ES-21911,5.0.2,java.lang.ArrayIndexOutOfBoundsException,44,62328,44.33333333333333,111,"[44.33333333333333,1]"
5,elasticsearch,ES-21911,5.0.2,java.lang.ArrayIndexOutOfBoundsException,44,62328,44.981818181818184,103,"[44.981818181818184,1]"
6,elasticsearch,ES-21911,5.0.2,java.lang.ArrayIndexOutOfBoundsException,44,62328,44.981818181818184,116,"[44.981818181818184,1]"
7,elasticsearch,ES-21911,5.0.2,java.lang.ArrayIndexOutOfBoundsException,44,62328,44.981818181818184,96,"[44.981818181818184,1]"
8,elasticsearch,ES-21911,5.0.2,java.lang.ArrayIndexOutOfBoundsException,44,62328,44.981818181818184,91,"[44.981818181818184,1]"
9,elasticsearch,ES-21911,5.0.2,java.lang.ArrayIndexOutOfBoundsException,44,62328,44.33333333333333,88,"[44.981818181818184,1][44.5,73][44.33333333333333,79]"
10,elasticsearch,ES-21911,5.0.2,java.lang.ArrayIndexOutOfBoundsException,44,62328,44.981818181818184,115,"[44.981818181818184,1]"
11,elasticsearch,ES-21911,5.0.2,java.lang.ArrayIndexOutOfBoundsException,44,62328,44.33333333333333,112,"[44.981818181818184,1][44.5,4][44.33333333333333,86]"
12,elasticsearch,ES-21911,5.0.2,java.lang.ArrayIndexOutOfBoundsException,44,62328,44.33333333333333,109,"[44.981818181818184,1][44.33333333333333,3]"
13,elasticsearch,ES-21911,5.0.2,java.lang.ArrayIndexOutOfBoundsException,44,62328,44.981818181818184,108,"[44.981818181818184,1]"
14,elasticsearch,ES-21911,5.0.2,java.lang.ArrayIndexOutOfBoundsException,44,62328,44.33333333333333,118,"[44.981818181818184,1][44.33333333333333,59]"
15,elasticsearch,ES-21911,5.0.2,java.lang.ArrayIndexOutOfBoundsException,44,62328,44.981818181818184,106,"[44.981818181818184,1]"
16,elasticsearch,ES-21911,5.0.2,java.lang.ArrayIndexOutOfBoundsException,44,62328,44.981818181818184,102,"[44.981818181818184,1]"
17,elasticsearch,ES-21911,5.0.2,java.lang.ArrayIndexOutOfBoundsException,44,62328,44.981818181818184,109,"[44.981818181818184,1]"
18,elasticsearch,ES-21911,5.0.2,java.lang.ArrayIndexOutOfBoundsException,44,62328,44.981818181818184,116,"[44.981818181818184,1]"
19,elasticsearch,ES-21911,5.0.2,java.lang.ArrayIndexOutOfBoundsException,44,62328,44.981818181818184,98,"[44.981818181818184,1]"
20,elasticsearch,ES-21911,5.0.2,java.lang.ArrayIndexOutOfBoundsException,44,62328,44.981818181818184,118,"[44.981818181818184,1]"
21,elasticsearch,ES-21911,5.0.2,java.lang.ArrayIndexOutOfBoundsException,44,62328,44.33333333333333,84,"[44.981818181818184,1][44.33333333333333,24]"
22,elasticsearch,ES-21911,5.0.2,java.lang.ArrayIndexOutOfBoundsException,44,62328,44.5,110,"[44.981818181818184,1][44.5,59]"
23,elasticsearch,ES-21911,5.0.2,java.lang.ArrayIndexOutOfBoundsException,44,62328,44.981818181818184,104,"[44.981818181818184,1]"
24,elasticsearch,ES-21911,5.0.2,java.lang.ArrayIndexOutOfBoundsException,44,62328,44.33333333333333,91,"[44.981818181818184,1][44.5,11][44.33333333333333,21]"
25,elasticsearch,ES-21911,5.0.2,java.lang.ArrayIndexOutOfBoundsException,44,62328,44.981818181818184,81,"[44.981818181818184,1]"
26,elasticsearch,ES-21911,5.0.2,java.lang.ArrayIndexOutOfBoundsException,44,62328,44.981818181818184,99,"[44.981818181818184,1]"
27,elasticsearch,ES-21911,5.0.2,java.lang.ArrayIndexOutOfBoundsException,44,62328,44.981818181818184,114,"[44.981818181818184,1]"
28,elasticsearch,ES-21911,5.0.2,java.lang.ArrayIndexOutOfBoundsException,44,62328,44.5,142,"[44.981818181818184,1][44.5,10]"
29,elasticsearch,ES-21911,5.0.2,java.lang.ArrayIndexOutOfBoundsException,44,62328,44.33333333333333,126,"[44.981818181818184,1][44.33333333333333,21]"
30,elasticsearch,ES-21911,5.0.2,java.lang.ArrayIndexOutOfBoundsException,44,62328,44.981818181818184,154,"[44.981818181818184,1]"
1,elasticsearch,ES-21911,5.0.2,java.lang.ArrayIndexOutOfBoundsException,45,62328,-1,0,
2,elasticsearch,ES-21911,5.0.2,java.lang.ArrayIndexOutOfBoundsException,45,62328,-1,0,
3,elasticsearch,ES-21911,5.0.2,java.lang.ArrayIndexOutOfBoundsException,45,62328,-1,0,
4,elasticsearch,ES-21911,5.0.2,java.lang.ArrayIndexOutOfBoundsException,45,62328,-1,0,
5,elasticsearch,ES-21911,5.0.2,java.lang.ArrayIndexOutOfBoundsException,45,62328,-1,0,
6,elasticsearch,ES-21911,5.0.2,java.lang.ArrayIndexOutOfBoundsException,45,62328,-1,0,
7,elasticsearch,ES-21911,5.0.2,java.lang.ArrayIndexOutOfBoundsException,45,62328,-1,0,
8,elasticsearch,ES-21911,5.0.2,java.lang.ArrayIndexOutOfBoundsException,45,62328,-1,0,
9,elasticsearch,ES-21911,5.0.2,java.lang.ArrayIndexOutOfBoundsException,45,62328,-1,0,
10,elasticsearch,ES-21911,5.0.2,java.lang.ArrayIndexOutOfBoundsException,45,62328,-1,0,
11,elasticsearch,ES-21911,5.0.2,java.lang.ArrayIndexOutOfBoundsException,45,62328,-1,0,
12,elasticsearch,ES-21911,5.0.2,java.lang.ArrayIndexOutOfBoundsException,45,62328,-1,0,
13,elasticsearch,ES-21911,5.0.2,java.lang.ArrayIndexOutOfBoundsException,45,62328,-1,0,
14,elasticsearch,ES-21911,5.0.2,java.lang.ArrayIndexOutOfBoundsException,45,62328,-1,0,
15,elasticsearch,ES-21911,5.0.2,java.lang.ArrayIndexOutOfBoundsException,45,62328,-1,0,
16,elasticsearch,ES-21911,5.0.2,java.lang.ArrayIndexOutOfBoundsException,45,62328,-1,0,
17,elasticsearch,ES-21911,5.0.2,java.lang.ArrayIndexOutOfBoundsException,45,62328,-1,0,
18,elasticsearch,ES-21911,5.0.2,java.lang.ArrayIndexOutOfBoundsException,45,62328,-1,0,
19,elasticsearch,ES-21911,5.0.2,java.lang.ArrayIndexOutOfBoundsException,45,62328,-1,0,
20,elasticsearch,ES-21911,5.0.2,java.lang.ArrayIndexOutOfBoundsException,45,62328,-1,0,
21,elasticsearch,ES-21911,5.0.2,java.lang.ArrayIndexOutOfBoundsException,45,62328,-1,0,
22,elasticsearch,ES-21911,5.0.2,java.lang.ArrayIndexOutOfBoundsException,45,62328,-1,0,
23,elasticsearch,ES-21911,5.0.2,java.lang.ArrayIndexOutOfBoundsException,45,62328,-1,0,
24,elasticsearch,ES-21911,5.0.2,java.lang.ArrayIndexOutOfBoundsException,45,62328,-1,0,
25,elasticsearch,ES-21911,5.0.2,java.lang.ArrayIndexOutOfBoundsException,45,62328,-1,0,
26,elasticsearch,ES-21911,5.0.2,java.lang.ArrayIndexOutOfBoundsException,45,62328,-1,0,
27,elasticsearch,ES-21911,5.0.2,java.lang.ArrayIndexOutOfBoundsException,45,62328,-1,0,
28,elasticsearch,ES-21911,5.0.2,java.lang.ArrayIndexOutOfBoundsException,45,62328,-1,0,
29,elasticsearch,ES-21911,5.0.2,java.lang.ArrayIndexOutOfBoundsException,45,62328,-1,0,
30,elasticsearch,ES-21911,5.0.2,java.lang.ArrayIndexOutOfBoundsException,45,62328,-1,0,
1,elasticsearch,ES-21911,5.0.2,java.lang.ArrayIndexOutOfBoundsException,46,62328,46.5,17607,"[46.5,1]"
2,elasticsearch,ES-21911,5.0.2,java.lang.ArrayIndexOutOfBoundsException,46,62328,46.5,19084,"[46.5,1]"
3,elasticsearch,ES-21911,5.0.2,java.lang.ArrayIndexOutOfBoundsException,46,62328,46.5,18252,"[46.5,1]"
4,elasticsearch,ES-21911,5.0.2,java.lang.ArrayIndexOutOfBoundsException,46,62328,46.5,17015,"[46.5,1]"
5,elasticsearch,ES-21911,5.0.2,java.lang.ArrayIndexOutOfBoundsException,46,62328,46.5,17485,"[46.5,1]"
6,elasticsearch,ES-21911,5.0.2,java.lang.ArrayIndexOutOfBoundsException,46,62328,46.5,16836,"[46.5,1]"
7,elasticsearch,ES-21911,5.0.2,java.lang.ArrayIndexOutOfBoundsException,46,62328,46.5,16071,"[46.5,1]"
8,elasticsearch,ES-21911,5.0.2,java.lang.ArrayIndexOutOfBoundsException,46,62328,46.5,15668,"[46.5,1]"
9,elasticsearch,ES-21911,5.0.2,java.lang.ArrayIndexOutOfBoundsException,46,62328,46.5,15612,"[46.5,1]"
10,elasticsearch,ES-21911,5.0.2,java.lang.ArrayIndexOutOfBoundsException,46,62328,46.5,16136,"[46.5,1]"
11,elasticsearch,ES-21911,5.0.2,java.lang.ArrayIndexOutOfBoundsException,46,62328,46.5,18175,"[46.5,1]"
12,elasticsearch,ES-21911,5.0.2,java.lang.ArrayIndexOutOfBoundsException,46,62328,46.5,19452,"[46.5,1]"
13,elasticsearch,ES-21911,5.0.2,java.lang.ArrayIndexOutOfBoundsException,46,62328,46.5,16311,"[46.5,1]"
14,elasticsearch,ES-21911,5.0.2,java.lang.ArrayIndexOutOfBoundsException,46,62328,46.5,17680,"[46.5,1]"
15,elasticsearch,ES-21911,5.0.2,java.lang.ArrayIndexOutOfBoundsException,46,62328,46.5,18557,"[46.5,1]"
16,elasticsearch,ES-21911,5.0.2,java.lang.ArrayIndexOutOfBoundsException,46,62328,46.5,15801,"[46.5,1]"
17,elasticsearch,ES-21911,5.0.2,java.lang.ArrayIndexOutOfBoundsException,46,62328,46.5,15602,"[46.5,1]"
18,elasticsearch,ES-21911,5.0.2,java.lang.ArrayIndexOutOfBoundsException,46,62328,46.5,18205,"[46.5,1]"
19,elasticsearch,ES-21911,5.0.2,java.lang.ArrayIndexOutOfBoundsException,46,62328,46.5,16443,"[46.5,1]"
20,elasticsearch,ES-21911,5.0.2,java.lang.ArrayIndexOutOfBoundsException,46,62328,46.5,16042,"[46.5,1]"
21,elasticsearch,ES-21911,5.0.2,java.lang.ArrayIndexOutOfBoundsException,46,62328,46.5,17062,"[46.5,1]"
22,elasticsearch,ES-21911,5.0.2,java.lang.ArrayIndexOutOfBoundsException,46,62328,46.5,16782,"[46.5,1]"
23,elasticsearch,ES-21911,5.0.2,java.lang.ArrayIndexOutOfBoundsException,46,62328,46.5,7669,"[46.5,1]"
24,elasticsearch,ES-21911,5.0.2,java.lang.ArrayIndexOutOfBoundsException,46,62328,46.5,16725,"[46.5,1]"
25,elasticsearch,ES-21911,5.0.2,java.lang.ArrayIndexOutOfBoundsException,46,62328,46.5,20076,"[46.5,1]"
26,elasticsearch,ES-21911,5.0.2,java.lang.ArrayIndexOutOfBoundsException,46,62328,46.5,15612,"[46.5,1]"
27,elasticsearch,ES-21911,5.0.2,java.lang.ArrayIndexOutOfBoundsException,46,62328,46.5,18923,"[46.5,1]"
28,elasticsearch,ES-21911,5.0.2,java.lang.ArrayIndexOutOfBoundsException,46,62328,46.5,7673,"[46.5,1]"
29,elasticsearch,ES-21911,5.0.2,java.lang.ArrayIndexOutOfBoundsException,46,62328,46.5,21349,"[46.5,1]"
30,elasticsearch,ES-21911,5.0.2,java.lang.ArrayIndexOutOfBoundsException,46,62328,46.5,24530,"[46.5,1]"
1,elasticsearch,ES-21911,5.0.2,java.lang.ArrayIndexOutOfBoundsException,47,62328,47.5,26723,"[47.5,1]"
2,elasticsearch,ES-21911,5.0.2,java.lang.ArrayIndexOutOfBoundsException,47,62328,47.5,18791,"[47.5,1]"
3,elasticsearch,ES-21911,5.0.2,java.lang.ArrayIndexOutOfBoundsException,47,62328,47.5,18685,"[47.5,1]"
4,elasticsearch,ES-21911,5.0.2,java.lang.ArrayIndexOutOfBoundsException,47,62328,47.5,26503,"[47.5,1]"
5,elasticsearch,ES-21911,5.0.2,java.lang.ArrayIndexOutOfBoundsException,47,62328,47.5,26103,"[47.5,1]"
6,elasticsearch,ES-21911,5.0.2,java.lang.ArrayIndexOutOfBoundsException,47,62328,47.5,25251,"[47.5,1]"
7,elasticsearch,ES-21911,5.0.2,java.lang.ArrayIndexOutOfBoundsException,47,62328,47.5,7366,"[47.5,1]"
8,elasticsearch,ES-21911,5.0.2,java.lang.ArrayIndexOutOfBoundsException,47,62328,47.5,7238,"[47.5,1]"
9,elasticsearch,ES-21911,5.0.2,java.lang.ArrayIndexOutOfBoundsException,47,62328,47.5,26055,"[47.5,1]"
10,elasticsearch,ES-21911,5.0.2,java.lang.ArrayIndexOutOfBoundsException,47,62328,47.5,5842,"[47.5,1]"
11,elasticsearch,ES-21911,5.0.2,java.lang.ArrayIndexOutOfBoundsException,47,62328,47.5,6456,"[47.5,1]"
12,elasticsearch,ES-21911,5.0.2,java.lang.ArrayIndexOutOfBoundsException,47,62328,47.5,20754,"[47.5,1]"
13,elasticsearch,ES-21911,5.0.2,java.lang.ArrayIndexOutOfBoundsException,47,62328,47.5,9975,"[47.5,1]"
14,elasticsearch,ES-21911,5.0.2,java.lang.ArrayIndexOutOfBoundsException,47,62328,47.5,3583,"[47.5,1]"
15,elasticsearch,ES-21911,5.0.2,java.lang.ArrayIndexOutOfBoundsException,47,62328,47.5,12785,"[47.5,1]"
16,elasticsearch,ES-21911,5.0.2,java.lang.ArrayIndexOutOfBoundsException,47,62328,47.5,27681,"[47.5,1]"
17,elasticsearch,ES-21911,5.0.2,java.lang.ArrayIndexOutOfBoundsException,47,62328,47.5,10070,"[47.5,1]"
18,elasticsearch,ES-21911,5.0.2,java.lang.ArrayIndexOutOfBoundsException,47,62328,47.5,22849,"[47.5,1]"
19,elasticsearch,ES-21911,5.0.2,java.lang.ArrayIndexOutOfBoundsException,47,62328,47.5,17097,"[47.5,1]"
20,elasticsearch,ES-21911,5.0.2,java.lang.ArrayIndexOutOfBoundsException,47,62328,47.5,9640,"[47.5,1]"
21,elasticsearch,ES-21911,5.0.2,java.lang.ArrayIndexOutOfBoundsException,47,62328,47.5,28994,"[47.5,1]"
22,elasticsearch,ES-21911,5.0.2,java.lang.ArrayIndexOutOfBoundsException,47,62328,47.5,28983,"[47.5,1]"
23,elasticsearch,ES-21911,5.0.2,java.lang.ArrayIndexOutOfBoundsException,47,62328,47.5,24809,"[47.5,1]"
24,elasticsearch,ES-21911,5.0.2,java.lang.ArrayIndexOutOfBoundsException,47,62328,47.5,11028,"[47.5,1]"
25,elasticsearch,ES-21911,5.0.2,java.lang.ArrayIndexOutOfBoundsException,47,62328,47.5,5802,"[47.5,1]"
26,elasticsearch,ES-21911,5.0.2,java.lang.ArrayIndexOutOfBoundsException,47,62328,47.5,6974,"[47.5,1]"
27,elasticsearch,ES-21911,5.0.2,java.lang.ArrayIndexOutOfBoundsException,47,62328,47.5,7848,"[47.5,1]"
28,elasticsearch,ES-21911,5.0.2,java.lang.ArrayIndexOutOfBoundsException,47,62328,47.5,8256,"[47.5,1]"
29,elasticsearch,ES-21911,5.0.2,java.lang.ArrayIndexOutOfBoundsException,47,62328,47.5,10669,"[47.5,1]"
30,elasticsearch,ES-21911,5.0.2,java.lang.ArrayIndexOutOfBoundsException,47,62328,47.5,15575,"[47.5,1]"
1,elasticsearch,ES-22786,2.4.0,java.lang.ArrayIndexOutOfBoundsException,1,62328,3.5,97,"[3.5,1]"
2,elasticsearch,ES-22786,2.4.0,java.lang.ArrayIndexOutOfBoundsException,1,62328,3.5,100,"[3.5,1]"
3,elasticsearch,ES-22786,2.4.0,java.lang.ArrayIndexOutOfBoundsException,1,62328,3.5,110,"[3.5,1]"
4,elasticsearch,ES-22786,2.4.0,java.lang.ArrayIndexOutOfBoundsException,1,62328,3.5,73,"[3.5,1]"
5,elasticsearch,ES-22786,2.4.0,java.lang.ArrayIndexOutOfBoundsException,1,62328,3.5,89,"[3.5,1]"
6,elasticsearch,ES-22786,2.4.0,java.lang.ArrayIndexOutOfBoundsException,1,62328,3.5,98,"[3.5,1]"
7,elasticsearch,ES-22786,2.4.0,java.lang.ArrayIndexOutOfBoundsException,1,62328,3.5,98,"[3.5,1]"
8,elasticsearch,ES-22786,2.4.0,java.lang.ArrayIndexOutOfBoundsException,1,62328,3.5,81,"[3.5,1]"
9,elasticsearch,ES-22786,2.4.0,java.lang.ArrayIndexOutOfBoundsException,1,62328,3.5,90,"[3.5,1]"
10,elasticsearch,ES-22786,2.4.0,java.lang.ArrayIndexOutOfBoundsException,1,62328,3.5,93,"[3.5,1]"
11,elasticsearch,ES-22786,2.4.0,java.lang.ArrayIndexOutOfBoundsException,1,62328,3.5,84,"[3.5,1]"
12,elasticsearch,ES-22786,2.4.0,java.lang.ArrayIndexOutOfBoundsException,1,62328,3.5,84,"[3.5,1]"
13,elasticsearch,ES-22786,2.4.0,java.lang.ArrayIndexOutOfBoundsException,1,62328,3.5,91,"[3.5,1]"
14,elasticsearch,ES-22786,2.4.0,java.lang.ArrayIndexOutOfBoundsException,1,62328,3.5,113,"[3.5,1]"
15,elasticsearch,ES-22786,2.4.0,java.lang.ArrayIndexOutOfBoundsException,1,62328,3.5,89,"[3.5,1]"
16,elasticsearch,ES-22786,2.4.0,java.lang.ArrayIndexOutOfBoundsException,1,62328,3.5,86,"[3.5,1]"
17,elasticsearch,ES-22786,2.4.0,java.lang.ArrayIndexOutOfBoundsException,1,62328,3.5,111,"[3.5,1]"
18,elasticsearch,ES-22786,2.4.0,java.lang.ArrayIndexOutOfBoundsException,1,62328,3.5,30,"[3.5,1]"
19,elasticsearch,ES-22786,2.4.0,java.lang.ArrayIndexOutOfBoundsException,1,62328,3.5,93,"[3.5,1]"
20,elasticsearch,ES-22786,2.4.0,java.lang.ArrayIndexOutOfBoundsException,1,62328,3.5,82,"[3.5,1]"
21,elasticsearch,ES-22786,2.4.0,java.lang.ArrayIndexOutOfBoundsException,1,62328,3.5,82,"[3.5,1]"
22,elasticsearch,ES-22786,2.4.0,java.lang.ArrayIndexOutOfBoundsException,1,62328,1.7142857142857144,130,"[3.5,1][1.7142857142857144,10]"
23,elasticsearch,ES-22786,2.4.0,java.lang.ArrayIndexOutOfBoundsException,1,62328,-1,0,
24,elasticsearch,ES-22786,2.4.0,java.lang.ArrayIndexOutOfBoundsException,1,62328,3.5,74,"[3.5,1]"
25,elasticsearch,ES-22786,2.4.0,java.lang.ArrayIndexOutOfBoundsException,1,62328,3.5,83,"[3.5,1]"
26,elasticsearch,ES-22786,2.4.0,java.lang.ArrayIndexOutOfBoundsException,1,62328,3.5,80,"[3.5,1]"
27,elasticsearch,ES-22786,2.4.0,java.lang.ArrayIndexOutOfBoundsException,1,62328,3.5,39,"[3.5,1]"
28,elasticsearch,ES-22786,2.4.0,java.lang.ArrayIndexOutOfBoundsException,1,62328,3.5,24,"[3.5,1]"
29,elasticsearch,ES-22786,2.4.0,java.lang.ArrayIndexOutOfBoundsException,1,62328,3.5,82,"[3.5,1]"
30,elasticsearch,ES-22786,2.4.0,java.lang.ArrayIndexOutOfBoundsException,1,62328,1.7142857142857144,86,"[3.5,1][1.7142857142857144,83]"
1,elasticsearch,ES-22786,2.4.0,java.lang.ArrayIndexOutOfBoundsException,2,62328,3.5,112,"[3.5,1]"
2,elasticsearch,ES-22786,2.4.0,java.lang.ArrayIndexOutOfBoundsException,2,62328,3.5,97,"[3.5,1]"
3,elasticsearch,ES-22786,2.4.0,java.lang.ArrayIndexOutOfBoundsException,2,62328,3.5,103,"[3.5,1]"
4,elasticsearch,ES-22786,2.4.0,java.lang.ArrayIndexOutOfBoundsException,2,62328,3.5,105,"[3.5,1]"
5,elasticsearch,ES-22786,2.4.0,java.lang.ArrayIndexOutOfBoundsException,2,62328,3.5,100,"[3.5,1]"
6,elasticsearch,ES-22786,2.4.0,java.lang.ArrayIndexOutOfBoundsException,2,62328,3.5,103,"[3.5,1]"
7,elasticsearch,ES-22786,2.4.0,java.lang.ArrayIndexOutOfBoundsException,2,62328,3.5,1,"[3.5,1]"
8,elasticsearch,ES-22786,2.4.0,java.lang.ArrayIndexOutOfBoundsException,2,62328,3.5,90,"[3.5,1]"
9,elasticsearch,ES-22786,2.4.0,java.lang.ArrayIndexOutOfBoundsException,2,62328,1.7142857142857144,111,"[3.5,1][1.7142857142857144,19]"
10,elasticsearch,ES-22786,2.4.0,java.lang.ArrayIndexOutOfBoundsException,2,62328,3.5,76,"[3.5,1]"
11,elasticsearch,ES-22786,2.4.0,java.lang.ArrayIndexOutOfBoundsException,2,62328,3.5,102,"[3.5,1]"
12,elasticsearch,ES-22786,2.4.0,java.lang.ArrayIndexOutOfBoundsException,2,62328,3.5,94,"[3.5,1]"
13,elasticsearch,ES-22786,2.4.0,java.lang.ArrayIndexOutOfBoundsException,2,62328,3.5,87,"[3.5,1]"
14,elasticsearch,ES-22786,2.4.0,java.lang.ArrayIndexOutOfBoundsException,2,62328,3.5,87,"[3.5,1]"
15,elasticsearch,ES-22786,2.4.0,java.lang.ArrayIndexOutOfBoundsException,2,62328,3.5,91,"[3.5,1]"
16,elasticsearch,ES-22786,2.4.0,java.lang.ArrayIndexOutOfBoundsException,2,62328,3.5,96,"[3.5,1]"
17,elasticsearch,ES-22786,2.4.0,java.lang.ArrayIndexOutOfBoundsException,2,62328,3.5,88,"[3.5,1]"
18,elasticsearch,ES-22786,2.4.0,java.lang.ArrayIndexOutOfBoundsException,2,62328,3.5,115,"[3.5,1]"
19,elasticsearch,ES-22786,2.4.0,java.lang.ArrayIndexOutOfBoundsException,2,62328,1.7142857142857144,108,"[3.5,1][1.7142857142857144,57]"
20,elasticsearch,ES-22786,2.4.0,java.lang.ArrayIndexOutOfBoundsException,2,62328,3.5,90,"[3.5,1]"
21,elasticsearch,ES-22786,2.4.0,java.lang.ArrayIndexOutOfBoundsException,2,62328,3.5,68,"[3.5,1]"
22,elasticsearch,ES-22786,2.4.0,java.lang.ArrayIndexOutOfBoundsException,2,62328,3.5,65,"[3.5,1]"
23,elasticsearch,ES-22786,2.4.0,java.lang.ArrayIndexOutOfBoundsException,2,62328,3.5,79,"[3.5,1]"
24,elasticsearch,ES-22786,2.4.0,java.lang.ArrayIndexOutOfBoundsException,2,62328,3.5,68,"[3.5,1]"
25,elasticsearch,ES-22786,2.4.0,java.lang.ArrayIndexOutOfBoundsException,2,62328,1.7142857142857144,106,"[3.5,1][1.7142857142857144,35]"
26,elasticsearch,ES-22786,2.4.0,java.lang.ArrayIndexOutOfBoundsException,2,62328,3.5,68,"[3.5,1]"
27,elasticsearch,ES-22786,2.4.0,java.lang.ArrayIndexOutOfBoundsException,2,62328,3.5,86,"[3.5,1]"
28,elasticsearch,ES-22786,2.4.0,java.lang.ArrayIndexOutOfBoundsException,2,62328,3.5,97,"[3.5,1]"
29,elasticsearch,ES-22786,2.4.0,java.lang.ArrayIndexOutOfBoundsException,2,62328,3.5,71,"[3.5,1]"
30,elasticsearch,ES-22786,2.4.0,java.lang.ArrayIndexOutOfBoundsException,2,62328,3.5,80,"[3.5,1]"
1,elasticsearch,ES-22786,2.4.0,java.lang.ArrayIndexOutOfBoundsException,3,62328,3.5,96,"[3.5,1]"
2,elasticsearch,ES-22786,2.4.0,java.lang.ArrayIndexOutOfBoundsException,3,62328,3.5,118,"[3.5,1]"
3,elasticsearch,ES-22786,2.4.0,java.lang.ArrayIndexOutOfBoundsException,3,62328,3.5,109,"[3.5,1]"
4,elasticsearch,ES-22786,2.4.0,java.lang.ArrayIndexOutOfBoundsException,3,62328,3.5,77,"[3.5,1]"
5,elasticsearch,ES-22786,2.4.0,java.lang.ArrayIndexOutOfBoundsException,3,62328,3.5,111,"[3.5,1]"
6,elasticsearch,ES-22786,2.4.0,java.lang.ArrayIndexOutOfBoundsException,3,62328,3.5,100,"[3.5,1]"
7,elasticsearch,ES-22786,2.4.0,java.lang.ArrayIndexOutOfBoundsException,3,62328,3.5,96,"[3.5,1]"
8,elasticsearch,ES-22786,2.4.0,java.lang.ArrayIndexOutOfBoundsException,3,62328,3.5,87,"[3.5,1]"
9,elasticsearch,ES-22786,2.4.0,java.lang.ArrayIndexOutOfBoundsException,3,62328,3.5,94,"[3.5,1]"
10,elasticsearch,ES-22786,2.4.0,java.lang.ArrayIndexOutOfBoundsException,3,62328,3.5,83,"[3.5,1]"
11,elasticsearch,ES-22786,2.4.0,java.lang.ArrayIndexOutOfBoundsException,3,62328,3.5,93,"[3.5,1]"
12,elasticsearch,ES-22786,2.4.0,java.lang.ArrayIndexOutOfBoundsException,3,62328,3.5,80,"[3.5,1]"
13,elasticsearch,ES-22786,2.4.0,java.lang.ArrayIndexOutOfBoundsException,3,62328,3.5,91,"[3.5,1]"
14,elasticsearch,ES-22786,2.4.0,java.lang.ArrayIndexOutOfBoundsException,3,62328,3.5,103,"[3.5,1]"
15,elasticsearch,ES-22786,2.4.0,java.lang.ArrayIndexOutOfBoundsException,3,62328,3.5,82,"[3.5,1]"
16,elasticsearch,ES-22786,2.4.0,java.lang.ArrayIndexOutOfBoundsException,3,62328,3.5,82,"[3.5,1]"
17,elasticsearch,ES-22786,2.4.0,java.lang.ArrayIndexOutOfBoundsException,3,62328,3.5,88,"[3.5,1]"
18,elasticsearch,ES-22786,2.4.0,java.lang.ArrayIndexOutOfBoundsException,3,62328,3.5,89,"[3.5,1]"
19,elasticsearch,ES-22786,2.4.0,java.lang.ArrayIndexOutOfBoundsException,3,62328,3.5,94,"[3.5,1]"
20,elasticsearch,ES-22786,2.4.0,java.lang.ArrayIndexOutOfBoundsException,3,62328,3.5,73,"[3.5,1]"
21,elasticsearch,ES-22786,2.4.0,java.lang.ArrayIndexOutOfBoundsException,3,62328,3.5,83,"[3.5,1]"
22,elasticsearch,ES-22786,2.4.0,java.lang.ArrayIndexOutOfBoundsException,3,62328,3.5,73,"[3.5,1]"
23,elasticsearch,ES-22786,2.4.0,java.lang.ArrayIndexOutOfBoundsException,3,62328,1.7142857142857144,85,"[3.5,1][1.7142857142857144,21]"
24,elasticsearch,ES-22786,2.4.0,java.lang.ArrayIndexOutOfBoundsException,3,62328,3.5,83,"[3.5,1]"
25,elasticsearch,ES-22786,2.4.0,java.lang.ArrayIndexOutOfBoundsException,3,62328,3.5,92,"[3.5,1]"
26,elasticsearch,ES-22786,2.4.0,java.lang.ArrayIndexOutOfBoundsException,3,62328,3.5,81,"[3.5,1]"
27,elasticsearch,ES-22786,2.4.0,java.lang.ArrayIndexOutOfBoundsException,3,62328,3.5,87,"[3.5,1]"
28,elasticsearch,ES-22786,2.4.0,java.lang.ArrayIndexOutOfBoundsException,3,62328,3.5,85,"[3.5,1]"
29,elasticsearch,ES-22786,2.4.0,java.lang.ArrayIndexOutOfBoundsException,3,62328,3.5,69,"[3.5,1]"
30,elasticsearch,ES-22786,2.4.0,java.lang.ArrayIndexOutOfBoundsException,3,62328,3.5,85,"[3.5,1]"
1,elasticsearch,ES-22786,2.4.0,java.lang.ArrayIndexOutOfBoundsException,4,62328,4.0,109,"[4.0,1]"
2,elasticsearch,ES-22786,2.4.0,java.lang.ArrayIndexOutOfBoundsException,4,62328,4.0,121,"[4.0,1]"
3,elasticsearch,ES-22786,2.4.0,java.lang.ArrayIndexOutOfBoundsException,4,62328,4.0,96,"[4.0,1]"
4,elasticsearch,ES-22786,2.4.0,java.lang.ArrayIndexOutOfBoundsException,4,62328,4.0,109,"[4.0,1]"
5,elasticsearch,ES-22786,2.4.0,java.lang.ArrayIndexOutOfBoundsException,4,62328,1.7142857142857144,117,"[4.0,1][1.7142857142857144,69]"
6,elasticsearch,ES-22786,2.4.0,java.lang.ArrayIndexOutOfBoundsException,4,62328,4.0,102,"[4.0,1]"
7,elasticsearch,ES-22786,2.4.0,java.lang.ArrayIndexOutOfBoundsException,4,62328,4.0,78,"[4.0,1]"
8,elasticsearch,ES-22786,2.4.0,java.lang.ArrayIndexOutOfBoundsException,4,62328,4.0,112,"[4.0,1]"
9,elasticsearch,ES-22786,2.4.0,java.lang.ArrayIndexOutOfBoundsException,4,62328,4.0,113,"[4.0,1]"
10,elasticsearch,ES-22786,2.4.0,java.lang.ArrayIndexOutOfBoundsException,4,62328,4.0,90,"[4.0,1]"
11,elasticsearch,ES-22786,2.4.0,java.lang.ArrayIndexOutOfBoundsException,4,62328,4.0,96,"[4.0,1]"
12,elasticsearch,ES-22786,2.4.0,java.lang.ArrayIndexOutOfBoundsException,4,62328,4.0,93,"[4.0,1]"
13,elasticsearch,ES-22786,2.4.0,java.lang.ArrayIndexOutOfBoundsException,4,62328,4.0,90,"[4.0,1]"
14,elasticsearch,ES-22786,2.4.0,java.lang.ArrayIndexOutOfBoundsException,4,62328,4.0,95,"[4.0,1]"
15,elasticsearch,ES-22786,2.4.0,java.lang.ArrayIndexOutOfBoundsException,4,62328,4.0,113,"[4.0,1]"
16,elasticsearch,ES-22786,2.4.0,java.lang.ArrayIndexOutOfBoundsException,4,62328,4.0,89,"[4.0,1]"
17,elasticsearch,ES-22786,2.4.0,java.lang.ArrayIndexOutOfBoundsException,4,62328,4.0,110,"[4.0,1]"
18,elasticsearch,ES-22786,2.4.0,java.lang.ArrayIndexOutOfBoundsException,4,62328,4.0,93,"[4.0,1]"
19,elasticsearch,ES-22786,2.4.0,java.lang.ArrayIndexOutOfBoundsException,4,62328,4.0,93,"[4.0,1]"
20,elasticsearch,ES-22786,2.4.0,java.lang.ArrayIndexOutOfBoundsException,4,62328,4.0,102,"[4.0,1]"
21,elasticsearch,ES-22786,2.4.0,java.lang.ArrayIndexOutOfBoundsException,4,62328,4.0,83,"[4.0,1]"
22,elasticsearch,ES-22786,2.4.0,java.lang.ArrayIndexOutOfBoundsException,4,62328,4.0,98,"[4.0,1]"
23,elasticsearch,ES-22786,2.4.0,java.lang.ArrayIndexOutOfBoundsException,4,62328,4.0,92,"[4.0,1]"
24,elasticsearch,ES-22786,2.4.0,java.lang.ArrayIndexOutOfBoundsException,4,62328,4.0,71,"[4.0,1]"
25,elasticsearch,ES-22786,2.4.0,java.lang.ArrayIndexOutOfBoundsException,4,62328,4.0,106,"[4.0,1]"
26,elasticsearch,ES-22786,2.4.0,java.lang.ArrayIndexOutOfBoundsException,4,62328,4.0,90,"[4.0,1]"
27,elasticsearch,ES-22786,2.4.0,java.lang.ArrayIndexOutOfBoundsException,4,62328,4.0,90,"[4.0,1]"
28,elasticsearch,ES-22786,2.4.0,java.lang.ArrayIndexOutOfBoundsException,4,62328,4.0,98,"[4.0,1]"
29,elasticsearch,ES-22786,2.4.0,java.lang.ArrayIndexOutOfBoundsException,4,62328,4.0,97,"[4.0,1]"
30,elasticsearch,ES-22786,2.4.0,java.lang.ArrayIndexOutOfBoundsException,4,62328,4.0,106,"[4.0,1]"
1,elasticsearch,ES-22786,2.4.0,java.lang.ArrayIndexOutOfBoundsException,5,62328,4.0,117,"[4.0,1]"
2,elasticsearch,ES-22786,2.4.0,java.lang.ArrayIndexOutOfBoundsException,5,62328,4.0,122,"[4.0,1]"
3,elasticsearch,ES-22786,2.4.0,java.lang.ArrayIndexOutOfBoundsException,5,62328,4.0,114,"[4.0,1]"
4,elasticsearch,ES-22786,2.4.0,java.lang.ArrayIndexOutOfBoundsException,5,62328,4.0,134,"[4.0,1]"
5,elasticsearch,ES-22786,2.4.0,java.lang.ArrayIndexOutOfBoundsException,5,62328,1.7142857142857144,122,"[4.0,1][1.7142857142857144,5]"
6,elasticsearch,ES-22786,2.4.0,java.lang.ArrayIndexOutOfBoundsException,5,62328,4.0,108,"[4.0,1]"
7,elasticsearch,ES-22786,2.4.0,java.lang.ArrayIndexOutOfBoundsException,5,62328,1.7142857142857144,116,"[4.0,1][1.7142857142857144,62]"
8,elasticsearch,ES-22786,2.4.0,java.lang.ArrayIndexOutOfBoundsException,5,62328,4.0,114,"[4.0,1]"
9,elasticsearch,ES-22786,2.4.0,java.lang.ArrayIndexOutOfBoundsException,5,62328,4.0,109,"[4.0,1]"
10,elasticsearch,ES-22786,2.4.0,java.lang.ArrayIndexOutOfBoundsException,5,62328,4.0,94,"[4.0,1]"
11,elasticsearch,ES-22786,2.4.0,java.lang.ArrayIndexOutOfBoundsException,5,62328,4.0,98,"[4.0,1]"
12,elasticsearch,ES-22786,2.4.0,java.lang.ArrayIndexOutOfBoundsException,5,62328,4.0,69,"[4.0,1]"
13,elasticsearch,ES-22786,2.4.0,java.lang.ArrayIndexOutOfBoundsException,5,62328,4.0,82,"[4.0,1]"
14,elasticsearch,ES-22786,2.4.0,java.lang.ArrayIndexOutOfBoundsException,5,62328,4.0,102,"[4.0,1]"
15,elasticsearch,ES-22786,2.4.0,java.lang.ArrayIndexOutOfBoundsException,5,62328,4.0,86,"[4.0,1]"
16,elasticsearch,ES-22786,2.4.0,java.lang.ArrayIndexOutOfBoundsException,5,62328,4.0,113,"[4.0,1]"
17,elasticsearch,ES-22786,2.4.0,java.lang.ArrayIndexOutOfBoundsException,5,62328,4.0,104,"[4.0,1]"
18,elasticsearch,ES-22786,2.4.0,java.lang.ArrayIndexOutOfBoundsException,5,62328,4.0,85,"[4.0,1]"
19,elasticsearch,ES-22786,2.4.0,java.lang.ArrayIndexOutOfBoundsException,5,62328,4.0,85,"[4.0,1]"
20,elasticsearch,ES-22786,2.4.0,java.lang.ArrayIndexOutOfBoundsException,5,62328,4.0,100,"[4.0,1]"
21,elasticsearch,ES-22786,2.4.0,java.lang.ArrayIndexOutOfBoundsException,5,62328,1.7142857142857144,76,"[4.0,1][1.7142857142857144,49]"
22,elasticsearch,ES-22786,2.4.0,java.lang.ArrayIndexOutOfBoundsException,5,62328,4.0,111,"[4.0,1]"
23,elasticsearch,ES-22786,2.4.0,java.lang.ArrayIndexOutOfBoundsException,5,62328,4.0,85,"[4.0,1]"
24,elasticsearch,ES-22786,2.4.0,java.lang.ArrayIndexOutOfBoundsException,5,62328,1.7142857142857144,87,"[4.0,1][1.7142857142857144,55]"
25,elasticsearch,ES-22786,2.4.0,java.lang.ArrayIndexOutOfBoundsException,5,62328,4.0,94,"[4.0,1]"
26,elasticsearch,ES-22786,2.4.0,java.lang.ArrayIndexOutOfBoundsException,5,62328,4.0,85,"[4.0,1]"
27,elasticsearch,ES-22786,2.4.0,java.lang.ArrayIndexOutOfBoundsException,5,62328,4.0,97,"[4.0,1]"
28,elasticsearch,ES-22786,2.4.0,java.lang.ArrayIndexOutOfBoundsException,5,62328,4.0,67,"[4.0,1]"
29,elasticsearch,ES-22786,2.4.0,java.lang.ArrayIndexOutOfBoundsException,5,62328,4.0,85,"[4.0,1]"
30,elasticsearch,ES-22786,2.4.0,java.lang.ArrayIndexOutOfBoundsException,5,62328,4.0,82,"[4.0,1]"
1,elasticsearch,ES-22786,2.4.0,java.lang.ArrayIndexOutOfBoundsException,6,62328,6.5,407,"[6.5,1]"
2,elasticsearch,ES-22786,2.4.0,java.lang.ArrayIndexOutOfBoundsException,6,62328,6.5,643,"[6.666666666666666,1][6.5,2]"
3,elasticsearch,ES-22786,2.4.0,java.lang.ArrayIndexOutOfBoundsException,6,62328,6.5,3,"[6.996402877697841,1][6.5,2]"
4,elasticsearch,ES-22786,2.4.0,java.lang.ArrayIndexOutOfBoundsException,6,62328,6.5,693,"[6.996402877697841,1][6.666666666666666,7][6.5,34]"
5,elasticsearch,ES-22786,2.4.0,java.lang.ArrayIndexOutOfBoundsException,6,62328,6.5,730,"[6.996402877697841,1][6.5,2]"
6,elasticsearch,ES-22786,2.4.0,java.lang.ArrayIndexOutOfBoundsException,6,62328,6.5,657,"[6.5,1]"
7,elasticsearch,ES-22786,2.4.0,java.lang.ArrayIndexOutOfBoundsException,6,62328,6.5,613,"[6.5,1]"
8,elasticsearch,ES-22786,2.4.0,java.lang.ArrayIndexOutOfBoundsException,6,62328,6.5,468,"[6.5,1]"
9,elasticsearch,ES-22786,2.4.0,java.lang.ArrayIndexOutOfBoundsException,6,62328,6.5,549,"[6.5,1]"
10,elasticsearch,ES-22786,2.4.0,java.lang.ArrayIndexOutOfBoundsException,6,62328,6.5,593,"[6.5,1]"
11,elasticsearch,ES-22786,2.4.0,java.lang.ArrayIndexOutOfBoundsException,6,62328,6.5,686,"[6.5,1]"
12,elasticsearch,ES-22786,2.4.0,java.lang.ArrayIndexOutOfBoundsException,6,62328,6.5,623,"[6.5,1]"
13,elasticsearch,ES-22786,2.4.0,java.lang.ArrayIndexOutOfBoundsException,6,62328,6.5,545,"[6.5,1]"
14,elasticsearch,ES-22786,2.4.0,java.lang.ArrayIndexOutOfBoundsException,6,62328,6.5,375,"[6.996402877697841,1][6.5,2]"
15,elasticsearch,ES-22786,2.4.0,java.lang.ArrayIndexOutOfBoundsException,6,62328,6.5,363,"[6.5,1]"
16,elasticsearch,ES-22786,2.4.0,java.lang.ArrayIndexOutOfBoundsException,6,62328,6.5,556,"[6.996402877697841,1][6.5,4]"
17,elasticsearch,ES-22786,2.4.0,java.lang.ArrayIndexOutOfBoundsException,6,62328,6.5,554,"[6.5,1]"
18,elasticsearch,ES-22786,2.4.0,java.lang.ArrayIndexOutOfBoundsException,6,62328,6.5,632,"[6.5,1]"
19,elasticsearch,ES-22786,2.4.0,java.lang.ArrayIndexOutOfBoundsException,6,62328,6.5,519,"[6.5,1]"
20,elasticsearch,ES-22786,2.4.0,java.lang.ArrayIndexOutOfBoundsException,6,62328,6.5,583,"[6.996402877697841,1][6.5,2]"
21,elasticsearch,ES-22786,2.4.0,java.lang.ArrayIndexOutOfBoundsException,6,62328,6.5,568,"[6.5,1]"
22,elasticsearch,ES-22786,2.4.0,java.lang.ArrayIndexOutOfBoundsException,6,62328,6.5,601,"[6.5,1]"
23,elasticsearch,ES-22786,2.4.0,java.lang.ArrayIndexOutOfBoundsException,6,62328,6.5,469,"[6.5,1]"
24,elasticsearch,ES-22786,2.4.0,java.lang.ArrayIndexOutOfBoundsException,6,62328,6.5,660,"[6.5,1]"
25,elasticsearch,ES-22786,2.4.0,java.lang.ArrayIndexOutOfBoundsException,6,62328,6.5,572,"[6.5,1]"
26,elasticsearch,ES-22786,2.4.0,java.lang.ArrayIndexOutOfBoundsException,6,62328,6.5,133,"[6.5,1]"
27,elasticsearch,ES-22786,2.4.0,java.lang.ArrayIndexOutOfBoundsException,6,62328,6.5,461,"[6.5,1]"
28,elasticsearch,ES-22786,2.4.0,java.lang.ArrayIndexOutOfBoundsException,6,62328,6.5,57,"[6.5,1]"
29,elasticsearch,ES-22786,2.4.0,java.lang.ArrayIndexOutOfBoundsException,6,62328,6.5,523,"[6.5,1]"
30,elasticsearch,ES-22786,2.4.0,java.lang.ArrayIndexOutOfBoundsException,6,62328,6.666666666666666,472,"[6.666666666666666,1]"
1,elasticsearch,ES-23324,5.1.1,java.lang.ArrayIndexOutOfBoundsException,1,62328,1.9917355371900827,1,"[1.9917355371900827,1]"
2,elasticsearch,ES-23324,5.1.1,java.lang.ArrayIndexOutOfBoundsException,1,62328,1.75,200,"[1.9917355371900827,1][1.8181818181818183,5][1.75,54]"
3,elasticsearch,ES-23324,5.1.1,java.lang.ArrayIndexOutOfBoundsException,1,62328,1.75,236,"[1.9917355371900827,1][1.8181818181818183,38][1.75,99]"
4,elasticsearch,ES-23324,5.1.1,java.lang.ArrayIndexOutOfBoundsException,1,62328,1.75,238,"[1.9917355371900827,1][1.8333333333333335,14][1.8181818181818183,17][1.75,29]"
5,elasticsearch,ES-23324,5.1.1,java.lang.ArrayIndexOutOfBoundsException,1,62328,1.75,208,"[1.9917355371900827,1][1.8181818181818183,33][1.75,92]"
6,elasticsearch,ES-23324,5.1.1,java.lang.ArrayIndexOutOfBoundsException,1,62328,1.75,229,"[1.9917355371900827,1][1.8181818181818183,20][1.75,79]"
7,elasticsearch,ES-23324,5.1.1,java.lang.ArrayIndexOutOfBoundsException,1,62328,1.75,227,"[1.9917355371900827,1][1.8181818181818183,2][1.75,24]"
8,elasticsearch,ES-23324,5.1.1,java.lang.ArrayIndexOutOfBoundsException,1,62328,1.75,194,"[1.9917355371900827,1][1.8181818181818183,11][1.75,49]"
9,elasticsearch,ES-23324,5.1.1,java.lang.ArrayIndexOutOfBoundsException,1,62328,1.7142857142857144,188,"[1.9917355371900827,1][1.8181818181818183,9][1.75,99][1.7142857142857144,178]"
10,elasticsearch,ES-23324,5.1.1,java.lang.ArrayIndexOutOfBoundsException,1,62328,1.7142857142857144,214,"[1.9917355371900827,1][1.8181818181818183,7][1.75,65][1.7142857142857144,193]"
11,elasticsearch,ES-23324,5.1.1,java.lang.ArrayIndexOutOfBoundsException,1,62328,1.8181818181818183,222,"[1.9917355371900827,1][1.8181818181818183,15]"
12,elasticsearch,ES-23324,5.1.1,java.lang.ArrayIndexOutOfBoundsException,1,62328,1.75,215,"[1.9917355371900827,1][1.8181818181818183,25][1.75,52]"
13,elasticsearch,ES-23324,5.1.1,java.lang.ArrayIndexOutOfBoundsException,1,62328,1.0,189,"[1.9917355371900827,1][1.8181818181818183,18][1.75,25][1.7142857142857144,123][1.3333333333333333,173][1.0,179]"
14,elasticsearch,ES-23324,5.1.1,java.lang.ArrayIndexOutOfBoundsException,1,62328,1.75,192,"[1.9917355371900827,1][1.8181818181818183,2][1.75,60]"
15,elasticsearch,ES-23324,5.1.1,java.lang.ArrayIndexOutOfBoundsException,1,62328,1.8181818181818183,187,"[1.9917355371900827,1][1.8181818181818183,12]"
16,elasticsearch,ES-23324,5.1.1,java.lang.ArrayIndexOutOfBoundsException,1,62328,1.75,196,"[1.9917355371900827,1][1.8333333333333335,4][1.8181818181818183,7][1.75,46]"
17,elasticsearch,ES-23324,5.1.1,java.lang.ArrayIndexOutOfBoundsException,1,62328,1.75,197,"[1.9917355371900827,1][1.8181818181818183,10][1.75,58]"
18,elasticsearch,ES-23324,5.1.1,java.lang.ArrayIndexOutOfBoundsException,1,62328,1.75,219,"[1.9917355371900827,1][1.8181818181818183,2][1.75,12]"
19,elasticsearch,ES-23324,5.1.1,java.lang.ArrayIndexOutOfBoundsException,1,62328,1.0,213,"[1.9917355371900827,1][1.8181818181818183,11][1.75,32][1.7142857142857144,109][1.3333333333333333,115][1.0,119]"
20,elasticsearch,ES-23324,5.1.1,java.lang.ArrayIndexOutOfBoundsException,1,62328,1.75,239,"[1.9917355371900827,1][1.8181818181818183,4][1.75,19]"
21,elasticsearch,ES-23324,5.1.1,java.lang.ArrayIndexOutOfBoundsException,1,62328,1.75,219,"[1.9917355371900827,1][1.8181818181818183,4][1.75,88]"
22,elasticsearch,ES-23324,5.1.1,java.lang.ArrayIndexOutOfBoundsException,1,62328,1.75,226,"[1.9917355371900827,1][1.8181818181818183,13][1.75,53]"
23,elasticsearch,ES-23324,5.1.1,java.lang.ArrayIndexOutOfBoundsException,1,62328,1.75,237,"[1.8181818181818183,1][1.75,120]"
24,elasticsearch,ES-23324,5.1.1,java.lang.ArrayIndexOutOfBoundsException,1,62328,1.75,237,"[1.9917355371900827,1][1.8181818181818183,14][1.75,35]"
25,elasticsearch,ES-23324,5.1.1,java.lang.ArrayIndexOutOfBoundsException,1,62328,1.75,213,"[1.9917355371900827,1][1.8181818181818183,12][1.75,85]"
26,elasticsearch,ES-23324,5.1.1,java.lang.ArrayIndexOutOfBoundsException,1,62328,0.0,248,"[1.9917355371900827,1][1.8181818181818183,10][1.75,44][1.7142857142857144,61][1.3333333333333333,161][1.0,173][0.0,248]"
27,elasticsearch,ES-23324,5.1.1,java.lang.ArrayIndexOutOfBoundsException,1,62328,1.8181818181818183,220,"[1.9917355371900827,1][1.8181818181818183,23]"
28,elasticsearch,ES-23324,5.1.1,java.lang.ArrayIndexOutOfBoundsException,1,62328,1.75,227,"[1.9917355371900827,1][1.8181818181818183,26][1.75,131]"
29,elasticsearch,ES-23324,5.1.1,java.lang.ArrayIndexOutOfBoundsException,1,62328,1.75,267,"[1.8181818181818183,1][1.75,8]"
30,elasticsearch,ES-23324,5.1.1,java.lang.ArrayIndexOutOfBoundsException,1,62328,1.75,227,"[1.9917355371900827,1][1.8181818181818183,24][1.75,154]"
1,elasticsearch,ES-23324,5.1.1,java.lang.ArrayIndexOutOfBoundsException,2,62328,2.5,950,"[2.5,1]"
2,elasticsearch,ES-23324,5.1.1,java.lang.ArrayIndexOutOfBoundsException,2,62328,2.5,971,"[2.5,1]"
3,elasticsearch,ES-23324,5.1.1,java.lang.ArrayIndexOutOfBoundsException,2,62328,2.5,410,"[2.5,1]"
4,elasticsearch,ES-23324,5.1.1,java.lang.ArrayIndexOutOfBoundsException,2,62328,2.5,891,"[2.5,1]"
5,elasticsearch,ES-23324,5.1.1,java.lang.ArrayIndexOutOfBoundsException,2,62328,2.5,802,"[2.5,1]"
6,elasticsearch,ES-23324,5.1.1,java.lang.ArrayIndexOutOfBoundsException,2,62328,2.5,804,"[2.5,1]"
7,elasticsearch,ES-23324,5.1.1,java.lang.ArrayIndexOutOfBoundsException,2,62328,2.5,818,"[2.5,1]"
8,elasticsearch,ES-23324,5.1.1,java.lang.ArrayIndexOutOfBoundsException,2,62328,2.5,747,"[2.5,1]"
9,elasticsearch,ES-23324,5.1.1,java.lang.ArrayIndexOutOfBoundsException,2,62328,2.5,666,"[2.5,1]"
10,elasticsearch,ES-23324,5.1.1,java.lang.ArrayIndexOutOfBoundsException,2,62328,2.5,827,"[2.5,1]"
11,elasticsearch,ES-23324,5.1.1,java.lang.ArrayIndexOutOfBoundsException,2,62328,2.5,903,"[2.5,1]"
12,elasticsearch,ES-23324,5.1.1,java.lang.ArrayIndexOutOfBoundsException,2,62328,2.5,815,"[2.5,1]"
13,elasticsearch,ES-23324,5.1.1,java.lang.ArrayIndexOutOfBoundsException,2,62328,2.5,832,"[2.5,1]"
14,elasticsearch,ES-23324,5.1.1,java.lang.ArrayIndexOutOfBoundsException,2,62328,2.5,954,"[2.5,1]"
15,elasticsearch,ES-23324,5.1.1,java.lang.ArrayIndexOutOfBoundsException,2,62328,2.5,838,"[2.5,1]"
16,elasticsearch,ES-23324,5.1.1,java.lang.ArrayIndexOutOfBoundsException,2,62328,2.5,952,"[2.5,1]"
17,elasticsearch,ES-23324,5.1.1,java.lang.ArrayIndexOutOfBoundsException,2,62328,2.5,704,"[2.5,1]"
18,elasticsearch,ES-23324,5.1.1,java.lang.ArrayIndexOutOfBoundsException,2,62328,2.5,898,"[2.5,1]"
19,elasticsearch,ES-23324,5.1.1,java.lang.ArrayIndexOutOfBoundsException,2,62328,2.5,858,"[2.5,1]"
20,elasticsearch,ES-23324,5.1.1,java.lang.ArrayIndexOutOfBoundsException,2,62328,2.5,850,"[2.5,1]"
21,elasticsearch,ES-23324,5.1.1,java.lang.ArrayIndexOutOfBoundsException,2,62328,2.5,850,"[2.5,1]"
22,elasticsearch,ES-23324,5.1.1,java.lang.ArrayIndexOutOfBoundsException,2,62328,2.5,885,"[2.5,1]"
23,elasticsearch,ES-23324,5.1.1,java.lang.ArrayIndexOutOfBoundsException,2,62328,2.5,763,"[2.5,1]"
24,elasticsearch,ES-23324,5.1.1,java.lang.ArrayIndexOutOfBoundsException,2,62328,2.5,896,"[2.5,1]"
25,elasticsearch,ES-23324,5.1.1,java.lang.ArrayIndexOutOfBoundsException,2,62328,2.5,914,"[2.5,1]"
26,elasticsearch,ES-23324,5.1.1,java.lang.ArrayIndexOutOfBoundsException,2,62328,2.5,928,"[2.5,1]"
27,elasticsearch,ES-23324,5.1.1,java.lang.ArrayIndexOutOfBoundsException,2,62328,2.5,250,"[2.5,1]"
28,elasticsearch,ES-23324,5.1.1,java.lang.ArrayIndexOutOfBoundsException,2,62328,2.5,908,"[2.5,1]"
29,elasticsearch,ES-23324,5.1.1,java.lang.ArrayIndexOutOfBoundsException,2,62328,2.5,966,"[2.5,1]"
30,elasticsearch,ES-23324,5.1.1,java.lang.ArrayIndexOutOfBoundsException,2,62328,2.5,1000,"[2.5,1]"
1,elasticsearch,ES-24674,5.3.0,java.lang.ArrayIndexOutOfBoundsException,6,62328,6.75,302,"[6.75,1]"
2,elasticsearch,ES-24674,5.3.0,java.lang.ArrayIndexOutOfBoundsException,6,62328,6.75,1212,"[6.75,1]"
3,elasticsearch,ES-24674,5.3.0,java.lang.ArrayIndexOutOfBoundsException,6,62328,6.75,1034,"[6.75,1]"
4,elasticsearch,ES-24674,5.3.0,java.lang.ArrayIndexOutOfBoundsException,6,62328,6.75,938,"[6.75,1]"
5,elasticsearch,ES-24674,5.3.0,java.lang.ArrayIndexOutOfBoundsException,6,62328,6.75,3434,"[6.999134948096886,1][6.75,2]"
6,elasticsearch,ES-24674,5.3.0,java.lang.ArrayIndexOutOfBoundsException,6,62328,6.75,4273,"[6.75,1]"
7,elasticsearch,ES-24674,5.3.0,java.lang.ArrayIndexOutOfBoundsException,6,62328,6.75,3102,"[6.75,1]"
8,elasticsearch,ES-24674,5.3.0,java.lang.ArrayIndexOutOfBoundsException,6,62328,6.75,4124,"[6.75,1]"
9,elasticsearch,ES-24674,5.3.0,java.lang.ArrayIndexOutOfBoundsException,6,62328,6.75,703,"[6.75,1]"
10,elasticsearch,ES-24674,5.3.0,java.lang.ArrayIndexOutOfBoundsException,6,62328,6.75,131,"[6.75,1]"
11,elasticsearch,ES-24674,5.3.0,java.lang.ArrayIndexOutOfBoundsException,6,62328,6.75,3969,"[6.75,1]"
12,elasticsearch,ES-24674,5.3.0,java.lang.ArrayIndexOutOfBoundsException,6,62328,6.75,3442,"[6.75,1]"
13,elasticsearch,ES-24674,5.3.0,java.lang.ArrayIndexOutOfBoundsException,6,62328,6.75,2940,"[6.75,1]"
14,elasticsearch,ES-24674,5.3.0,java.lang.ArrayIndexOutOfBoundsException,6,62328,6.75,3269,"[6.999134948096886,1][6.75,2]"
15,elasticsearch,ES-24674,5.3.0,java.lang.ArrayIndexOutOfBoundsException,6,62328,6.75,3576,"[6.75,1]"
16,elasticsearch,ES-24674,5.3.0,java.lang.ArrayIndexOutOfBoundsException,6,62328,6.75,3536,"[6.999134948096886,1][6.75,2]"
17,elasticsearch,ES-24674,5.3.0,java.lang.ArrayIndexOutOfBoundsException,6,62328,6.75,3258,"[6.75,1]"
18,elasticsearch,ES-24674,5.3.0,java.lang.ArrayIndexOutOfBoundsException,6,62328,6.75,3450,"[6.999134948096886,1][6.75,3]"
19,elasticsearch,ES-24674,5.3.0,java.lang.ArrayIndexOutOfBoundsException,6,62328,6.75,3607,"[6.75,1]"
20,elasticsearch,ES-24674,5.3.0,java.lang.ArrayIndexOutOfBoundsException,6,62328,6.75,4317,"[6.75,1]"
21,elasticsearch,ES-24674,5.3.0,java.lang.ArrayIndexOutOfBoundsException,6,62328,6.75,3422,"[6.75,1]"
22,elasticsearch,ES-24674,5.3.0,java.lang.ArrayIndexOutOfBoundsException,6,62328,6.75,3831,"[6.75,1]"
23,elasticsearch,ES-24674,5.3.0,java.lang.ArrayIndexOutOfBoundsException,6,62328,6.75,3556,"[6.75,1]"
24,elasticsearch,ES-24674,5.3.0,java.lang.ArrayIndexOutOfBoundsException,6,62328,6.75,4070,"[6.75,1]"
25,elasticsearch,ES-24674,5.3.0,java.lang.ArrayIndexOutOfBoundsException,6,62328,6.75,3584,"[6.75,1]"
26,elasticsearch,ES-24674,5.3.0,java.lang.ArrayIndexOutOfBoundsException,6,62328,6.75,4198,"[6.75,1]"
27,elasticsearch,ES-24674,5.3.0,java.lang.ArrayIndexOutOfBoundsException,6,62328,6.75,3544,"[6.75,1]"
28,elasticsearch,ES-24674,5.3.0,java.lang.ArrayIndexOutOfBoundsException,6,62328,6.75,3767,"[6.75,1]"
29,elasticsearch,ES-24674,5.3.0,java.lang.ArrayIndexOutOfBoundsException,6,62328,6.75,3935,"[6.75,1]"
30,elasticsearch,ES-24674,5.3.0,java.lang.ArrayIndexOutOfBoundsException,6,62328,6.75,3069,"[6.75,1]"
1,elasticsearch,ES-24674,5.3.0,java.lang.ArrayIndexOutOfBoundsException,7,62328,7.984615384615385,100,"[7.984615384615385,1]"
2,elasticsearch,ES-24674,5.3.0,java.lang.ArrayIndexOutOfBoundsException,7,62328,7.984615384615385,339,"[7.984615384615385,1]"
3,elasticsearch,ES-24674,5.3.0,java.lang.ArrayIndexOutOfBoundsException,7,62328,7.984615384615385,555,"[7.984615384615385,1]"
4,elasticsearch,ES-24674,5.3.0,java.lang.ArrayIndexOutOfBoundsException,7,62328,7.984615384615385,734,"[7.984615384615385,1]"
5,elasticsearch,ES-24674,5.3.0,java.lang.ArrayIndexOutOfBoundsException,7,62328,7.984615384615385,129,"[7.984615384615385,1]"
6,elasticsearch,ES-24674,5.3.0,java.lang.ArrayIndexOutOfBoundsException,7,62328,7.984615384615385,409,"[7.984615384615385,1]"
7,elasticsearch,ES-24674,5.3.0,java.lang.ArrayIndexOutOfBoundsException,7,62328,7.984615384615385,10,"[7.984615384615385,1]"
8,elasticsearch,ES-24674,5.3.0,java.lang.ArrayIndexOutOfBoundsException,7,62328,7.984615384615385,63,"[7.984615384615385,1]"
9,elasticsearch,ES-24674,5.3.0,java.lang.ArrayIndexOutOfBoundsException,7,62328,7.984615384615385,612,"[7.984615384615385,1]"
10,elasticsearch,ES-24674,5.3.0,java.lang.ArrayIndexOutOfBoundsException,7,62328,7.984615384615385,67,"[7.984615384615385,1]"
11,elasticsearch,ES-24674,5.3.0,java.lang.ArrayIndexOutOfBoundsException,7,62328,7.984615384615385,29,"[7.984615384615385,1]"
12,elasticsearch,ES-24674,5.3.0,java.lang.ArrayIndexOutOfBoundsException,7,62328,7.984615384615385,116,"[7.984615384615385,1]"
13,elasticsearch,ES-24674,5.3.0,java.lang.ArrayIndexOutOfBoundsException,7,62328,7.984615384615385,406,"[7.984615384615385,1]"
14,elasticsearch,ES-24674,5.3.0,java.lang.ArrayIndexOutOfBoundsException,7,62328,7.984615384615385,67,"[7.984615384615385,1]"
15,elasticsearch,ES-24674,5.3.0,java.lang.ArrayIndexOutOfBoundsException,7,62328,7.984615384615385,36,"[7.984615384615385,1]"
16,elasticsearch,ES-24674,5.3.0,java.lang.ArrayIndexOutOfBoundsException,7,62328,7.984615384615385,546,"[7.984615384615385,1]"
17,elasticsearch,ES-24674,5.3.0,java.lang.ArrayIndexOutOfBoundsException,7,62328,7.984615384615385,400,"[7.984615384615385,1]"
18,elasticsearch,ES-24674,5.3.0,java.lang.ArrayIndexOutOfBoundsException,7,62328,7.984615384615385,159,"[7.984615384615385,1]"
19,elasticsearch,ES-24674,5.3.0,java.lang.ArrayIndexOutOfBoundsException,7,62328,7.984615384615385,50,"[7.984615384615385,1]"
20,elasticsearch,ES-24674,5.3.0,java.lang.ArrayIndexOutOfBoundsException,7,62328,7.984615384615385,335,"[7.984615384615385,1]"
21,elasticsearch,ES-24674,5.3.0,java.lang.ArrayIndexOutOfBoundsException,7,62328,7.984615384615385,308,"[7.984615384615385,1]"
22,elasticsearch,ES-24674,5.3.0,java.lang.ArrayIndexOutOfBoundsException,7,62328,7.984615384615385,27,"[7.984615384615385,1]"
23,elasticsearch,ES-24674,5.3.0,java.lang.ArrayIndexOutOfBoundsException,7,62328,7.984615384615385,244,"[7.984615384615385,1]"
24,elasticsearch,ES-24674,5.3.0,java.lang.ArrayIndexOutOfBoundsException,7,62328,7.984615384615385,123,"[7.984615384615385,1]"
25,elasticsearch,ES-24674,5.3.0,java.lang.ArrayIndexOutOfBoundsException,7,62328,7.984615384615385,166,"[7.984615384615385,1]"
26,elasticsearch,ES-24674,5.3.0,java.lang.ArrayIndexOutOfBoundsException,7,62328,7.984615384615385,721,"[7.984615384615385,1]"
27,elasticsearch,ES-24674,5.3.0,java.lang.ArrayIndexOutOfBoundsException,7,62328,7.984615384615385,1,"[7.984615384615385,1]"
28,elasticsearch,ES-24674,5.3.0,java.lang.ArrayIndexOutOfBoundsException,7,62328,7.984615384615385,353,"[7.984615384615385,1]"
29,elasticsearch,ES-24674,5.3.0,java.lang.ArrayIndexOutOfBoundsException,7,62328,7.984615384615385,22,"[7.984615384615385,1]"
30,elasticsearch,ES-24674,5.3.0,java.lang.ArrayIndexOutOfBoundsException,7,62328,7.984615384615385,160,"[7.984615384615385,1]"
1,elasticsearch,ES-24674,5.3.0,java.lang.ArrayIndexOutOfBoundsException,8,62328,8.5,1575,"[8.5,1]"
2,elasticsearch,ES-24674,5.3.0,java.lang.ArrayIndexOutOfBoundsException,8,62328,8.5,2255,"[8.5,1]"
3,elasticsearch,ES-24674,5.3.0,java.lang.ArrayIndexOutOfBoundsException,8,62328,8.5,1959,"[8.5,1]"
4,elasticsearch,ES-24674,5.3.0,java.lang.ArrayIndexOutOfBoundsException,8,62328,8.5,2478,"[8.5,1]"
5,elasticsearch,ES-24674,5.3.0,java.lang.ArrayIndexOutOfBoundsException,8,62328,8.5,2614,"[8.5,1]"
6,elasticsearch,ES-24674,5.3.0,java.lang.ArrayIndexOutOfBoundsException,8,62328,8.5,2777,"[8.5,1]"
7,elasticsearch,ES-24674,5.3.0,java.lang.ArrayIndexOutOfBoundsException,8,62328,8.5,2773,"[8.5,1]"
8,elasticsearch,ES-24674,5.3.0,java.lang.ArrayIndexOutOfBoundsException,8,62328,8.5,1386,"[8.5,1]"
9,elasticsearch,ES-24674,5.3.0,java.lang.ArrayIndexOutOfBoundsException,8,62328,8.5,2807,"[8.5,1]"
10,elasticsearch,ES-24674,5.3.0,java.lang.ArrayIndexOutOfBoundsException,8,62328,8.5,2471,"[8.5,1]"
11,elasticsearch,ES-24674,5.3.0,java.lang.ArrayIndexOutOfBoundsException,8,62328,8.5,1808,"[8.5,1]"
12,elasticsearch,ES-24674,5.3.0,java.lang.ArrayIndexOutOfBoundsException,8,62328,8.5,2674,"[8.5,1]"
13,elasticsearch,ES-24674,5.3.0,java.lang.ArrayIndexOutOfBoundsException,8,62328,8.5,2720,"[8.5,1]"
14,elasticsearch,ES-24674,5.3.0,java.lang.ArrayIndexOutOfBoundsException,8,62328,8.5,2798,"[8.5,1]"
15,elasticsearch,ES-24674,5.3.0,java.lang.ArrayIndexOutOfBoundsException,8,62328,8.5,1727,"[8.5,1]"
16,elasticsearch,ES-24674,5.3.0,java.lang.ArrayIndexOutOfBoundsException,8,62328,8.5,2656,"[8.5,1]"
17,elasticsearch,ES-24674,5.3.0,java.lang.ArrayIndexOutOfBoundsException,8,62328,8.5,2955,"[8.5,1]"
18,elasticsearch,ES-24674,5.3.0,java.lang.ArrayIndexOutOfBoundsException,8,62328,8.5,2735,"[8.5,1]"
19,elasticsearch,ES-24674,5.3.0,java.lang.ArrayIndexOutOfBoundsException,8,62328,8.5,2045,"[8.5,1]"
20,elasticsearch,ES-24674,5.3.0,java.lang.ArrayIndexOutOfBoundsException,8,62328,8.5,2799,"[8.5,1]"
21,elasticsearch,ES-24674,5.3.0,java.lang.ArrayIndexOutOfBoundsException,8,62328,8.5,1324,"[8.5,1]"
22,elasticsearch,ES-24674,5.3.0,java.lang.ArrayIndexOutOfBoundsException,8,62328,8.5,1322,"[8.5,1]"
23,elasticsearch,ES-24674,5.3.0,java.lang.ArrayIndexOutOfBoundsException,8,62328,8.5,2497,"[8.5,1]"
24,elasticsearch,ES-24674,5.3.0,java.lang.ArrayIndexOutOfBoundsException,8,62328,8.5,2886,"[8.5,1]"
25,elasticsearch,ES-24674,5.3.0,java.lang.ArrayIndexOutOfBoundsException,8,62328,8.5,1421,"[8.5,1]"
26,elasticsearch,ES-24674,5.3.0,java.lang.ArrayIndexOutOfBoundsException,8,62328,8.5,1541,"[8.5,1]"
27,elasticsearch,ES-24674,5.3.0,java.lang.ArrayIndexOutOfBoundsException,8,62328,8.5,2742,"[8.5,1]"
28,elasticsearch,ES-24674,5.3.0,java.lang.ArrayIndexOutOfBoundsException,8,62328,8.5,387,"[8.5,1]"
29,elasticsearch,ES-24674,5.3.0,java.lang.ArrayIndexOutOfBoundsException,8,62328,8.5,2629,"[8.5,1]"
30,elasticsearch,ES-24674,5.3.0,java.lang.ArrayIndexOutOfBoundsException,8,62328,8.5,1823,"[8.5,1]"
1,elasticsearch,ES-24674,5.3.0,java.lang.ArrayIndexOutOfBoundsException,9,62328,10.997214484679667,781,"[10.997214484679667,1]"
2,elasticsearch,ES-24674,5.3.0,java.lang.ArrayIndexOutOfBoundsException,9,62328,10.997214484679667,19,"[10.997214484679667,1]"
3,elasticsearch,ES-24674,5.3.0,java.lang.ArrayIndexOutOfBoundsException,9,62328,10.997214484679667,887,"[10.997214484679667,1]"
4,elasticsearch,ES-24674,5.3.0,java.lang.ArrayIndexOutOfBoundsException,9,62328,10.997214484679667,821,"[10.997214484679667,1]"
5,elasticsearch,ES-24674,5.3.0,java.lang.ArrayIndexOutOfBoundsException,9,62328,10.997214484679667,983,"[10.997214484679667,1]"
6,elasticsearch,ES-24674,5.3.0,java.lang.ArrayIndexOutOfBoundsException,9,62328,10.997214484679667,362,"[10.997214484679667,1]"
7,elasticsearch,ES-24674,5.3.0,java.lang.ArrayIndexOutOfBoundsException,9,62328,10.997214484679667,1026,"[10.997214484679667,1]"
8,elasticsearch,ES-24674,5.3.0,java.lang.ArrayIndexOutOfBoundsException,9,62328,10.997214484679667,113,"[10.997214484679667,1]"
9,elasticsearch,ES-24674,5.3.0,java.lang.ArrayIndexOutOfBoundsException,9,62328,10.997214484679667,1032,"[10.997214484679667,1]"
10,elasticsearch,ES-24674,5.3.0,java.lang.ArrayIndexOutOfBoundsException,9,62328,10.997214484679667,719,"[10.997214484679667,1]"
11,elasticsearch,ES-24674,5.3.0,java.lang.ArrayIndexOutOfBoundsException,9,62328,10.997214484679667,632,"[10.997214484679667,1]"
12,elasticsearch,ES-24674,5.3.0,java.lang.ArrayIndexOutOfBoundsException,9,62328,10.997214484679667,1091,"[10.997214484679667,1]"
13,elasticsearch,ES-24674,5.3.0,java.lang.ArrayIndexOutOfBoundsException,9,62328,10.997214484679667,970,"[10.997214484679667,1]"
14,elasticsearch,ES-24674,5.3.0,java.lang.ArrayIndexOutOfBoundsException,9,62328,10.997214484679667,1099,"[10.997214484679667,1]"
15,elasticsearch,ES-24674,5.3.0,java.lang.ArrayIndexOutOfBoundsException,9,62328,10.997214484679667,1037,"[10.997214484679667,1]"
16,elasticsearch,ES-24674,5.3.0,java.lang.ArrayIndexOutOfBoundsException,9,62328,10.997214484679667,966,"[10.997214484679667,1]"
17,elasticsearch,ES-24674,5.3.0,java.lang.ArrayIndexOutOfBoundsException,9,62328,10.997214484679667,1001,"[10.997214484679667,1]"
18,elasticsearch,ES-24674,5.3.0,java.lang.ArrayIndexOutOfBoundsException,9,62328,10.997214484679667,923,"[10.997214484679667,1]"
19,elasticsearch,ES-24674,5.3.0,java.lang.ArrayIndexOutOfBoundsException,9,62328,10.997214484679667,912,"[10.997214484679667,1]"
20,elasticsearch,ES-24674,5.3.0,java.lang.ArrayIndexOutOfBoundsException,9,62328,10.997214484679667,1027,"[10.997214484679667,1]"
21,elasticsearch,ES-24674,5.3.0,java.lang.ArrayIndexOutOfBoundsException,9,62328,10.997214484679667,1065,"[10.997214484679667,1]"
22,elasticsearch,ES-24674,5.3.0,java.lang.ArrayIndexOutOfBoundsException,9,62328,10.997214484679667,1048,"[10.997214484679667,1]"
23,elasticsearch,ES-24674,5.3.0,java.lang.ArrayIndexOutOfBoundsException,9,62328,10.997214484679667,132,"[10.997214484679667,1]"
24,elasticsearch,ES-24674,5.3.0,java.lang.ArrayIndexOutOfBoundsException,9,62328,10.997214484679667,1108,"[10.997214484679667,1]"
25,elasticsearch,ES-24674,5.3.0,java.lang.ArrayIndexOutOfBoundsException,9,62328,10.997214484679667,951,"[10.997214484679667,1]"
26,elasticsearch,ES-24674,5.3.0,java.lang.ArrayIndexOutOfBoundsException,9,62328,10.997214484679667,1066,"[10.997214484679667,1]"
27,elasticsearch,ES-24674,5.3.0,java.lang.ArrayIndexOutOfBoundsException,9,62328,10.997214484679667,1000,"[10.997214484679667,1]"
28,elasticsearch,ES-24674,5.3.0,java.lang.ArrayIndexOutOfBoundsException,9,62328,10.997214484679667,1120,"[10.997214484679667,1]"
29,elasticsearch,ES-24674,5.3.0,java.lang.ArrayIndexOutOfBoundsException,9,62328,10.997214484679667,898,"[10.997214484679667,1]"
30,elasticsearch,ES-24674,5.3.0,java.lang.ArrayIndexOutOfBoundsException,9,62328,10.997214484679667,734,"[10.997214484679667,1]"
1,elasticsearch,ES-24674,5.3.0,java.lang.ArrayIndexOutOfBoundsException,10,62328,10.997214484679667,834,"[10.997214484679667,1]"
2,elasticsearch,ES-24674,5.3.0,java.lang.ArrayIndexOutOfBoundsException,10,62328,10.997214484679667,934,"[10.997214484679667,1]"
3,elasticsearch,ES-24674,5.3.0,java.lang.ArrayIndexOutOfBoundsException,10,62328,10.997214484679667,962,"[10.997214484679667,1]"
4,elasticsearch,ES-24674,5.3.0,java.lang.ArrayIndexOutOfBoundsException,10,62328,10.997214484679667,805,"[10.997214484679667,1]"
5,elasticsearch,ES-24674,5.3.0,java.lang.ArrayIndexOutOfBoundsException,10,62328,10.997214484679667,937,"[10.997214484679667,1]"
6,elasticsearch,ES-24674,5.3.0,java.lang.ArrayIndexOutOfBoundsException,10,62328,10.997214484679667,936,"[10.997214484679667,1]"
7,elasticsearch,ES-24674,5.3.0,java.lang.ArrayIndexOutOfBoundsException,10,62328,10.997214484679667,1053,"[10.997214484679667,1]"
8,elasticsearch,ES-24674,5.3.0,java.lang.ArrayIndexOutOfBoundsException,10,62328,10.997214484679667,1038,"[10.997214484679667,1]"
9,elasticsearch,ES-24674,5.3.0,java.lang.ArrayIndexOutOfBoundsException,10,62328,10.997214484679667,1016,"[10.997214484679667,1]"
10,elasticsearch,ES-24674,5.3.0,java.lang.ArrayIndexOutOfBoundsException,10,62328,10.997214484679667,896,"[10.997214484679667,1]"
11,elasticsearch,ES-24674,5.3.0,java.lang.ArrayIndexOutOfBoundsException,10,62328,10.997214484679667,1110,"[10.997214484679667,1]"
12,elasticsearch,ES-24674,5.3.0,java.lang.ArrayIndexOutOfBoundsException,10,62328,10.997214484679667,392,"[10.997214484679667,1]"
13,elasticsearch,ES-24674,5.3.0,java.lang.ArrayIndexOutOfBoundsException,10,62328,10.997214484679667,1052,"[10.997214484679667,1]"
14,elasticsearch,ES-24674,5.3.0,java.lang.ArrayIndexOutOfBoundsException,10,62328,10.997214484679667,997,"[10.997214484679667,1]"
15,elasticsearch,ES-24674,5.3.0,java.lang.ArrayIndexOutOfBoundsException,10,62328,10.997214484679667,1207,"[10.997214484679667,1]"
16,elasticsearch,ES-24674,5.3.0,java.lang.ArrayIndexOutOfBoundsException,10,62328,10.997214484679667,1104,"[10.997214484679667,1]"
17,elasticsearch,ES-24674,5.3.0,java.lang.ArrayIndexOutOfBoundsException,10,62328,10.997214484679667,1108,"[10.997214484679667,1]"
18,elasticsearch,ES-24674,5.3.0,java.lang.ArrayIndexOutOfBoundsException,10,62328,10.997214484679667,936,"[10.997214484679667,1]"
19,elasticsearch,ES-24674,5.3.0,java.lang.ArrayIndexOutOfBoundsException,10,62328,10.997214484679667,949,"[10.997214484679667,1]"
20,elasticsearch,ES-24674,5.3.0,java.lang.ArrayIndexOutOfBoundsException,10,62328,10.997214484679667,1072,"[10.997214484679667,1]"
21,elasticsearch,ES-24674,5.3.0,java.lang.ArrayIndexOutOfBoundsException,10,62328,10.997214484679667,415,"[10.997214484679667,1]"
22,elasticsearch,ES-24674,5.3.0,java.lang.ArrayIndexOutOfBoundsException,10,62328,10.997214484679667,1079,"[10.997214484679667,1]"
23,elasticsearch,ES-24674,5.3.0,java.lang.ArrayIndexOutOfBoundsException,10,62328,10.997214484679667,1244,"[10.997214484679667,1]"
24,elasticsearch,ES-24674,5.3.0,java.lang.ArrayIndexOutOfBoundsException,10,62328,10.997214484679667,953,"[10.997214484679667,1]"
25,elasticsearch,ES-24674,5.3.0,java.lang.ArrayIndexOutOfBoundsException,10,62328,10.997214484679667,1031,"[10.997214484679667,1]"
26,elasticsearch,ES-24674,5.3.0,java.lang.ArrayIndexOutOfBoundsException,10,62328,10.997214484679667,1021,"[10.997214484679667,1]"
27,elasticsearch,ES-24674,5.3.0,java.lang.ArrayIndexOutOfBoundsException,10,62328,10.997214484679667,751,"[10.997214484679667,1]"
28,elasticsearch,ES-24674,5.3.0,java.lang.ArrayIndexOutOfBoundsException,10,62328,10.997214484679667,993,"[10.997214484679667,1]"
29,elasticsearch,ES-24674,5.3.0,java.lang.ArrayIndexOutOfBoundsException,10,62328,10.997214484679667,72,"[10.997214484679667,1]"
30,elasticsearch,ES-24674,5.3.0,java.lang.ArrayIndexOutOfBoundsException,10,62328,10.997214484679667,895,"[10.997214484679667,1]"
1,elasticsearch,ES-24674,5.3.0,java.lang.ArrayIndexOutOfBoundsException,11,62328,-1,0,
2,elasticsearch,ES-24674,5.3.0,java.lang.ArrayIndexOutOfBoundsException,11,62328,-1,0,
3,elasticsearch,ES-24674,5.3.0,java.lang.ArrayIndexOutOfBoundsException,11,62328,-1,0,
4,elasticsearch,ES-24674,5.3.0,java.lang.ArrayIndexOutOfBoundsException,11,62328,-1,0,
5,elasticsearch,ES-24674,5.3.0,java.lang.ArrayIndexOutOfBoundsException,11,62328,-1,0,
6,elasticsearch,ES-24674,5.3.0,java.lang.ArrayIndexOutOfBoundsException,11,62328,-1,0,
7,elasticsearch,ES-24674,5.3.0,java.lang.ArrayIndexOutOfBoundsException,11,62328,-1,0,
8,elasticsearch,ES-24674,5.3.0,java.lang.ArrayIndexOutOfBoundsException,11,62328,-1,0,
9,elasticsearch,ES-24674,5.3.0,java.lang.ArrayIndexOutOfBoundsException,11,62328,-1,0,
10,elasticsearch,ES-24674,5.3.0,java.lang.ArrayIndexOutOfBoundsException,11,62328,-1,0,
11,elasticsearch,ES-24674,5.3.0,java.lang.ArrayIndexOutOfBoundsException,11,62328,-1,0,
12,elasticsearch,ES-24674,5.3.0,java.lang.ArrayIndexOutOfBoundsException,11,62328,-1,0,
13,elasticsearch,ES-24674,5.3.0,java.lang.ArrayIndexOutOfBoundsException,11,62328,-1,0,
14,elasticsearch,ES-24674,5.3.0,java.lang.ArrayIndexOutOfBoundsException,11,62328,-1,0,
15,elasticsearch,ES-24674,5.3.0,java.lang.ArrayIndexOutOfBoundsException,11,62328,-1,0,
16,elasticsearch,ES-24674,5.3.0,java.lang.ArrayIndexOutOfBoundsException,11,62328,-1,0,
17,elasticsearch,ES-24674,5.3.0,java.lang.ArrayIndexOutOfBoundsException,11,62328,-1,0,
18,elasticsearch,ES-24674,5.3.0,java.lang.ArrayIndexOutOfBoundsException,11,62328,-1,0,
19,elasticsearch,ES-24674,5.3.0,java.lang.ArrayIndexOutOfBoundsException,11,62328,-1,0,
20,elasticsearch,ES-24674,5.3.0,java.lang.ArrayIndexOutOfBoundsException,11,62328,-1,0,
21,elasticsearch,ES-24674,5.3.0,java.lang.ArrayIndexOutOfBoundsException,11,62328,-1,0,
22,elasticsearch,ES-24674,5.3.0,java.lang.ArrayIndexOutOfBoundsException,11,62328,-1,0,
23,elasticsearch,ES-24674,5.3.0,java.lang.ArrayIndexOutOfBoundsException,11,62328,-1,0,
24,elasticsearch,ES-24674,5.3.0,java.lang.ArrayIndexOutOfBoundsException,11,62328,-1,0,
25,elasticsearch,ES-24674,5.3.0,java.lang.ArrayIndexOutOfBoundsException,11,62328,-1,0,
26,elasticsearch,ES-24674,5.3.0,java.lang.ArrayIndexOutOfBoundsException,11,62328,-1,0,
27,elasticsearch,ES-24674,5.3.0,java.lang.ArrayIndexOutOfBoundsException,11,62328,-1,0,
28,elasticsearch,ES-24674,5.3.0,java.lang.ArrayIndexOutOfBoundsException,11,62328,-1,0,
29,elasticsearch,ES-24674,5.3.0,java.lang.ArrayIndexOutOfBoundsException,11,62328,-1,0,
30,elasticsearch,ES-24674,5.3.0,java.lang.ArrayIndexOutOfBoundsException,11,62328,-1,0,
1,elasticsearch,ES-24674,5.3.0,java.lang.ArrayIndexOutOfBoundsException,12,62328,-1,0,
2,elasticsearch,ES-24674,5.3.0,java.lang.ArrayIndexOutOfBoundsException,12,62328,-1,0,
3,elasticsearch,ES-24674,5.3.0,java.lang.ArrayIndexOutOfBoundsException,12,62328,-1,0,
4,elasticsearch,ES-24674,5.3.0,java.lang.ArrayIndexOutOfBoundsException,12,62328,-1,0,
5,elasticsearch,ES-24674,5.3.0,java.lang.ArrayIndexOutOfBoundsException,12,62328,-1,0,
6,elasticsearch,ES-24674,5.3.0,java.lang.ArrayIndexOutOfBoundsException,12,62328,-1,0,
7,elasticsearch,ES-24674,5.3.0,java.lang.ArrayIndexOutOfBoundsException,12,62328,-1,0,
8,elasticsearch,ES-24674,5.3.0,java.lang.ArrayIndexOutOfBoundsException,12,62328,-1,0,
9,elasticsearch,ES-24674,5.3.0,java.lang.ArrayIndexOutOfBoundsException,12,62328,-1,0,
10,elasticsearch,ES-24674,5.3.0,java.lang.ArrayIndexOutOfBoundsException,12,62328,-1,0,
11,elasticsearch,ES-24674,5.3.0,java.lang.ArrayIndexOutOfBoundsException,12,62328,-1,0,
12,elasticsearch,ES-24674,5.3.0,java.lang.ArrayIndexOutOfBoundsException,12,62328,-1,0,
13,elasticsearch,ES-24674,5.3.0,java.lang.ArrayIndexOutOfBoundsException,12,62328,-1,0,
14,elasticsearch,ES-24674,5.3.0,java.lang.ArrayIndexOutOfBoundsException,12,62328,-1,0,
15,elasticsearch,ES-24674,5.3.0,java.lang.ArrayIndexOutOfBoundsException,12,62328,-1,0,
16,elasticsearch,ES-24674,5.3.0,java.lang.ArrayIndexOutOfBoundsException,12,62328,-1,0,
17,elasticsearch,ES-24674,5.3.0,java.lang.ArrayIndexOutOfBoundsException,12,62328,-1,0,
18,elasticsearch,ES-24674,5.3.0,java.lang.ArrayIndexOutOfBoundsException,12,62328,-1,0,
19,elasticsearch,ES-24674,5.3.0,java.lang.ArrayIndexOutOfBoundsException,12,62328,-1,0,
20,elasticsearch,ES-24674,5.3.0,java.lang.ArrayIndexOutOfBoundsException,12,62328,-1,0,
21,elasticsearch,ES-24674,5.3.0,java.lang.ArrayIndexOutOfBoundsException,12,62328,-1,0,
22,elasticsearch,ES-24674,5.3.0,java.lang.ArrayIndexOutOfBoundsException,12,62328,-1,0,
23,elasticsearch,ES-24674,5.3.0,java.lang.ArrayIndexOutOfBoundsException,12,62328,-1,0,
24,elasticsearch,ES-24674,5.3.0,java.lang.ArrayIndexOutOfBoundsException,12,62328,-1,0,
25,elasticsearch,ES-24674,5.3.0,java.lang.ArrayIndexOutOfBoundsException,12,62328,-1,0,
26,elasticsearch,ES-24674,5.3.0,java.lang.ArrayIndexOutOfBoundsException,12,62328,-1,0,
27,elasticsearch,ES-24674,5.3.0,java.lang.ArrayIndexOutOfBoundsException,12,62328,-1,0,
28,elasticsearch,ES-24674,5.3.0,java.lang.ArrayIndexOutOfBoundsException,12,62328,-1,0,
29,elasticsearch,ES-24674,5.3.0,java.lang.ArrayIndexOutOfBoundsException,12,62328,-1,0,
30,elasticsearch,ES-24674,5.3.0,java.lang.ArrayIndexOutOfBoundsException,12,62328,-1,0,
1,elasticsearch,ES-24674,5.3.0,java.lang.ArrayIndexOutOfBoundsException,13,62328,13.333333333333332,61,"[13.981818181818182,1][13.333333333333332,20]"
2,elasticsearch,ES-24674,5.3.0,java.lang.ArrayIndexOutOfBoundsException,13,62328,13.981818181818182,31,"[13.981818181818182,1]"
3,elasticsearch,ES-24674,5.3.0,java.lang.ArrayIndexOutOfBoundsException,13,62328,13.333333333333332,105,"[13.981818181818182,1][13.333333333333332,64]"
4,elasticsearch,ES-24674,5.3.0,java.lang.ArrayIndexOutOfBoundsException,13,62328,13.981818181818182,83,"[13.981818181818182,1]"
5,elasticsearch,ES-24674,5.3.0,java.lang.ArrayIndexOutOfBoundsException,13,62328,13.981818181818182,7,"[13.981818181818182,1]"
6,elasticsearch,ES-24674,5.3.0,java.lang.ArrayIndexOutOfBoundsException,13,62328,13.981818181818182,118,"[13.981818181818182,1]"
7,elasticsearch,ES-24674,5.3.0,java.lang.ArrayIndexOutOfBoundsException,13,62328,13.981818181818182,109,"[13.981818181818182,1]"
8,elasticsearch,ES-24674,5.3.0,java.lang.ArrayIndexOutOfBoundsException,13,62328,13.981818181818182,79,"[13.981818181818182,1]"
9,elasticsearch,ES-24674,5.3.0,java.lang.ArrayIndexOutOfBoundsException,13,62328,13.981818181818182,116,"[13.981818181818182,1]"
10,elasticsearch,ES-24674,5.3.0,java.lang.ArrayIndexOutOfBoundsException,13,62328,13.981818181818182,99,"[13.981818181818182,1]"
11,elasticsearch,ES-24674,5.3.0,java.lang.ArrayIndexOutOfBoundsException,13,62328,13.5,110,"[13.981818181818182,1][13.5,2]"
12,elasticsearch,ES-24674,5.3.0,java.lang.ArrayIndexOutOfBoundsException,13,62328,13.5,117,"[13.981818181818182,1][13.5,6]"
13,elasticsearch,ES-24674,5.3.0,java.lang.ArrayIndexOutOfBoundsException,13,62328,13.333333333333332,98,"[13.333333333333332,1]"
14,elasticsearch,ES-24674,5.3.0,java.lang.ArrayIndexOutOfBoundsException,13,62328,13.333333333333332,93,"[13.981818181818182,1][13.333333333333332,5]"
15,elasticsearch,ES-24674,5.3.0,java.lang.ArrayIndexOutOfBoundsException,13,62328,13.981818181818182,90,"[13.981818181818182,1]"
16,elasticsearch,ES-24674,5.3.0,java.lang.ArrayIndexOutOfBoundsException,13,62328,13.981818181818182,104,"[13.981818181818182,1]"
17,elasticsearch,ES-24674,5.3.0,java.lang.ArrayIndexOutOfBoundsException,13,62328,13.981818181818182,80,"[13.981818181818182,1]"
18,elasticsearch,ES-24674,5.3.0,java.lang.ArrayIndexOutOfBoundsException,13,62328,13.981818181818182,89,"[13.981818181818182,1]"
19,elasticsearch,ES-24674,5.3.0,java.lang.ArrayIndexOutOfBoundsException,13,62328,13.981818181818182,80,"[13.981818181818182,1]"
20,elasticsearch,ES-24674,5.3.0,java.lang.ArrayIndexOutOfBoundsException,13,62328,13.333333333333332,99,"[13.981818181818182,1][13.333333333333332,92]"
21,elasticsearch,ES-24674,5.3.0,java.lang.ArrayIndexOutOfBoundsException,13,62328,13.981818181818182,91,"[13.981818181818182,1]"
22,elasticsearch,ES-24674,5.3.0,java.lang.ArrayIndexOutOfBoundsException,13,62328,13.981818181818182,109,"[13.981818181818182,1]"
23,elasticsearch,ES-24674,5.3.0,java.lang.ArrayIndexOutOfBoundsException,13,62328,13.981818181818182,116,"[13.981818181818182,1]"
24,elasticsearch,ES-24674,5.3.0,java.lang.ArrayIndexOutOfBoundsException,13,62328,13.333333333333332,100,"[13.981818181818182,1][13.333333333333332,21]"
25,elasticsearch,ES-24674,5.3.0,java.lang.ArrayIndexOutOfBoundsException,13,62328,13.981818181818182,115,"[13.981818181818182,1]"
26,elasticsearch,ES-24674,5.3.0,java.lang.ArrayIndexOutOfBoundsException,13,62328,13.5,118,"[13.981818181818182,1][13.5,16]"
27,elasticsearch,ES-24674,5.3.0,java.lang.ArrayIndexOutOfBoundsException,13,62328,13.333333333333332,107,"[13.981818181818182,1][13.333333333333332,5]"
28,elasticsearch,ES-24674,5.3.0,java.lang.ArrayIndexOutOfBoundsException,13,62328,13.981818181818182,92,"[13.981818181818182,1]"
29,elasticsearch,ES-24674,5.3.0,java.lang.ArrayIndexOutOfBoundsException,13,62328,13.333333333333332,93,"[13.981818181818182,1][13.333333333333332,81]"
30,elasticsearch,ES-24674,5.3.0,java.lang.ArrayIndexOutOfBoundsException,13,62328,13.981818181818182,13,"[13.981818181818182,1]"
1,elasticsearch,ES-24674,5.3.0,java.lang.ArrayIndexOutOfBoundsException,14,62328,-1,0,
2,elasticsearch,ES-24674,5.3.0,java.lang.ArrayIndexOutOfBoundsException,14,62328,-1,0,
3,elasticsearch,ES-24674,5.3.0,java.lang.ArrayIndexOutOfBoundsException,14,62328,-1,0,
4,elasticsearch,ES-24674,5.3.0,java.lang.ArrayIndexOutOfBoundsException,14,62328,-1,0,
5,elasticsearch,ES-24674,5.3.0,java.lang.ArrayIndexOutOfBoundsException,14,62328,-1,0,
6,elasticsearch,ES-24674,5.3.0,java.lang.ArrayIndexOutOfBoundsException,14,62328,-1,0,
7,elasticsearch,ES-24674,5.3.0,java.lang.ArrayIndexOutOfBoundsException,14,62328,-1,0,
8,elasticsearch,ES-24674,5.3.0,java.lang.ArrayIndexOutOfBoundsException,14,62328,-1,0,
9,elasticsearch,ES-24674,5.3.0,java.lang.ArrayIndexOutOfBoundsException,14,62328,-1,0,
10,elasticsearch,ES-24674,5.3.0,java.lang.ArrayIndexOutOfBoundsException,14,62328,-1,0,
11,elasticsearch,ES-24674,5.3.0,java.lang.ArrayIndexOutOfBoundsException,14,62328,-1,0,
12,elasticsearch,ES-24674,5.3.0,java.lang.ArrayIndexOutOfBoundsException,14,62328,-1,0,
13,elasticsearch,ES-24674,5.3.0,java.lang.ArrayIndexOutOfBoundsException,14,62328,-1,0,
14,elasticsearch,ES-24674,5.3.0,java.lang.ArrayIndexOutOfBoundsException,14,62328,-1,0,
15,elasticsearch,ES-24674,5.3.0,java.lang.ArrayIndexOutOfBoundsException,14,62328,-1,0,
16,elasticsearch,ES-24674,5.3.0,java.lang.ArrayIndexOutOfBoundsException,14,62328,-1,0,
17,elasticsearch,ES-24674,5.3.0,java.lang.ArrayIndexOutOfBoundsException,14,62328,-1,0,
18,elasticsearch,ES-24674,5.3.0,java.lang.ArrayIndexOutOfBoundsException,14,62328,-1,0,
19,elasticsearch,ES-24674,5.3.0,java.lang.ArrayIndexOutOfBoundsException,14,62328,-1,0,
20,elasticsearch,ES-24674,5.3.0,java.lang.ArrayIndexOutOfBoundsException,14,62328,-1,0,
21,elasticsearch,ES-24674,5.3.0,java.lang.ArrayIndexOutOfBoundsException,14,62328,-1,0,
22,elasticsearch,ES-24674,5.3.0,java.lang.ArrayIndexOutOfBoundsException,14,62328,-1,0,
23,elasticsearch,ES-24674,5.3.0,java.lang.ArrayIndexOutOfBoundsException,14,62328,-1,0,
24,elasticsearch,ES-24674,5.3.0,java.lang.ArrayIndexOutOfBoundsException,14,62328,-1,0,
25,elasticsearch,ES-24674,5.3.0,java.lang.ArrayIndexOutOfBoundsException,14,62328,-1,0,
26,elasticsearch,ES-24674,5.3.0,java.lang.ArrayIndexOutOfBoundsException,14,62328,-1,0,
27,elasticsearch,ES-24674,5.3.0,java.lang.ArrayIndexOutOfBoundsException,14,62328,-1,0,
28,elasticsearch,ES-24674,5.3.0,java.lang.ArrayIndexOutOfBoundsException,14,62328,-1,0,
29,elasticsearch,ES-24674,5.3.0,java.lang.ArrayIndexOutOfBoundsException,14,62328,-1,0,
30,elasticsearch,ES-24674,5.3.0,java.lang.ArrayIndexOutOfBoundsException,14,62328,-1,0,
1,elasticsearch,ES-24674,5.3.0,java.lang.ArrayIndexOutOfBoundsException,15,62328,15.5,10482,"[15.5,1]"
2,elasticsearch,ES-24674,5.3.0,java.lang.ArrayIndexOutOfBoundsException,15,62328,15.5,12557,"[15.5,1]"
3,elasticsearch,ES-24674,5.3.0,java.lang.ArrayIndexOutOfBoundsException,15,62328,15.5,14116,"[15.5,1]"
4,elasticsearch,ES-24674,5.3.0,java.lang.ArrayIndexOutOfBoundsException,15,62328,15.5,829,"[15.5,1]"
5,elasticsearch,ES-24674,5.3.0,java.lang.ArrayIndexOutOfBoundsException,15,62328,15.5,1087,"[15.5,1]"
6,elasticsearch,ES-24674,5.3.0,java.lang.ArrayIndexOutOfBoundsException,15,62328,15.5,13928,"[15.5,1]"
7,elasticsearch,ES-24674,5.3.0,java.lang.ArrayIndexOutOfBoundsException,15,62328,15.5,14721,"[15.5,1]"
8,elasticsearch,ES-24674,5.3.0,java.lang.ArrayIndexOutOfBoundsException,15,62328,15.5,874,"[15.5,1]"
9,elasticsearch,ES-24674,5.3.0,java.lang.ArrayIndexOutOfBoundsException,15,62328,15.5,13419,"[15.5,1]"
10,elasticsearch,ES-24674,5.3.0,java.lang.ArrayIndexOutOfBoundsException,15,62328,15.5,6148,"[15.5,1]"
11,elasticsearch,ES-24674,5.3.0,java.lang.ArrayIndexOutOfBoundsException,15,62328,15.5,14049,"[15.5,1]"
12,elasticsearch,ES-24674,5.3.0,java.lang.ArrayIndexOutOfBoundsException,15,62328,15.5,14630,"[15.5,1]"
13,elasticsearch,ES-24674,5.3.0,java.lang.ArrayIndexOutOfBoundsException,15,62328,15.5,12629,"[15.5,1]"
14,elasticsearch,ES-24674,5.3.0,java.lang.ArrayIndexOutOfBoundsException,15,62328,15.5,13356,"[15.5,1]"
15,elasticsearch,ES-24674,5.3.0,java.lang.ArrayIndexOutOfBoundsException,15,62328,15.5,14996,"[15.5,1]"
16,elasticsearch,ES-24674,5.3.0,java.lang.ArrayIndexOutOfBoundsException,15,62328,15.5,12913,"[15.5,1]"
17,elasticsearch,ES-24674,5.3.0,java.lang.ArrayIndexOutOfBoundsException,15,62328,15.5,13279,"[15.5,1]"
18,elasticsearch,ES-24674,5.3.0,java.lang.ArrayIndexOutOfBoundsException,15,62328,15.5,12994,"[15.5,1]"
19,elasticsearch,ES-24674,5.3.0,java.lang.ArrayIndexOutOfBoundsException,15,62328,15.5,13758,"[15.5,1]"
20,elasticsearch,ES-24674,5.3.0,java.lang.ArrayIndexOutOfBoundsException,15,62328,15.5,13648,"[15.5,1]"
21,elasticsearch,ES-24674,5.3.0,java.lang.ArrayIndexOutOfBoundsException,15,62328,15.5,13111,"[15.5,1]"
22,elasticsearch,ES-24674,5.3.0,java.lang.ArrayIndexOutOfBoundsException,15,62328,15.5,13204,"[15.5,1]"
23,elasticsearch,ES-24674,5.3.0,java.lang.ArrayIndexOutOfBoundsException,15,62328,15.5,14523,"[15.5,1]"
24,elasticsearch,ES-24674,5.3.0,java.lang.ArrayIndexOutOfBoundsException,15,62328,15.5,14662,"[15.5,1]"
25,elasticsearch,ES-24674,5.3.0,java.lang.ArrayIndexOutOfBoundsException,15,62328,15.5,14053,"[15.5,1]"
26,elasticsearch,ES-24674,5.3.0,java.lang.ArrayIndexOutOfBoundsException,15,62328,15.5,14145,"[15.5,1]"
27,elasticsearch,ES-24674,5.3.0,java.lang.ArrayIndexOutOfBoundsException,15,62328,15.5,13128,"[15.5,1]"
28,elasticsearch,ES-24674,5.3.0,java.lang.ArrayIndexOutOfBoundsException,15,62328,15.5,13303,"[15.5,1]"
29,elasticsearch,ES-24674,5.3.0,java.lang.ArrayIndexOutOfBoundsException,15,62328,15.5,12562,"[15.5,1]"
30,elasticsearch,ES-24674,5.3.0,java.lang.ArrayIndexOutOfBoundsException,15,62328,15.5,10439,"[15.5,1]"
1,elasticsearch,ES-24674,5.3.0,java.lang.ArrayIndexOutOfBoundsException,16,62328,16.5,5117,"[16.5,1]"
2,elasticsearch,ES-24674,5.3.0,java.lang.ArrayIndexOutOfBoundsException,16,62328,16.5,5009,"[16.5,1]"
3,elasticsearch,ES-24674,5.3.0,java.lang.ArrayIndexOutOfBoundsException,16,62328,16.5,2798,"[16.5,1]"
4,elasticsearch,ES-24674,5.3.0,java.lang.ArrayIndexOutOfBoundsException,16,62328,16.5,5271,"[16.5,1]"
5,elasticsearch,ES-24674,5.3.0,java.lang.ArrayIndexOutOfBoundsException,16,62328,16.5,6061,"[16.5,1]"
6,elasticsearch,ES-24674,5.3.0,java.lang.ArrayIndexOutOfBoundsException,16,62328,16.5,4402,"[16.5,1]"
7,elasticsearch,ES-24674,5.3.0,java.lang.ArrayIndexOutOfBoundsException,16,62328,16.5,5972,"[16.5,1]"
8,elasticsearch,ES-24674,5.3.0,java.lang.ArrayIndexOutOfBoundsException,16,62328,16.5,5528,"[16.5,1]"
9,elasticsearch,ES-24674,5.3.0,java.lang.ArrayIndexOutOfBoundsException,16,62328,16.5,5079,"[16.5,1]"
10,elasticsearch,ES-24674,5.3.0,java.lang.ArrayIndexOutOfBoundsException,16,62328,16.5,3850,"[16.5,1]"
11,elasticsearch,ES-24674,5.3.0,java.lang.ArrayIndexOutOfBoundsException,16,62328,16.5,5901,"[16.5,1]"
12,elasticsearch,ES-24674,5.3.0,java.lang.ArrayIndexOutOfBoundsException,16,62328,16.5,4900,"[16.5,1]"
13,elasticsearch,ES-24674,5.3.0,java.lang.ArrayIndexOutOfBoundsException,16,62328,16.5,5582,"[16.5,1]"
14,elasticsearch,ES-24674,5.3.0,java.lang.ArrayIndexOutOfBoundsException,16,62328,16.5,1876,"[16.5,1]"
15,elasticsearch,ES-24674,5.3.0,java.lang.ArrayIndexOutOfBoundsException,16,62328,16.5,5540,"[16.5,1]"
16,elasticsearch,ES-24674,5.3.0,java.lang.ArrayIndexOutOfBoundsException,16,62328,16.5,5098,"[16.5,1]"
17,elasticsearch,ES-24674,5.3.0,java.lang.ArrayIndexOutOfBoundsException,16,62328,16.5,5930,"[16.5,1]"
18,elasticsearch,ES-24674,5.3.0,java.lang.ArrayIndexOutOfBoundsException,16,62328,16.5,5911,"[16.5,1]"
19,elasticsearch,ES-24674,5.3.0,java.lang.ArrayIndexOutOfBoundsException,16,62328,16.5,5848,"[16.5,1]"
20,elasticsearch,ES-24674,5.3.0,java.lang.ArrayIndexOutOfBoundsException,16,62328,16.5,5419,"[16.5,1]"
21,elasticsearch,ES-24674,5.3.0,java.lang.ArrayIndexOutOfBoundsException,16,62328,16.5,5587,"[16.5,1]"
22,elasticsearch,ES-24674,5.3.0,java.lang.ArrayIndexOutOfBoundsException,16,62328,16.5,5832,"[16.5,1]"
23,elasticsearch,ES-24674,5.3.0,java.lang.ArrayIndexOutOfBoundsException,16,62328,16.5,6453,"[16.5,1]"
24,elasticsearch,ES-24674,5.3.0,java.lang.ArrayIndexOutOfBoundsException,16,62328,16.5,1800,"[16.5,1]"
25,elasticsearch,ES-24674,5.3.0,java.lang.ArrayIndexOutOfBoundsException,16,62328,16.5,5633,"[16.5,1]"
26,elasticsearch,ES-24674,5.3.0,java.lang.ArrayIndexOutOfBoundsException,16,62328,16.5,3879,"[16.5,1]"
27,elasticsearch,ES-24674,5.3.0,java.lang.ArrayIndexOutOfBoundsException,16,62328,16.5,4291,"[16.5,1]"
28,elasticsearch,ES-24674,5.3.0,java.lang.ArrayIndexOutOfBoundsException,16,62328,16.5,5243,"[16.5,1]"
29,elasticsearch,ES-24674,5.3.0,java.lang.ArrayIndexOutOfBoundsException,16,62328,16.5,4392,"[16.5,1]"
30,elasticsearch,ES-24674,5.3.0,java.lang.ArrayIndexOutOfBoundsException,16,62328,16.5,4407,"[16.5,1]"
1,elasticsearch,ES-25933,5.4.1,java.lang.ArrayIndexOutOfBoundsException,1,62328,3.5,427,"[3.5,1]"
2,elasticsearch,ES-25933,5.4.1,java.lang.ArrayIndexOutOfBoundsException,1,62328,3.5,237,"[3.5,1]"
3,elasticsearch,ES-25933,5.4.1,java.lang.ArrayIndexOutOfBoundsException,1,62328,3.5,272,"[3.5,1]"
4,elasticsearch,ES-25933,5.4.1,java.lang.ArrayIndexOutOfBoundsException,1,62328,3.5,230,"[3.5,1]"
5,elasticsearch,ES-25933,5.4.1,java.lang.ArrayIndexOutOfBoundsException,1,62328,3.5,324,"[3.5,1]"
6,elasticsearch,ES-25933,5.4.1,java.lang.ArrayIndexOutOfBoundsException,1,62328,3.5,142,"[3.5,1]"
7,elasticsearch,ES-25933,5.4.1,java.lang.ArrayIndexOutOfBoundsException,1,62328,3.5,98,"[3.5,1]"
8,elasticsearch,ES-25933,5.4.1,java.lang.ArrayIndexOutOfBoundsException,1,62328,1.7142857142857144,388,"[3.5,1][1.7142857142857144,374]"
9,elasticsearch,ES-25933,5.4.1,java.lang.ArrayIndexOutOfBoundsException,1,62328,3.5,165,"[3.5,1]"
10,elasticsearch,ES-25933,5.4.1,java.lang.ArrayIndexOutOfBoundsException,1,62328,3.5,175,"[3.5,1]"
11,elasticsearch,ES-25933,5.4.1,java.lang.ArrayIndexOutOfBoundsException,1,62328,3.5,361,"[3.5,1]"
12,elasticsearch,ES-25933,5.4.1,java.lang.ArrayIndexOutOfBoundsException,1,62328,3.5,259,"[3.5,1]"
13,elasticsearch,ES-25933,5.4.1,java.lang.ArrayIndexOutOfBoundsException,1,62328,3.5,303,"[3.5,1]"
14,elasticsearch,ES-25933,5.4.1,java.lang.ArrayIndexOutOfBoundsException,1,62328,3.5,187,"[3.5,1]"
15,elasticsearch,ES-25933,5.4.1,java.lang.ArrayIndexOutOfBoundsException,1,62328,3.5,494,"[3.5,1]"
16,elasticsearch,ES-25933,5.4.1,java.lang.ArrayIndexOutOfBoundsException,1,62328,3.5,285,"[3.5,1]"
17,elasticsearch,ES-25933,5.4.1,java.lang.ArrayIndexOutOfBoundsException,1,62328,1.7142857142857144,349,"[3.5,1][1.7142857142857144,202]"
18,elasticsearch,ES-25933,5.4.1,java.lang.ArrayIndexOutOfBoundsException,1,62328,1.7142857142857144,623,"[3.5,1][1.7142857142857144,76]"
19,elasticsearch,ES-25933,5.4.1,java.lang.ArrayIndexOutOfBoundsException,1,62328,1.7142857142857144,236,"[3.5,1][1.7142857142857144,126]"
20,elasticsearch,ES-25933,5.4.1,java.lang.ArrayIndexOutOfBoundsException,1,62328,3.5,300,"[3.5,1]"
21,elasticsearch,ES-25933,5.4.1,java.lang.ArrayIndexOutOfBoundsException,1,62328,3.5,236,"[3.5,1]"
22,elasticsearch,ES-25933,5.4.1,java.lang.ArrayIndexOutOfBoundsException,1,62328,3.5,411,"[3.5,1]"
23,elasticsearch,ES-25933,5.4.1,java.lang.ArrayIndexOutOfBoundsException,1,62328,3.5,61,"[3.5,1]"
24,elasticsearch,ES-25933,5.4.1,java.lang.ArrayIndexOutOfBoundsException,1,62328,3.5,227,"[3.5,1]"
25,elasticsearch,ES-25933,5.4.1,java.lang.ArrayIndexOutOfBoundsException,1,62328,3.5,152,"[3.5,1]"
26,elasticsearch,ES-25933,5.4.1,java.lang.ArrayIndexOutOfBoundsException,1,62328,3.5,240,"[3.5,1]"
27,elasticsearch,ES-25933,5.4.1,java.lang.ArrayIndexOutOfBoundsException,1,62328,3.5,512,"[3.5,1]"
28,elasticsearch,ES-25933,5.4.1,java.lang.ArrayIndexOutOfBoundsException,1,62328,3.5,324,"[3.5,1]"
29,elasticsearch,ES-25933,5.4.1,java.lang.ArrayIndexOutOfBoundsException,1,62328,3.5,355,"[3.5,1]"
30,elasticsearch,ES-25933,5.4.1,java.lang.ArrayIndexOutOfBoundsException,1,62328,3.5,350,"[3.5,1]"
1,elasticsearch,ES-25933,5.4.1,java.lang.ArrayIndexOutOfBoundsException,2,62328,3.5,608,"[3.5,1]"
2,elasticsearch,ES-25933,5.4.1,java.lang.ArrayIndexOutOfBoundsException,2,62328,3.5,298,"[3.5,1]"
3,elasticsearch,ES-25933,5.4.1,java.lang.ArrayIndexOutOfBoundsException,2,62328,3.5,428,"[3.5,1]"
4,elasticsearch,ES-25933,5.4.1,java.lang.ArrayIndexOutOfBoundsException,2,62328,3.5,112,"[3.5,1]"
5,elasticsearch,ES-25933,5.4.1,java.lang.ArrayIndexOutOfBoundsException,2,62328,3.5,441,"[3.5,1]"
6,elasticsearch,ES-25933,5.4.1,java.lang.ArrayIndexOutOfBoundsException,2,62328,3.5,145,"[3.5,1]"
7,elasticsearch,ES-25933,5.4.1,java.lang.ArrayIndexOutOfBoundsException,2,62328,3.5,226,"[3.5,1]"
8,elasticsearch,ES-25933,5.4.1,java.lang.ArrayIndexOutOfBoundsException,2,62328,3.5,203,"[3.5,1]"
9,elasticsearch,ES-25933,5.4.1,java.lang.ArrayIndexOutOfBoundsException,2,62328,3.5,234,"[3.5,1]"
10,elasticsearch,ES-25933,5.4.1,java.lang.ArrayIndexOutOfBoundsException,2,62328,3.5,417,"[3.5,1]"
11,elasticsearch,ES-25933,5.4.1,java.lang.ArrayIndexOutOfBoundsException,2,62328,3.5,267,"[3.5,1]"
12,elasticsearch,ES-25933,5.4.1,java.lang.ArrayIndexOutOfBoundsException,2,62328,3.5,148,"[3.5,1]"
13,elasticsearch,ES-25933,5.4.1,java.lang.ArrayIndexOutOfBoundsException,2,62328,3.5,264,"[3.5,1]"
14,elasticsearch,ES-25933,5.4.1,java.lang.ArrayIndexOutOfBoundsException,2,62328,1.7142857142857144,439,"[3.5,1][1.7142857142857144,104]"
15,elasticsearch,ES-25933,5.4.1,java.lang.ArrayIndexOutOfBoundsException,2,62328,1.7142857142857144,416,"[3.5,1][1.7142857142857144,410]"
16,elasticsearch,ES-25933,5.4.1,java.lang.ArrayIndexOutOfBoundsException,2,62328,3.5,403,"[3.5,1]"
17,elasticsearch,ES-25933,5.4.1,java.lang.ArrayIndexOutOfBoundsException,2,62328,3.5,388,"[3.5,1]"
18,elasticsearch,ES-25933,5.4.1,java.lang.ArrayIndexOutOfBoundsException,2,62328,3.5,345,"[3.5,1]"
19,elasticsearch,ES-25933,5.4.1,java.lang.ArrayIndexOutOfBoundsException,2,62328,3.5,388,"[3.5,1]"
20,elasticsearch,ES-25933,5.4.1,java.lang.ArrayIndexOutOfBoundsException,2,62328,3.5,303,"[3.5,1]"
21,elasticsearch,ES-25933,5.4.1,java.lang.ArrayIndexOutOfBoundsException,2,62328,3.5,281,"[3.5,1]"
22,elasticsearch,ES-25933,5.4.1,java.lang.ArrayIndexOutOfBoundsException,2,62328,3.5,438,"[3.5,1]"
23,elasticsearch,ES-25933,5.4.1,java.lang.ArrayIndexOutOfBoundsException,2,62328,3.5,308,"[3.5,1]"
24,elasticsearch,ES-25933,5.4.1,java.lang.ArrayIndexOutOfBoundsException,2,62328,3.5,283,"[3.5,1]"
25,elasticsearch,ES-25933,5.4.1,java.lang.ArrayIndexOutOfBoundsException,2,62328,3.5,386,"[3.5,1]"
26,elasticsearch,ES-25933,5.4.1,java.lang.ArrayIndexOutOfBoundsException,2,62328,3.5,701,"[3.5,1]"
27,elasticsearch,ES-25933,5.4.1,java.lang.ArrayIndexOutOfBoundsException,2,62328,-1,0,
28,elasticsearch,ES-25933,5.4.1,java.lang.ArrayIndexOutOfBoundsException,2,62328,1.7142857142857144,430,"[3.5,1][1.7142857142857144,320]"
29,elasticsearch,ES-25933,5.4.1,java.lang.ArrayIndexOutOfBoundsException,2,62328,3.5,787,"[3.5,1]"
30,elasticsearch,ES-25933,5.4.1,java.lang.ArrayIndexOutOfBoundsException,2,62328,3.5,326,"[3.5,1]"
1,elasticsearch,ES-25933,5.4.1,java.lang.ArrayIndexOutOfBoundsException,3,62328,3.5,263,"[3.5,1]"
2,elasticsearch,ES-25933,5.4.1,java.lang.ArrayIndexOutOfBoundsException,3,62328,1.7142857142857144,639,"[3.5,1][1.7142857142857144,237]"
3,elasticsearch,ES-25933,5.4.1,java.lang.ArrayIndexOutOfBoundsException,3,62328,3.5,171,"[3.5,1]"
4,elasticsearch,ES-25933,5.4.1,java.lang.ArrayIndexOutOfBoundsException,3,62328,3.5,515,"[3.5,1]"
5,elasticsearch,ES-25933,5.4.1,java.lang.ArrayIndexOutOfBoundsException,3,62328,1.7142857142857144,330,"[3.5,1][1.7142857142857144,194]"
6,elasticsearch,ES-25933,5.4.1,java.lang.ArrayIndexOutOfBoundsException,3,62328,3.5,207,"[3.5,1]"
7,elasticsearch,ES-25933,5.4.1,java.lang.ArrayIndexOutOfBoundsException,3,62328,3.5,172,"[3.5,1]"
8,elasticsearch,ES-25933,5.4.1,java.lang.ArrayIndexOutOfBoundsException,3,62328,3.5,208,"[3.5,1]"
9,elasticsearch,ES-25933,5.4.1,java.lang.ArrayIndexOutOfBoundsException,3,62328,3.5,153,"[3.5,1]"
10,elasticsearch,ES-25933,5.4.1,java.lang.ArrayIndexOutOfBoundsException,3,62328,3.5,320,"[3.5,1]"
11,elasticsearch,ES-25933,5.4.1,java.lang.ArrayIndexOutOfBoundsException,3,62328,3.5,205,"[3.5,1]"
12,elasticsearch,ES-25933,5.4.1,java.lang.ArrayIndexOutOfBoundsException,3,62328,3.5,258,"[3.5,1]"
13,elasticsearch,ES-25933,5.4.1,java.lang.ArrayIndexOutOfBoundsException,3,62328,3.5,179,"[3.5,1]"
14,elasticsearch,ES-25933,5.4.1,java.lang.ArrayIndexOutOfBoundsException,3,62328,3.5,239,"[3.5,1]"
15,elasticsearch,ES-25933,5.4.1,java.lang.ArrayIndexOutOfBoundsException,3,62328,3.5,336,"[3.5,1]"
16,elasticsearch,ES-25933,5.4.1,java.lang.ArrayIndexOutOfBoundsException,3,62328,3.5,361,"[3.5,1]"
17,elasticsearch,ES-25933,5.4.1,java.lang.ArrayIndexOutOfBoundsException,3,62328,3.5,368,"[3.5,1]"
18,elasticsearch,ES-25933,5.4.1,java.lang.ArrayIndexOutOfBoundsException,3,62328,3.5,289,"[3.5,1]"
19,elasticsearch,ES-25933,5.4.1,java.lang.ArrayIndexOutOfBoundsException,3,62328,3.5,227,"[3.5,1]"
20,elasticsearch,ES-25933,5.4.1,java.lang.ArrayIndexOutOfBoundsException,3,62328,3.5,458,"[3.5,1]"
21,elasticsearch,ES-25933,5.4.1,java.lang.ArrayIndexOutOfBoundsException,3,62328,3.5,241,"[3.5,1]"
22,elasticsearch,ES-25933,5.4.1,java.lang.ArrayIndexOutOfBoundsException,3,62328,3.5,279,"[3.5,1]"
23,elasticsearch,ES-25933,5.4.1,java.lang.ArrayIndexOutOfBoundsException,3,62328,3.5,153,"[3.5,1]"
24,elasticsearch,ES-25933,5.4.1,java.lang.ArrayIndexOutOfBoundsException,3,62328,3.5,467,"[3.5,1]"
25,elasticsearch,ES-25933,5.4.1,java.lang.ArrayIndexOutOfBoundsException,3,62328,3.5,746,"[3.5,1]"
26,elasticsearch,ES-25933,5.4.1,java.lang.ArrayIndexOutOfBoundsException,3,62328,3.5,227,"[3.5,1]"
27,elasticsearch,ES-25933,5.4.1,java.lang.ArrayIndexOutOfBoundsException,3,62328,3.5,234,"[3.5,1]"
28,elasticsearch,ES-25933,5.4.1,java.lang.ArrayIndexOutOfBoundsException,3,62328,3.5,416,"[3.5,1]"
29,elasticsearch,ES-25933,5.4.1,java.lang.ArrayIndexOutOfBoundsException,3,62328,3.5,470,"[3.5,1]"
30,elasticsearch,ES-25933,5.4.1,java.lang.ArrayIndexOutOfBoundsException,3,62328,3.5,301,"[3.5,1]"
1,elasticsearch,ES-25933,5.4.1,java.lang.ArrayIndexOutOfBoundsException,4,62328,4.333333333333333,948,"[4.333333333333333,1]"
2,elasticsearch,ES-25933,5.4.1,java.lang.ArrayIndexOutOfBoundsException,4,62328,4.333333333333333,833,"[4.333333333333333,1]"
3,elasticsearch,ES-25933,5.4.1,java.lang.ArrayIndexOutOfBoundsException,4,62328,4.333333333333333,28,"[4.333333333333333,1]"
4,elasticsearch,ES-25933,5.4.1,java.lang.ArrayIndexOutOfBoundsException,4,62328,4.333333333333333,547,"[4.333333333333333,1]"
5,elasticsearch,ES-25933,5.4.1,java.lang.ArrayIndexOutOfBoundsException,4,62328,4.333333333333333,657,"[4.333333333333333,1]"
6,elasticsearch,ES-25933,5.4.1,java.lang.ArrayIndexOutOfBoundsException,4,62328,4.333333333333333,664,"[4.333333333333333,1]"
7,elasticsearch,ES-25933,5.4.1,java.lang.ArrayIndexOutOfBoundsException,4,62328,4.333333333333333,685,"[4.333333333333333,1]"
8,elasticsearch,ES-25933,5.4.1,java.lang.ArrayIndexOutOfBoundsException,4,62328,4.333333333333333,484,"[4.333333333333333,1]"
9,elasticsearch,ES-25933,5.4.1,java.lang.ArrayIndexOutOfBoundsException,4,62328,4.333333333333333,595,"[4.333333333333333,1]"
10,elasticsearch,ES-25933,5.4.1,java.lang.ArrayIndexOutOfBoundsException,4,62328,4.333333333333333,303,"[4.333333333333333,1]"
11,elasticsearch,ES-25933,5.4.1,java.lang.ArrayIndexOutOfBoundsException,4,62328,4.333333333333333,626,"[4.333333333333333,1]"
12,elasticsearch,ES-25933,5.4.1,java.lang.ArrayIndexOutOfBoundsException,4,62328,4.333333333333333,544,"[4.333333333333333,1]"
13,elasticsearch,ES-25933,5.4.1,java.lang.ArrayIndexOutOfBoundsException,4,62328,4.333333333333333,606,"[4.333333333333333,1]"
14,elasticsearch,ES-25933,5.4.1,java.lang.ArrayIndexOutOfBoundsException,4,62328,4.333333333333333,472,"[4.333333333333333,1]"
15,elasticsearch,ES-25933,5.4.1,java.lang.ArrayIndexOutOfBoundsException,4,62328,4.333333333333333,684,"[4.333333333333333,1]"
16,elasticsearch,ES-25933,5.4.1,java.lang.ArrayIndexOutOfBoundsException,4,62328,4.333333333333333,540,"[4.333333333333333,1]"
17,elasticsearch,ES-25933,5.4.1,java.lang.ArrayIndexOutOfBoundsException,4,62328,4.333333333333333,684,"[4.333333333333333,1]"
18,elasticsearch,ES-25933,5.4.1,java.lang.ArrayIndexOutOfBoundsException,4,62328,4.333333333333333,578,"[4.333333333333333,1]"
19,elasticsearch,ES-25933,5.4.1,java.lang.ArrayIndexOutOfBoundsException,4,62328,4.333333333333333,550,"[4.333333333333333,1]"
20,elasticsearch,ES-25933,5.4.1,java.lang.ArrayIndexOutOfBoundsException,4,62328,-1,0,
21,elasticsearch,ES-25933,5.4.1,java.lang.ArrayIndexOutOfBoundsException,4,62328,4.333333333333333,673,"[4.333333333333333,1]"
22,elasticsearch,ES-25933,5.4.1,java.lang.ArrayIndexOutOfBoundsException,4,62328,4.333333333333333,654,"[4.333333333333333,1]"
23,elasticsearch,ES-25933,5.4.1,java.lang.ArrayIndexOutOfBoundsException,4,62328,4.333333333333333,574,"[4.333333333333333,1]"
24,elasticsearch,ES-25933,5.4.1,java.lang.ArrayIndexOutOfBoundsException,4,62328,4.333333333333333,774,"[4.333333333333333,1]"
25,elasticsearch,ES-25933,5.4.1,java.lang.ArrayIndexOutOfBoundsException,4,62328,4.333333333333333,465,"[4.333333333333333,1]"
26,elasticsearch,ES-25933,5.4.1,java.lang.ArrayIndexOutOfBoundsException,4,62328,4.333333333333333,761,"[4.333333333333333,1]"
27,elasticsearch,ES-25933,5.4.1,java.lang.ArrayIndexOutOfBoundsException,4,62328,4.333333333333333,790,"[4.333333333333333,1]"
28,elasticsearch,ES-25933,5.4.1,java.lang.ArrayIndexOutOfBoundsException,4,62328,4.333333333333333,562,"[4.333333333333333,1]"
29,elasticsearch,ES-25933,5.4.1,java.lang.ArrayIndexOutOfBoundsException,4,62328,4.333333333333333,43,"[4.333333333333333,1]"
30,elasticsearch,ES-25933,5.4.1,java.lang.ArrayIndexOutOfBoundsException,4,62328,4.333333333333333,998,"[4.333333333333333,1]"
1,elasticsearch,ES-25933,5.4.1,java.lang.ArrayIndexOutOfBoundsException,5,62328,5.5,535,"[5.5,1]"
2,elasticsearch,ES-25933,5.4.1,java.lang.ArrayIndexOutOfBoundsException,5,62328,5.5,552,"[5.5,1]"
3,elasticsearch,ES-25933,5.4.1,java.lang.ArrayIndexOutOfBoundsException,5,62328,5.5,549,"[5.5,1]"
4,elasticsearch,ES-25933,5.4.1,java.lang.ArrayIndexOutOfBoundsException,5,62328,5.5,14,"[5.5,1]"
5,elasticsearch,ES-25933,5.4.1,java.lang.ArrayIndexOutOfBoundsException,5,62328,5.5,513,"[5.5,1]"
6,elasticsearch,ES-25933,5.4.1,java.lang.ArrayIndexOutOfBoundsException,5,62328,5.5,401,"[5.5,1]"
7,elasticsearch,ES-25933,5.4.1,java.lang.ArrayIndexOutOfBoundsException,5,62328,5.5,481,"[5.5,1]"
8,elasticsearch,ES-25933,5.4.1,java.lang.ArrayIndexOutOfBoundsException,5,62328,5.5,399,"[5.5,1]"
9,elasticsearch,ES-25933,5.4.1,java.lang.ArrayIndexOutOfBoundsException,5,62328,5.5,387,"[5.5,1]"
10,elasticsearch,ES-25933,5.4.1,java.lang.ArrayIndexOutOfBoundsException,5,62328,5.5,336,"[5.996732026143791,1][5.5,2]"
11,elasticsearch,ES-25933,5.4.1,java.lang.ArrayIndexOutOfBoundsException,5,62328,5.5,371,"[5.5,1]"
12,elasticsearch,ES-25933,5.4.1,java.lang.ArrayIndexOutOfBoundsException,5,62328,5.5,481,"[5.5,1]"
13,elasticsearch,ES-25933,5.4.1,java.lang.ArrayIndexOutOfBoundsException,5,62328,5.5,481,"[5.5,1]"
14,elasticsearch,ES-25933,5.4.1,java.lang.ArrayIndexOutOfBoundsException,5,62328,5.5,515,"[5.666666666666666,1][5.5,2]"
15,elasticsearch,ES-25933,5.4.1,java.lang.ArrayIndexOutOfBoundsException,5,62328,5.5,7,"[5.666666666666666,1][5.5,3]"
16,elasticsearch,ES-25933,5.4.1,java.lang.ArrayIndexOutOfBoundsException,5,62328,5.5,466,"[5.5,1]"
17,elasticsearch,ES-25933,5.4.1,java.lang.ArrayIndexOutOfBoundsException,5,62328,5.5,482,"[5.5,1]"
18,elasticsearch,ES-25933,5.4.1,java.lang.ArrayIndexOutOfBoundsException,5,62328,5.5,401,"[5.996732026143791,1][5.5,2]"
19,elasticsearch,ES-25933,5.4.1,java.lang.ArrayIndexOutOfBoundsException,5,62328,5.5,460,"[5.5,1]"
20,elasticsearch,ES-25933,5.4.1,java.lang.ArrayIndexOutOfBoundsException,5,62328,5.5,547,"[5.5,1]"
21,elasticsearch,ES-25933,5.4.1,java.lang.ArrayIndexOutOfBoundsException,5,62328,5.5,525,"[5.5,1]"
22,elasticsearch,ES-25933,5.4.1,java.lang.ArrayIndexOutOfBoundsException,5,62328,5.5,408,"[5.666666666666666,1][5.5,2]"
23,elasticsearch,ES-25933,5.4.1,java.lang.ArrayIndexOutOfBoundsException,5,62328,5.5,529,"[5.5,1]"
24,elasticsearch,ES-25933,5.4.1,java.lang.ArrayIndexOutOfBoundsException,5,62328,5.5,573,"[5.5,1]"
25,elasticsearch,ES-25933,5.4.1,java.lang.ArrayIndexOutOfBoundsException,5,62328,5.5,544,"[5.5,1]"
26,elasticsearch,ES-25933,5.4.1,java.lang.ArrayIndexOutOfBoundsException,5,62328,5.5,582,"[5.996732026143791,1][5.5,2]"
27,elasticsearch,ES-25933,5.4.1,java.lang.ArrayIndexOutOfBoundsException,5,62328,5.5,540,"[5.5,1]"
28,elasticsearch,ES-25933,5.4.1,java.lang.ArrayIndexOutOfBoundsException,5,62328,5.5,593,"[5.5,1]"
29,elasticsearch,ES-25933,5.4.1,java.lang.ArrayIndexOutOfBoundsException,5,62328,5.5,529,"[5.5,1]"
30,elasticsearch,ES-25933,5.4.1,java.lang.ArrayIndexOutOfBoundsException,5,62328,5.5,949,"[5.5,1]"
1,lang,LANG-12b,12b,java.lang.ArrayIndexOutOfBoundsException,1,62328,0.0,1,"[0.0,1]"
2,lang,LANG-12b,12b,java.lang.ArrayIndexOutOfBoundsException,1,62328,0.0,1,"[0.0,1]"
3,lang,LANG-12b,12b,java.lang.ArrayIndexOutOfBoundsException,1,62328,0.0,1,"[0.0,1]"
4,lang,LANG-12b,12b,java.lang.ArrayIndexOutOfBoundsException,1,62328,0.0,1,"[0.0,1]"
5,lang,LANG-12b,12b,java.lang.ArrayIndexOutOfBoundsException,1,62328,0.0,1,"[0.0,1]"
6,lang,LANG-12b,12b,java.lang.ArrayIndexOutOfBoundsException,1,62328,0.0,1,"[0.0,1]"
7,lang,LANG-12b,12b,java.lang.ArrayIndexOutOfBoundsException,1,62328,0.0,1,"[0.0,1]"
8,lang,LANG-12b,12b,java.lang.ArrayIndexOutOfBoundsException,1,62328,0.0,1,"[0.0,1]"
9,lang,LANG-12b,12b,java.lang.ArrayIndexOutOfBoundsException,1,62328,0.0,1,"[0.0,1]"
10,lang,LANG-12b,12b,java.lang.ArrayIndexOutOfBoundsException,1,62328,0.0,1,"[0.0,1]"
11,lang,LANG-12b,12b,java.lang.ArrayIndexOutOfBoundsException,1,62328,0.0,1,"[0.0,1]"
12,lang,LANG-12b,12b,java.lang.ArrayIndexOutOfBoundsException,1,62328,0.0,1,"[0.0,1]"
13,lang,LANG-12b,12b,java.lang.ArrayIndexOutOfBoundsException,1,62328,0.0,1,"[0.0,1]"
14,lang,LANG-12b,12b,java.lang.ArrayIndexOutOfBoundsException,1,62328,0.0,1,"[0.0,1]"
15,lang,LANG-12b,12b,java.lang.ArrayIndexOutOfBoundsException,1,62328,0.0,1,"[0.0,1]"
16,lang,LANG-12b,12b,java.lang.ArrayIndexOutOfBoundsException,1,62328,0.0,1,"[0.0,1]"
17,lang,LANG-12b,12b,java.lang.ArrayIndexOutOfBoundsException,1,62328,0.0,1,"[0.0,1]"
18,lang,LANG-12b,12b,java.lang.ArrayIndexOutOfBoundsException,1,62328,0.0,1,"[0.0,1]"
19,lang,LANG-12b,12b,java.lang.ArrayIndexOutOfBoundsException,1,62328,0.0,1,"[0.0,1]"
20,lang,LANG-12b,12b,java.lang.ArrayIndexOutOfBoundsException,1,62328,0.0,1,"[0.0,1]"
21,lang,LANG-12b,12b,java.lang.ArrayIndexOutOfBoundsException,1,62328,0.0,1,"[0.0,1]"
22,lang,LANG-12b,12b,java.lang.ArrayIndexOutOfBoundsException,1,62328,0.0,1,"[0.0,1]"
23,lang,LANG-12b,12b,java.lang.ArrayIndexOutOfBoundsException,1,62328,0.0,1,"[0.0,1]"
24,lang,LANG-12b,12b,java.lang.ArrayIndexOutOfBoundsException,1,62328,0.0,1,"[0.0,1]"
25,lang,LANG-12b,12b,java.lang.ArrayIndexOutOfBoundsException,1,62328,0.0,1,"[0.0,1]"
26,lang,LANG-12b,12b,java.lang.ArrayIndexOutOfBoundsException,1,62328,0.0,1,"[0.0,1]"
27,lang,LANG-12b,12b,java.lang.ArrayIndexOutOfBoundsException,1,62328,0.0,1,"[0.0,1]"
28,lang,LANG-12b,12b,java.lang.ArrayIndexOutOfBoundsException,1,62328,0.0,1,"[0.0,1]"
29,lang,LANG-12b,12b,java.lang.ArrayIndexOutOfBoundsException,1,62328,0.0,1,"[0.0,1]"
30,lang,LANG-12b,12b,java.lang.ArrayIndexOutOfBoundsException,1,62328,0.0,1,"[0.0,1]"
1,lang,LANG-12b,12b,java.lang.ArrayIndexOutOfBoundsException,2,62328,0.0,2,"[1.0,1][0.0,2]"
2,lang,LANG-12b,12b,java.lang.ArrayIndexOutOfBoundsException,2,62328,0.0,1,"[0.0,1]"
3,lang,LANG-12b,12b,java.lang.ArrayIndexOutOfBoundsException,2,62328,0.0,1,"[0.0,1]"
4,lang,LANG-12b,12b,java.lang.ArrayIndexOutOfBoundsException,2,62328,0.0,1,"[0.0,1]"
5,lang,LANG-12b,12b,java.lang.ArrayIndexOutOfBoundsException,2,62328,0.0,1,"[0.0,1]"
6,lang,LANG-12b,12b,java.lang.ArrayIndexOutOfBoundsException,2,62328,0.0,1,"[0.0,1]"
7,lang,LANG-12b,12b,java.lang.ArrayIndexOutOfBoundsException,2,62328,0.0,1,"[0.0,1]"
8,lang,LANG-12b,12b,java.lang.ArrayIndexOutOfBoundsException,2,62328,0.0,1,"[0.0,1]"
9,lang,LANG-12b,12b,java.lang.ArrayIndexOutOfBoundsException,2,62328,0.0,1,"[0.0,1]"
10,lang,LANG-12b,12b,java.lang.ArrayIndexOutOfBoundsException,2,62328,0.0,1,"[0.0,1]"
11,lang,LANG-12b,12b,java.lang.ArrayIndexOutOfBoundsException,2,62328,0.0,3,"[1.0,1][0.0,3]"
12,lang,LANG-12b,12b,java.lang.ArrayIndexOutOfBoundsException,2,62328,0.0,1,"[0.0,1]"
13,lang,LANG-12b,12b,java.lang.ArrayIndexOutOfBoundsException,2,62328,0.0,1,"[0.0,1]"
14,lang,LANG-12b,12b,java.lang.ArrayIndexOutOfBoundsException,2,62328,0.0,1,"[0.0,1]"
15,lang,LANG-12b,12b,java.lang.ArrayIndexOutOfBoundsException,2,62328,0.0,1,"[0.0,1]"
16,lang,LANG-12b,12b,java.lang.ArrayIndexOutOfBoundsException,2,62328,0.0,1,"[0.0,1]"
17,lang,LANG-12b,12b,java.lang.ArrayIndexOutOfBoundsException,2,62328,0.0,1,"[0.0,1]"
18,lang,LANG-12b,12b,java.lang.ArrayIndexOutOfBoundsException,2,62328,0.0,1,"[0.0,1]"
19,lang,LANG-12b,12b,java.lang.ArrayIndexOutOfBoundsException,2,62328,0.0,1,"[0.0,1]"
20,lang,LANG-12b,12b,java.lang.ArrayIndexOutOfBoundsException,2,62328,0.0,1,"[0.0,1]"
21,lang,LANG-12b,12b,java.lang.ArrayIndexOutOfBoundsException,2,62328,0.0,1,"[0.0,1]"
22,lang,LANG-12b,12b,java.lang.ArrayIndexOutOfBoundsException,2,62328,0.0,1,"[0.0,1]"
23,lang,LANG-12b,12b,java.lang.ArrayIndexOutOfBoundsException,2,62328,0.0,1,"[0.0,1]"
24,lang,LANG-12b,12b,java.lang.ArrayIndexOutOfBoundsException,2,62328,0.0,1,"[0.0,1]"
25,lang,LANG-12b,12b,java.lang.ArrayIndexOutOfBoundsException,2,62328,0.0,2,"[1.0,1][0.0,2]"
26,lang,LANG-12b,12b,java.lang.ArrayIndexOutOfBoundsException,2,62328,0.0,1,"[0.0,1]"
27,lang,LANG-12b,12b,java.lang.ArrayIndexOutOfBoundsException,2,62328,0.0,2,"[1.0,1][0.0,2]"
28,lang,LANG-12b,12b,java.lang.ArrayIndexOutOfBoundsException,2,62328,0.0,1,"[0.0,1]"
29,lang,LANG-12b,12b,java.lang.ArrayIndexOutOfBoundsException,2,62328,0.0,1,"[0.0,1]"
30,lang,LANG-12b,12b,java.lang.ArrayIndexOutOfBoundsException,2,62328,0.0,1,"[0.0,1]"
1,lang,LANG-9b,9b,java.lang.ArrayIndexOutOfBoundsException,1,62328,-1,0,
2,lang,LANG-9b,9b,java.lang.ArrayIndexOutOfBoundsException,1,62328,-1,0,
3,lang,LANG-9b,9b,java.lang.ArrayIndexOutOfBoundsException,1,62328,-1,0,
4,lang,LANG-9b,9b,java.lang.ArrayIndexOutOfBoundsException,1,62328,-1,0,
5,lang,LANG-9b,9b,java.lang.ArrayIndexOutOfBoundsException,1,62328,-1,0,
6,lang,LANG-9b,9b,java.lang.ArrayIndexOutOfBoundsException,1,62328,-1,0,
7,lang,LANG-9b,9b,java.lang.ArrayIndexOutOfBoundsException,1,62328,-1,0,
8,lang,LANG-9b,9b,java.lang.ArrayIndexOutOfBoundsException,1,62328,-1,0,
9,lang,LANG-9b,9b,java.lang.ArrayIndexOutOfBoundsException,1,62328,-1,0,
10,lang,LANG-9b,9b,java.lang.ArrayIndexOutOfBoundsException,1,62328,-1,0,
11,lang,LANG-9b,9b,java.lang.ArrayIndexOutOfBoundsException,1,62328,-1,0,
12,lang,LANG-9b,9b,java.lang.ArrayIndexOutOfBoundsException,1,62328,-1,0,
13,lang,LANG-9b,9b,java.lang.ArrayIndexOutOfBoundsException,1,62328,-1,0,
14,lang,LANG-9b,9b,java.lang.ArrayIndexOutOfBoundsException,1,62328,-1,0,
15,lang,LANG-9b,9b,java.lang.ArrayIndexOutOfBoundsException,1,62328,-1,0,
16,lang,LANG-9b,9b,java.lang.ArrayIndexOutOfBoundsException,1,62328,-1,0,
17,lang,LANG-9b,9b,java.lang.ArrayIndexOutOfBoundsException,1,62328,-1,0,
18,lang,LANG-9b,9b,java.lang.ArrayIndexOutOfBoundsException,1,62328,-1,0,
19,lang,LANG-9b,9b,java.lang.ArrayIndexOutOfBoundsException,1,62328,-1,0,
20,lang,LANG-9b,9b,java.lang.ArrayIndexOutOfBoundsException,1,62328,-1,0,
21,lang,LANG-9b,9b,java.lang.ArrayIndexOutOfBoundsException,1,62328,-1,0,
22,lang,LANG-9b,9b,java.lang.ArrayIndexOutOfBoundsException,1,62328,-1,0,
23,lang,LANG-9b,9b,java.lang.ArrayIndexOutOfBoundsException,1,62328,-1,0,
24,lang,LANG-9b,9b,java.lang.ArrayIndexOutOfBoundsException,1,62328,-1,0,
25,lang,LANG-9b,9b,java.lang.ArrayIndexOutOfBoundsException,1,62328,-1,0,
26,lang,LANG-9b,9b,java.lang.ArrayIndexOutOfBoundsException,1,62328,-1,0,
27,lang,LANG-9b,9b,java.lang.ArrayIndexOutOfBoundsException,1,62328,-1,0,
28,lang,LANG-9b,9b,java.lang.ArrayIndexOutOfBoundsException,1,62328,-1,0,
29,lang,LANG-9b,9b,java.lang.ArrayIndexOutOfBoundsException,1,62328,-1,0,
30,lang,LANG-9b,9b,java.lang.ArrayIndexOutOfBoundsException,1,62328,-1,0,
1,lang,LANG-9b,9b,java.lang.ArrayIndexOutOfBoundsException,2,62328,-1,0,
2,lang,LANG-9b,9b,java.lang.ArrayIndexOutOfBoundsException,2,62328,-1,0,
3,lang,LANG-9b,9b,java.lang.ArrayIndexOutOfBoundsException,2,62328,-1,0,
4,lang,LANG-9b,9b,java.lang.ArrayIndexOutOfBoundsException,2,62328,-1,0,
5,lang,LANG-9b,9b,java.lang.ArrayIndexOutOfBoundsException,2,62328,-1,0,
6,lang,LANG-9b,9b,java.lang.ArrayIndexOutOfBoundsException,2,62328,-1,0,
7,lang,LANG-9b,9b,java.lang.ArrayIndexOutOfBoundsException,2,62328,-1,0,
8,lang,LANG-9b,9b,java.lang.ArrayIndexOutOfBoundsException,2,62328,-1,0,
9,lang,LANG-9b,9b,java.lang.ArrayIndexOutOfBoundsException,2,62328,-1,0,
10,lang,LANG-9b,9b,java.lang.ArrayIndexOutOfBoundsException,2,62328,-1,0,
11,lang,LANG-9b,9b,java.lang.ArrayIndexOutOfBoundsException,2,62328,-1,0,
12,lang,LANG-9b,9b,java.lang.ArrayIndexOutOfBoundsException,2,62328,-1,0,
13,lang,LANG-9b,9b,java.lang.ArrayIndexOutOfBoundsException,2,62328,-1,0,
14,lang,LANG-9b,9b,java.lang.ArrayIndexOutOfBoundsException,2,62328,-1,0,
15,lang,LANG-9b,9b,java.lang.ArrayIndexOutOfBoundsException,2,62328,-1,0,
16,lang,LANG-9b,9b,java.lang.ArrayIndexOutOfBoundsException,2,62328,-1,0,
17,lang,LANG-9b,9b,java.lang.ArrayIndexOutOfBoundsException,2,62328,-1,0,
18,lang,LANG-9b,9b,java.lang.ArrayIndexOutOfBoundsException,2,62328,-1,0,
19,lang,LANG-9b,9b,java.lang.ArrayIndexOutOfBoundsException,2,62328,-1,0,
20,lang,LANG-9b,9b,java.lang.ArrayIndexOutOfBoundsException,2,62328,-1,0,
21,lang,LANG-9b,9b,java.lang.ArrayIndexOutOfBoundsException,2,62328,-1,0,
22,lang,LANG-9b,9b,java.lang.ArrayIndexOutOfBoundsException,2,62328,-1,0,
23,lang,LANG-9b,9b,java.lang.ArrayIndexOutOfBoundsException,2,62328,-1,0,
24,lang,LANG-9b,9b,java.lang.ArrayIndexOutOfBoundsException,2,62328,-1,0,
25,lang,LANG-9b,9b,java.lang.ArrayIndexOutOfBoundsException,2,62328,-1,0,
26,lang,LANG-9b,9b,java.lang.ArrayIndexOutOfBoundsException,2,62328,-1,0,
27,lang,LANG-9b,9b,java.lang.ArrayIndexOutOfBoundsException,2,62328,-1,0,
28,lang,LANG-9b,9b,java.lang.ArrayIndexOutOfBoundsException,2,62328,-1,0,
29,lang,LANG-9b,9b,java.lang.ArrayIndexOutOfBoundsException,2,62328,-1,0,
30,lang,LANG-9b,9b,java.lang.ArrayIndexOutOfBoundsException,2,62328,-1,0,
1,lang,LANG-9b,9b,java.lang.ArrayIndexOutOfBoundsException,3,62328,3.5,17369,"[3.5,1]"
2,lang,LANG-9b,9b,java.lang.ArrayIndexOutOfBoundsException,3,62328,3.5,18082,"[3.5,1]"
3,lang,LANG-9b,9b,java.lang.ArrayIndexOutOfBoundsException,3,62328,3.5,16073,"[3.5,1]"
4,lang,LANG-9b,9b,java.lang.ArrayIndexOutOfBoundsException,3,62328,3.5,14439,"[3.5,1]"
5,lang,LANG-9b,9b,java.lang.ArrayIndexOutOfBoundsException,3,62328,3.5,17785,"[3.5,1]"
6,lang,LANG-9b,9b,java.lang.ArrayIndexOutOfBoundsException,3,62328,3.5,17757,"[3.5,1]"
7,lang,LANG-9b,9b,java.lang.ArrayIndexOutOfBoundsException,3,62328,3.5,14000,"[3.5,1]"
8,lang,LANG-9b,9b,java.lang.ArrayIndexOutOfBoundsException,3,62328,3.5,15959,"[3.5,1]"
9,lang,LANG-9b,9b,java.lang.ArrayIndexOutOfBoundsException,3,62328,3.5,16109,"[3.5,1]"
10,lang,LANG-9b,9b,java.lang.ArrayIndexOutOfBoundsException,3,62328,3.5,14883,"[3.5,1]"
11,lang,LANG-9b,9b,java.lang.ArrayIndexOutOfBoundsException,3,62328,3.5,16964,"[3.5,1]"
12,lang,LANG-9b,9b,java.lang.ArrayIndexOutOfBoundsException,3,62328,3.5,16398,"[3.5,1]"
13,lang,LANG-9b,9b,java.lang.ArrayIndexOutOfBoundsException,3,62328,3.5,15027,"[3.5,1]"
14,lang,LANG-9b,9b,java.lang.ArrayIndexOutOfBoundsException,3,62328,3.5,17104,"[3.5,1]"
15,lang,LANG-9b,9b,java.lang.ArrayIndexOutOfBoundsException,3,62328,3.5,14902,"[3.5,1]"
16,lang,LANG-9b,9b,java.lang.ArrayIndexOutOfBoundsException,3,62328,3.5,16159,"[3.5,1]"
17,lang,LANG-9b,9b,java.lang.ArrayIndexOutOfBoundsException,3,62328,3.5,13093,"[3.5,1]"
18,lang,LANG-9b,9b,java.lang.ArrayIndexOutOfBoundsException,3,62328,3.5,15186,"[3.5,1]"
19,lang,LANG-9b,9b,java.lang.ArrayIndexOutOfBoundsException,3,62328,3.5,15092,"[3.5,1]"
20,lang,LANG-9b,9b,java.lang.ArrayIndexOutOfBoundsException,3,62328,3.5,14637,"[3.5,1]"
21,lang,LANG-9b,9b,java.lang.ArrayIndexOutOfBoundsException,3,62328,3.5,14479,"[3.5,1]"
22,lang,LANG-9b,9b,java.lang.ArrayIndexOutOfBoundsException,3,62328,3.5,14362,"[3.5,1]"
23,lang,LANG-9b,9b,java.lang.ArrayIndexOutOfBoundsException,3,62328,3.5,1246,"[3.5,1]"
24,lang,LANG-9b,9b,java.lang.ArrayIndexOutOfBoundsException,3,62328,3.5,14891,"[3.5,1]"
25,lang,LANG-9b,9b,java.lang.ArrayIndexOutOfBoundsException,3,62328,3.5,15824,"[3.5,1]"
26,lang,LANG-9b,9b,java.lang.ArrayIndexOutOfBoundsException,3,62328,3.5,12271,"[3.5,1]"
27,lang,LANG-9b,9b,java.lang.ArrayIndexOutOfBoundsException,3,62328,3.5,11134,"[3.5,1]"
28,lang,LANG-9b,9b,java.lang.ArrayIndexOutOfBoundsException,3,62328,3.5,11181,"[3.5,1]"
29,lang,LANG-9b,9b,java.lang.ArrayIndexOutOfBoundsException,3,62328,3.5,11342,"[3.5,1]"
30,lang,LANG-9b,9b,java.lang.ArrayIndexOutOfBoundsException,3,62328,3.5,6227,"[3.5,1]"
1,lang,LANG-9b,9b,java.lang.ArrayIndexOutOfBoundsException,4,62328,0.0,30,"[3.5,1][2.473684210526316,16][1.0,20][0.0,30]"
2,lang,LANG-9b,9b,java.lang.ArrayIndexOutOfBoundsException,4,62328,0.0,18,"[5.5,1][4.666666666666666,2][3.5,3][1.0,8][0.0,18]"
3,lang,LANG-9b,9b,java.lang.ArrayIndexOutOfBoundsException,4,62328,0.0,60,"[2.473684210526316,1][1.0,14][0.0,60]"
4,lang,LANG-9b,9b,java.lang.ArrayIndexOutOfBoundsException,4,62328,0.0,9,"[4.6,1][3.5,3][1.0,4][0.0,9]"
5,lang,LANG-9b,9b,java.lang.ArrayIndexOutOfBoundsException,4,62328,0.0,32,"[4.6,1][4.333333333333333,2][3.5,5][1.0,6][0.0,32]"
6,lang,LANG-9b,9b,java.lang.ArrayIndexOutOfBoundsException,4,62328,0.0,9,"[5.5,1][3.5,2][1.0,7][0.0,9]"
7,lang,LANG-9b,9b,java.lang.ArrayIndexOutOfBoundsException,4,62328,0.0,95,"[4.333333333333333,1][3.5,4][1.0,6][0.0,95]"
8,lang,LANG-9b,9b,java.lang.ArrayIndexOutOfBoundsException,4,62328,0.0,23,"[4.333333333333333,1][3.5,2][3.0,5][1.0,6][0.0,23]"
9,lang,LANG-9b,9b,java.lang.ArrayIndexOutOfBoundsException,4,62328,0.0,24,"[5.5,1][3.5,2][2.473684210526316,5][1.0,7][0.0,24]"
10,lang,LANG-9b,9b,java.lang.ArrayIndexOutOfBoundsException,4,62328,0.0,8,"[4.333333333333333,1][2.473684210526316,5][1.0,7][0.0,8]"
11,lang,LANG-9b,9b,java.lang.ArrayIndexOutOfBoundsException,4,62328,0.0,25,"[4.6,1][4.333333333333333,2][3.5,5][2.473684210526316,6][1.0,9][0.0,25]"
12,lang,LANG-9b,9b,java.lang.ArrayIndexOutOfBoundsException,4,62328,0.0,39,"[4.333333333333333,1][2.473684210526316,2][1.0,5][0.0,39]"
13,lang,LANG-9b,9b,java.lang.ArrayIndexOutOfBoundsException,4,62328,0.0,25,"[1.0,1][0.0,25]"
14,lang,LANG-9b,9b,java.lang.ArrayIndexOutOfBoundsException,4,62328,0.0,9,"[2.466666666666667,1][1.0,7][0.0,9]"
15,lang,LANG-9b,9b,java.lang.ArrayIndexOutOfBoundsException,4,62328,0.0,47,"[4.333333333333333,1][3.5,2][1.0,5][0.0,47]"
16,lang,LANG-9b,9b,java.lang.ArrayIndexOutOfBoundsException,4,62328,0.0,17,"[1.0,1][0.0,17]"
17,lang,LANG-9b,9b,java.lang.ArrayIndexOutOfBoundsException,4,62328,0.0,10,"[4.333333333333333,1][1.0,3][0.0,10]"
18,lang,LANG-9b,9b,java.lang.ArrayIndexOutOfBoundsException,4,62328,0.0,22,"[3.5,1][1.0,6][0.0,22]"
19,lang,LANG-9b,9b,java.lang.ArrayIndexOutOfBoundsException,4,62328,0.0,26,"[4.333333333333333,1][3.5,2][2.473684210526316,3][1.0,7][0.0,26]"
20,lang,LANG-9b,9b,java.lang.ArrayIndexOutOfBoundsException,4,62328,0.0,18,"[4.333333333333333,1][1.0,2][0.0,18]"
21,lang,LANG-9b,9b,java.lang.ArrayIndexOutOfBoundsException,4,62328,0.0,21,"[4.6,1][4.333333333333333,4][3.5,7][2.473684210526316,8][1.0,10][0.0,21]"
22,lang,LANG-9b,9b,java.lang.ArrayIndexOutOfBoundsException,4,62328,0.0,24,"[4.333333333333333,1][2.466666666666667,5][1.0,10][0.0,24]"
23,lang,LANG-9b,9b,java.lang.ArrayIndexOutOfBoundsException,4,62328,0.0,2,"[4.6,1][0.0,2]"
24,lang,LANG-9b,9b,java.lang.ArrayIndexOutOfBoundsException,4,62328,0.0,17,"[4.333333333333333,1][3.0,5][1.0,8][0.0,17]"
25,lang,LANG-9b,9b,java.lang.ArrayIndexOutOfBoundsException,4,62328,0.0,45,"[2.473684210526316,1][2.466666666666667,5][1.0,11][0.0,45]"
26,lang,LANG-9b,9b,java.lang.ArrayIndexOutOfBoundsException,4,62328,0.0,4,"[4.333333333333333,1][3.5,2][0.0,4]"
27,lang,LANG-9b,9b,java.lang.ArrayIndexOutOfBoundsException,4,62328,0.0,18,"[4.6,1][1.0,4][0.0,18]"
28,lang,LANG-9b,9b,java.lang.ArrayIndexOutOfBoundsException,4,62328,0.0,34,"[4.6,1][2.473684210526316,3][1.0,9][0.0,34]"
29,lang,LANG-9b,9b,java.lang.ArrayIndexOutOfBoundsException,4,62328,0.0,31,"[5.5,1][4.6,3][4.333333333333333,4][1.0,8][0.0,31]"
30,lang,LANG-9b,9b,java.lang.ArrayIndexOutOfBoundsException,4,62328,0.0,36,"[4.6,1][3.0,2][2.473684210526316,5][1.0,9][0.0,36]"
1,lang,LANG-9b,9b,java.lang.ArrayIndexOutOfBoundsException,5,62328,0.0,10,"[5.5,1][4.6,4][4.333333333333333,6][3.5,7][0.0,10]"
2,lang,LANG-9b,9b,java.lang.ArrayIndexOutOfBoundsException,5,62328,0.0,33,"[4.6,1][4.333333333333333,3][3.0,6][1.0,8][0.0,33]"
3,lang,LANG-9b,9b,java.lang.ArrayIndexOutOfBoundsException,5,62328,0.0,12,"[1.0,1][0.0,12]"
4,lang,LANG-9b,9b,java.lang.ArrayIndexOutOfBoundsException,5,62328,0.0,15,"[2.473684210526316,1][2.466666666666667,5][1.0,7][0.0,15]"
5,lang,LANG-9b,9b,java.lang.ArrayIndexOutOfBoundsException,5,62328,0.0,8,"[4.333333333333333,1][3.5,6][1.0,7][0.0,8]"
6,lang,LANG-9b,9b,java.lang.ArrayIndexOutOfBoundsException,5,62328,0.0,13,"[4.666666666666666,1][4.333333333333333,2][3.5,5][1.0,6][0.0,13]"
7,lang,LANG-9b,9b,java.lang.ArrayIndexOutOfBoundsException,5,62328,0.0,15,"[4.6,1][4.333333333333333,4][3.5,5][1.0,6][0.0,15]"
8,lang,LANG-9b,9b,java.lang.ArrayIndexOutOfBoundsException,5,62328,0.0,12,"[4.333333333333333,1][3.5,5][1.0,10][0.0,12]"
9,lang,LANG-9b,9b,java.lang.ArrayIndexOutOfBoundsException,5,62328,0.0,22,"[4.333333333333333,1][3.0,5][2.473684210526316,10][1.0,12][0.0,22]"
10,lang,LANG-9b,9b,java.lang.ArrayIndexOutOfBoundsException,5,62328,0.0,28,"[4.6,1][4.333333333333333,2][2.466666666666667,4][1.0,7][0.0,28]"
11,lang,LANG-9b,9b,java.lang.ArrayIndexOutOfBoundsException,5,62328,0.0,26,"[3.5,1][1.0,6][0.0,26]"
12,lang,LANG-9b,9b,java.lang.ArrayIndexOutOfBoundsException,5,62328,0.0,6,"[3.5,1][1.0,5][0.0,6]"
13,lang,LANG-9b,9b,java.lang.ArrayIndexOutOfBoundsException,5,62328,0.0,9,"[4.6,1][4.333333333333333,2][3.5,4][2.466666666666667,5][1.0,6][0.0,9]"
14,lang,LANG-9b,9b,java.lang.ArrayIndexOutOfBoundsException,5,62328,0.0,8,"[4.6,1][4.333333333333333,4][2.473684210526316,5][0.0,8]"
15,lang,LANG-9b,9b,java.lang.ArrayIndexOutOfBoundsException,5,62328,0.0,25,"[4.333333333333333,1][1.0,4][0.0,25]"
16,lang,LANG-9b,9b,java.lang.ArrayIndexOutOfBoundsException,5,62328,0.0,18,"[4.6,1][4.333333333333333,3][3.5,8][1.0,13][0.0,18]"
17,lang,LANG-9b,9b,java.lang.ArrayIndexOutOfBoundsException,5,62328,0.0,36,"[4.333333333333333,1][1.0,6][0.0,36]"
18,lang,LANG-9b,9b,java.lang.ArrayIndexOutOfBoundsException,5,62328,0.0,12,"[4.333333333333333,1][3.5,4][2.466666666666667,5][1.0,6][0.0,12]"
19,lang,LANG-9b,9b,java.lang.ArrayIndexOutOfBoundsException,5,62328,0.0,36,"[4.6,1][4.333333333333333,4][3.5,5][1.0,8][0.0,36]"
20,lang,LANG-9b,9b,java.lang.ArrayIndexOutOfBoundsException,5,62328,0.0,11,"[4.333333333333333,1][3.5,2][1.0,5][0.0,11]"
21,lang,LANG-9b,9b,java.lang.ArrayIndexOutOfBoundsException,5,62328,0.0,38,"[4.6,1][4.333333333333333,2][1.0,7][0.0,38]"
22,lang,LANG-9b,9b,java.lang.ArrayIndexOutOfBoundsException,5,62328,0.0,14,"[4.666666666666666,1][4.333333333333333,4][3.5,6][1.0,10][0.0,14]"
23,lang,LANG-9b,9b,java.lang.ArrayIndexOutOfBoundsException,5,62328,0.0,12,"[4.333333333333333,1][3.5,2][1.0,5][0.0,12]"
24,lang,LANG-9b,9b,java.lang.ArrayIndexOutOfBoundsException,5,62328,0.0,9,"[4.333333333333333,1][3.5,3][1.0,5][0.0,9]"
25,lang,LANG-9b,9b,java.lang.ArrayIndexOutOfBoundsException,5,62328,0.0,15,"[4.666666666666666,1][3.5,3][1.0,9][0.0,15]"
26,lang,LANG-9b,9b,java.lang.ArrayIndexOutOfBoundsException,5,62328,0.0,29,"[4.6,1][4.333333333333333,3][1.0,4][0.0,29]"
27,lang,LANG-9b,9b,java.lang.ArrayIndexOutOfBoundsException,5,62328,0.0,8,"[4.333333333333333,1][3.5,2][1.0,4][0.0,8]"
28,lang,LANG-9b,9b,java.lang.ArrayIndexOutOfBoundsException,5,62328,0.0,55,"[4.333333333333333,1][3.0,3][1.0,4][0.0,55]"
29,lang,LANG-9b,9b,java.lang.ArrayIndexOutOfBoundsException,5,62328,0.0,6,"[4.333333333333333,1][3.5,4][1.0,5][0.0,6]"
30,lang,LANG-9b,9b,java.lang.ArrayIndexOutOfBoundsException,5,62328,0.0,4,"[4.6,1][3.5,3][0.0,4]"
1,lang,LANG-9b,9b,java.lang.ArrayIndexOutOfBoundsException,6,62328,6.5,18119,"[6.5,1]"
2,lang,LANG-9b,9b,java.lang.ArrayIndexOutOfBoundsException,6,62328,6.5,17359,"[6.5,1]"
3,lang,LANG-9b,9b,java.lang.ArrayIndexOutOfBoundsException,6,62328,6.5,19003,"[6.5,1]"
4,lang,LANG-9b,9b,java.lang.ArrayIndexOutOfBoundsException,6,62328,6.5,17739,"[6.5,1]"
5,lang,LANG-9b,9b,java.lang.ArrayIndexOutOfBoundsException,6,62328,6.5,18745,"[6.5,1]"
6,lang,LANG-9b,9b,java.lang.ArrayIndexOutOfBoundsException,6,62328,6.5,18101,"[6.5,1]"
7,lang,LANG-9b,9b,java.lang.ArrayIndexOutOfBoundsException,6,62328,6.5,17234,"[6.5,1]"
8,lang,LANG-9b,9b,java.lang.ArrayIndexOutOfBoundsException,6,62328,6.5,16986,"[6.5,1]"
9,lang,LANG-9b,9b,java.lang.ArrayIndexOutOfBoundsException,6,62328,6.5,17414,"[6.5,1]"
10,lang,LANG-9b,9b,java.lang.ArrayIndexOutOfBoundsException,6,62328,6.5,16491,"[6.5,1]"
11,lang,LANG-9b,9b,java.lang.ArrayIndexOutOfBoundsException,6,62328,6.5,16506,"[6.5,1]"
12,lang,LANG-9b,9b,java.lang.ArrayIndexOutOfBoundsException,6,62328,6.5,17459,"[6.5,1]"
13,lang,LANG-9b,9b,java.lang.ArrayIndexOutOfBoundsException,6,62328,6.5,17247,"[6.5,1]"
14,lang,LANG-9b,9b,java.lang.ArrayIndexOutOfBoundsException,6,62328,6.5,15430,"[6.5,1]"
15,lang,LANG-9b,9b,java.lang.ArrayIndexOutOfBoundsException,6,62328,6.5,15774,"[6.5,1]"
16,lang,LANG-9b,9b,java.lang.ArrayIndexOutOfBoundsException,6,62328,6.5,16386,"[6.5,1]"
17,lang,LANG-9b,9b,java.lang.ArrayIndexOutOfBoundsException,6,62328,6.5,15739,"[6.5,1]"
18,lang,LANG-9b,9b,java.lang.ArrayIndexOutOfBoundsException,6,62328,6.5,15740,"[6.5,1]"
19,lang,LANG-9b,9b,java.lang.ArrayIndexOutOfBoundsException,6,62328,6.5,16096,"[6.5,1]"
20,lang,LANG-9b,9b,java.lang.ArrayIndexOutOfBoundsException,6,62328,6.5,15084,"[6.5,1]"
21,lang,LANG-9b,9b,java.lang.ArrayIndexOutOfBoundsException,6,62328,6.5,14773,"[6.5,1]"
22,lang,LANG-9b,9b,java.lang.ArrayIndexOutOfBoundsException,6,62328,6.5,14521,"[6.5,1]"
23,lang,LANG-9b,9b,java.lang.ArrayIndexOutOfBoundsException,6,62328,6.5,15964,"[6.5,1]"
24,lang,LANG-9b,9b,java.lang.ArrayIndexOutOfBoundsException,6,62328,6.5,14840,"[6.5,1]"
25,lang,LANG-9b,9b,java.lang.ArrayIndexOutOfBoundsException,6,62328,6.5,14609,"[6.5,1]"
26,lang,LANG-9b,9b,java.lang.ArrayIndexOutOfBoundsException,6,62328,6.5,13516,"[6.5,1]"
27,lang,LANG-9b,9b,java.lang.ArrayIndexOutOfBoundsException,6,62328,6.5,11912,"[6.5,1]"
28,lang,LANG-9b,9b,java.lang.ArrayIndexOutOfBoundsException,6,62328,6.5,14643,"[6.5,1]"
29,lang,LANG-9b,9b,java.lang.ArrayIndexOutOfBoundsException,6,62328,6.5,9845,"[6.5,1]"
30,lang,LANG-9b,9b,java.lang.ArrayIndexOutOfBoundsException,6,62328,6.5,7373,"[6.5,1]"
1,lang,LANG-9b,9b,java.lang.ArrayIndexOutOfBoundsException,7,62328,-1,0,
2,lang,LANG-9b,9b,java.lang.ArrayIndexOutOfBoundsException,7,62328,-1,0,
3,lang,LANG-9b,9b,java.lang.ArrayIndexOutOfBoundsException,7,62328,-1,0,
4,lang,LANG-9b,9b,java.lang.ArrayIndexOutOfBoundsException,7,62328,-1,0,
5,lang,LANG-9b,9b,java.lang.ArrayIndexOutOfBoundsException,7,62328,-1,0,
6,lang,LANG-9b,9b,java.lang.ArrayIndexOutOfBoundsException,7,62328,-1,0,
7,lang,LANG-9b,9b,java.lang.ArrayIndexOutOfBoundsException,7,62328,-1,0,
8,lang,LANG-9b,9b,java.lang.ArrayIndexOutOfBoundsException,7,62328,-1,0,
9,lang,LANG-9b,9b,java.lang.ArrayIndexOutOfBoundsException,7,62328,-1,0,
10,lang,LANG-9b,9b,java.lang.ArrayIndexOutOfBoundsException,7,62328,-1,0,
11,lang,LANG-9b,9b,java.lang.ArrayIndexOutOfBoundsException,7,62328,-1,0,
12,lang,LANG-9b,9b,java.lang.ArrayIndexOutOfBoundsException,7,62328,-1,0,
13,lang,LANG-9b,9b,java.lang.ArrayIndexOutOfBoundsException,7,62328,-1,0,
14,lang,LANG-9b,9b,java.lang.ArrayIndexOutOfBoundsException,7,62328,-1,0,
15,lang,LANG-9b,9b,java.lang.ArrayIndexOutOfBoundsException,7,62328,-1,0,
16,lang,LANG-9b,9b,java.lang.ArrayIndexOutOfBoundsException,7,62328,-1,0,
17,lang,LANG-9b,9b,java.lang.ArrayIndexOutOfBoundsException,7,62328,-1,0,
18,lang,LANG-9b,9b,java.lang.ArrayIndexOutOfBoundsException,7,62328,-1,0,
19,lang,LANG-9b,9b,java.lang.ArrayIndexOutOfBoundsException,7,62328,-1,0,
20,lang,LANG-9b,9b,java.lang.ArrayIndexOutOfBoundsException,7,62328,-1,0,
21,lang,LANG-9b,9b,java.lang.ArrayIndexOutOfBoundsException,7,62328,-1,0,
22,lang,LANG-9b,9b,java.lang.ArrayIndexOutOfBoundsException,7,62328,-1,0,
23,lang,LANG-9b,9b,java.lang.ArrayIndexOutOfBoundsException,7,62328,-1,0,
24,lang,LANG-9b,9b,java.lang.ArrayIndexOutOfBoundsException,7,62328,-1,0,
25,lang,LANG-9b,9b,java.lang.ArrayIndexOutOfBoundsException,7,62328,-1,0,
26,lang,LANG-9b,9b,java.lang.ArrayIndexOutOfBoundsException,7,62328,-1,0,
27,lang,LANG-9b,9b,java.lang.ArrayIndexOutOfBoundsException,7,62328,-1,0,
28,lang,LANG-9b,9b,java.lang.ArrayIndexOutOfBoundsException,7,62328,-1,0,
29,lang,LANG-9b,9b,java.lang.ArrayIndexOutOfBoundsException,7,62328,-1,0,
30,lang,LANG-9b,9b,java.lang.ArrayIndexOutOfBoundsException,7,62328,-1,0,
1,lang,LANG-9b,9b,java.lang.ArrayIndexOutOfBoundsException,8,62328,-1,0,
2,lang,LANG-9b,9b,java.lang.ArrayIndexOutOfBoundsException,8,62328,-1,0,
3,lang,LANG-9b,9b,java.lang.ArrayIndexOutOfBoundsException,8,62328,-1,0,
4,lang,LANG-9b,9b,java.lang.ArrayIndexOutOfBoundsException,8,62328,-1,0,
5,lang,LANG-9b,9b,java.lang.ArrayIndexOutOfBoundsException,8,62328,-1,0,
6,lang,LANG-9b,9b,java.lang.ArrayIndexOutOfBoundsException,8,62328,-1,0,
7,lang,LANG-9b,9b,java.lang.ArrayIndexOutOfBoundsException,8,62328,-1,0,
8,lang,LANG-9b,9b,java.lang.ArrayIndexOutOfBoundsException,8,62328,-1,0,
9,lang,LANG-9b,9b,java.lang.ArrayIndexOutOfBoundsException,8,62328,-1,0,
10,lang,LANG-9b,9b,java.lang.ArrayIndexOutOfBoundsException,8,62328,-1,0,
11,lang,LANG-9b,9b,java.lang.ArrayIndexOutOfBoundsException,8,62328,-1,0,
12,lang,LANG-9b,9b,java.lang.ArrayIndexOutOfBoundsException,8,62328,-1,0,
13,lang,LANG-9b,9b,java.lang.ArrayIndexOutOfBoundsException,8,62328,-1,0,
14,lang,LANG-9b,9b,java.lang.ArrayIndexOutOfBoundsException,8,62328,-1,0,
15,lang,LANG-9b,9b,java.lang.ArrayIndexOutOfBoundsException,8,62328,-1,0,
16,lang,LANG-9b,9b,java.lang.ArrayIndexOutOfBoundsException,8,62328,-1,0,
17,lang,LANG-9b,9b,java.lang.ArrayIndexOutOfBoundsException,8,62328,-1,0,
18,lang,LANG-9b,9b,java.lang.ArrayIndexOutOfBoundsException,8,62328,-1,0,
19,lang,LANG-9b,9b,java.lang.ArrayIndexOutOfBoundsException,8,62328,-1,0,
20,lang,LANG-9b,9b,java.lang.ArrayIndexOutOfBoundsException,8,62328,-1,0,
21,lang,LANG-9b,9b,java.lang.ArrayIndexOutOfBoundsException,8,62328,-1,0,
22,lang,LANG-9b,9b,java.lang.ArrayIndexOutOfBoundsException,8,62328,-1,0,
23,lang,LANG-9b,9b,java.lang.ArrayIndexOutOfBoundsException,8,62328,-1,0,
24,lang,LANG-9b,9b,java.lang.ArrayIndexOutOfBoundsException,8,62328,-1,0,
25,lang,LANG-9b,9b,java.lang.ArrayIndexOutOfBoundsException,8,62328,-1,0,
26,lang,LANG-9b,9b,java.lang.ArrayIndexOutOfBoundsException,8,62328,-1,0,
27,lang,LANG-9b,9b,java.lang.ArrayIndexOutOfBoundsException,8,62328,-1,0,
28,lang,LANG-9b,9b,java.lang.ArrayIndexOutOfBoundsException,8,62328,-1,0,
29,lang,LANG-9b,9b,java.lang.ArrayIndexOutOfBoundsException,8,62328,-1,0,
30,lang,LANG-9b,9b,java.lang.ArrayIndexOutOfBoundsException,8,62328,-1,0,
1,lang,LANG-9b,9b,java.lang.ArrayIndexOutOfBoundsException,9,62328,9.947368421052632,15405,"[9.947368421052632,1]"
2,lang,LANG-9b,9b,java.lang.ArrayIndexOutOfBoundsException,9,62328,9.947368421052632,14808,"[9.947368421052632,1]"
3,lang,LANG-9b,9b,java.lang.ArrayIndexOutOfBoundsException,9,62328,9.947368421052632,15915,"[9.947368421052632,1]"
4,lang,LANG-9b,9b,java.lang.ArrayIndexOutOfBoundsException,9,62328,9.947368421052632,15542,"[9.947368421052632,1]"
5,lang,LANG-9b,9b,java.lang.ArrayIndexOutOfBoundsException,9,62328,9.947368421052632,15966,"[9.947368421052632,1]"
6,lang,LANG-9b,9b,java.lang.ArrayIndexOutOfBoundsException,9,62328,9.947368421052632,15686,"[9.947368421052632,1]"
7,lang,LANG-9b,9b,java.lang.ArrayIndexOutOfBoundsException,9,62328,9.947368421052632,14643,"[9.947368421052632,1]"
8,lang,LANG-9b,9b,java.lang.ArrayIndexOutOfBoundsException,9,62328,9.947368421052632,15006,"[9.947368421052632,1]"
9,lang,LANG-9b,9b,java.lang.ArrayIndexOutOfBoundsException,9,62328,9.947368421052632,14974,"[9.947368421052632,1]"
10,lang,LANG-9b,9b,java.lang.ArrayIndexOutOfBoundsException,9,62328,9.947368421052632,13550,"[9.947368421052632,1]"
11,lang,LANG-9b,9b,java.lang.ArrayIndexOutOfBoundsException,9,62328,9.947368421052632,14786,"[9.947368421052632,1]"
12,lang,LANG-9b,9b,java.lang.ArrayIndexOutOfBoundsException,9,62328,9.947368421052632,7602,"[9.947368421052632,1]"
13,lang,LANG-9b,9b,java.lang.ArrayIndexOutOfBoundsException,9,62328,9.947368421052632,14424,"[9.947368421052632,1]"
14,lang,LANG-9b,9b,java.lang.ArrayIndexOutOfBoundsException,9,62328,9.947368421052632,13677,"[9.947368421052632,1]"
15,lang,LANG-9b,9b,java.lang.ArrayIndexOutOfBoundsException,9,62328,9.947368421052632,13984,"[9.947368421052632,1]"
16,lang,LANG-9b,9b,java.lang.ArrayIndexOutOfBoundsException,9,62328,9.947368421052632,14708,"[9.947368421052632,1]"
17,lang,LANG-9b,9b,java.lang.ArrayIndexOutOfBoundsException,9,62328,9.947368421052632,13494,"[9.947368421052632,1]"
18,lang,LANG-9b,9b,java.lang.ArrayIndexOutOfBoundsException,9,62328,9.947368421052632,13229,"[9.947368421052632,1]"
19,lang,LANG-9b,9b,java.lang.ArrayIndexOutOfBoundsException,9,62328,9.947368421052632,13956,"[9.947368421052632,1]"
20,lang,LANG-9b,9b,java.lang.ArrayIndexOutOfBoundsException,9,62328,9.947368421052632,13988,"[9.947368421052632,1]"
21,lang,LANG-9b,9b,java.lang.ArrayIndexOutOfBoundsException,9,62328,9.947368421052632,14228,"[9.947368421052632,1]"
22,lang,LANG-9b,9b,java.lang.ArrayIndexOutOfBoundsException,9,62328,9.947368421052632,14099,"[9.947368421052632,1]"
23,lang,LANG-9b,9b,java.lang.ArrayIndexOutOfBoundsException,9,62328,9.947368421052632,14794,"[9.947368421052632,1]"
24,lang,LANG-9b,9b,java.lang.ArrayIndexOutOfBoundsException,9,62328,9.947368421052632,13374,"[9.947368421052632,1]"
25,lang,LANG-9b,9b,java.lang.ArrayIndexOutOfBoundsException,9,62328,9.947368421052632,13506,"[9.947368421052632,1]"
26,lang,LANG-9b,9b,java.lang.ArrayIndexOutOfBoundsException,9,62328,9.947368421052632,10642,"[9.947368421052632,1]"
27,lang,LANG-9b,9b,java.lang.ArrayIndexOutOfBoundsException,9,62328,9.947368421052632,11046,"[9.947368421052632,1]"
28,lang,LANG-9b,9b,java.lang.ArrayIndexOutOfBoundsException,9,62328,9.947368421052632,12017,"[9.947368421052632,1]"
29,lang,LANG-9b,9b,java.lang.ArrayIndexOutOfBoundsException,9,62328,9.947368421052632,10065,"[9.947368421052632,1]"
30,lang,LANG-9b,9b,java.lang.ArrayIndexOutOfBoundsException,9,62328,9.947368421052632,7035,"[9.947368421052632,1]"
1,lang,LANG-9b,9b,java.lang.ArrayIndexOutOfBoundsException,10,62328,10.5,16677,"[10.5,1]"
2,lang,LANG-9b,9b,java.lang.ArrayIndexOutOfBoundsException,10,62328,10.5,16690,"[10.5,1]"
3,lang,LANG-9b,9b,java.lang.ArrayIndexOutOfBoundsException,10,62328,10.5,16408,"[10.5,1]"
4,lang,LANG-9b,9b,java.lang.ArrayIndexOutOfBoundsException,10,62328,10.5,17014,"[10.5,1]"
5,lang,LANG-9b,9b,java.lang.ArrayIndexOutOfBoundsException,10,62328,10.5,18872,"[10.5,1]"
6,lang,LANG-9b,9b,java.lang.ArrayIndexOutOfBoundsException,10,62328,10.5,16029,"[10.5,1]"
7,lang,LANG-9b,9b,java.lang.ArrayIndexOutOfBoundsException,10,62328,10.5,17262,"[10.5,1]"
8,lang,LANG-9b,9b,java.lang.ArrayIndexOutOfBoundsException,10,62328,10.5,14672,"[10.5,1]"
9,lang,LANG-9b,9b,java.lang.ArrayIndexOutOfBoundsException,10,62328,10.5,16428,"[10.5,1]"
10,lang,LANG-9b,9b,java.lang.ArrayIndexOutOfBoundsException,10,62328,10.5,17270,"[10.5,1]"
11,lang,LANG-9b,9b,java.lang.ArrayIndexOutOfBoundsException,10,62328,10.5,14074,"[10.5,1]"
12,lang,LANG-9b,9b,java.lang.ArrayIndexOutOfBoundsException,10,62328,10.5,12310,"[10.5,1]"
13,lang,LANG-9b,9b,java.lang.ArrayIndexOutOfBoundsException,10,62328,10.5,16771,"[10.5,1]"
14,lang,LANG-9b,9b,java.lang.ArrayIndexOutOfBoundsException,10,62328,10.5,15401,"[10.5,1]"
15,lang,LANG-9b,9b,java.lang.ArrayIndexOutOfBoundsException,10,62328,10.5,13575,"[10.5,1]"
16,lang,LANG-9b,9b,java.lang.ArrayIndexOutOfBoundsException,10,62328,10.5,13940,"[10.5,1]"
17,lang,LANG-9b,9b,java.lang.ArrayIndexOutOfBoundsException,10,62328,10.5,14266,"[10.5,1]"
18,lang,LANG-9b,9b,java.lang.ArrayIndexOutOfBoundsException,10,62328,10.5,16040,"[10.5,1]"
19,lang,LANG-9b,9b,java.lang.ArrayIndexOutOfBoundsException,10,62328,10.5,13812,"[10.5,1]"
20,lang,LANG-9b,9b,java.lang.ArrayIndexOutOfBoundsException,10,62328,10.5,11650,"[10.5,1]"
21,lang,LANG-9b,9b,java.lang.ArrayIndexOutOfBoundsException,10,62328,10.5,14693,"[10.5,1]"
22,lang,LANG-9b,9b,java.lang.ArrayIndexOutOfBoundsException,10,62328,10.5,11534,"[10.5,1]"
23,lang,LANG-9b,9b,java.lang.ArrayIndexOutOfBoundsException,10,62328,10.5,13794,"[10.5,1]"
24,lang,LANG-9b,9b,java.lang.ArrayIndexOutOfBoundsException,10,62328,10.5,14451,"[10.5,1]"
25,lang,LANG-9b,9b,java.lang.ArrayIndexOutOfBoundsException,10,62328,10.5,12874,"[10.5,1]"
26,lang,LANG-9b,9b,java.lang.ArrayIndexOutOfBoundsException,10,62328,10.5,12267,"[10.5,1]"
27,lang,LANG-9b,9b,java.lang.ArrayIndexOutOfBoundsException,10,62328,10.5,11536,"[10.5,1]"
28,lang,LANG-9b,9b,java.lang.ArrayIndexOutOfBoundsException,10,62328,10.5,12231,"[10.5,1]"
29,lang,LANG-9b,9b,java.lang.ArrayIndexOutOfBoundsException,10,62328,10.5,10398,"[10.5,1]"
30,lang,LANG-9b,9b,java.lang.ArrayIndexOutOfBoundsException,10,62328,10.5,6790,"[10.5,1]"
1,math,MATH-100b,100b,java.lang.ArrayIndexOutOfBoundsException,1,62328,0.0,21,"[1.75,1][1.7142857142857144,5][1.3333333333333333,9][1.0,14][0.0,21]"
2,math,MATH-100b,100b,java.lang.ArrayIndexOutOfBoundsException,1,62328,0.0,9,"[1.75,1][1.3333333333333333,3][0.0,9]"
3,math,MATH-100b,100b,java.lang.ArrayIndexOutOfBoundsException,1,62328,0.0,21,"[1.75,1][1.7142857142857144,5][1.3333333333333333,10][0.0,21]"
4,math,MATH-100b,100b,java.lang.ArrayIndexOutOfBoundsException,1,62328,0.0,21,"[1.75,1][1.7142857142857144,4][1.3333333333333333,10][0.0,21]"
5,math,MATH-100b,100b,java.lang.ArrayIndexOutOfBoundsException,1,62328,0.0,14,"[1.75,1][1.3333333333333333,3][1.0,8][0.0,14]"
6,math,MATH-100b,100b,java.lang.ArrayIndexOutOfBoundsException,1,62328,0.0,33,"[1.75,1][1.3333333333333333,21][0.0,33]"
7,math,MATH-100b,100b,java.lang.ArrayIndexOutOfBoundsException,1,62328,0.0,9,"[1.75,1][1.3333333333333333,4][0.0,9]"
8,math,MATH-100b,100b,java.lang.ArrayIndexOutOfBoundsException,1,62328,0.0,13,"[1.75,1][1.7142857142857144,3][1.3333333333333333,6][1.0,11][0.0,13]"
9,math,MATH-100b,100b,java.lang.ArrayIndexOutOfBoundsException,1,62328,0.0,4,"[1.75,1][1.7142857142857144,2][0.0,4]"
10,math,MATH-100b,100b,java.lang.ArrayIndexOutOfBoundsException,1,62328,0.0,18,"[1.75,1][1.3333333333333333,6][0.0,18]"
11,math,MATH-100b,100b,java.lang.ArrayIndexOutOfBoundsException,1,62328,0.0,49,"[1.75,1][1.7142857142857144,2][1.3333333333333333,3][1.0,15][0.0,49]"
12,math,MATH-100b,100b,java.lang.ArrayIndexOutOfBoundsException,1,62328,0.0,4398,"[1.75,1][1.0,12][0.0,4398]"
13,math,MATH-100b,100b,java.lang.ArrayIndexOutOfBoundsException,1,62328,0.0,13,"[1.75,1][1.7142857142857144,3][1.3333333333333333,5][1.0,12][0.0,13]"
14,math,MATH-100b,100b,java.lang.ArrayIndexOutOfBoundsException,1,62328,0.0,52,"[1.75,1][1.0,6][0.0,52]"
15,math,MATH-100b,100b,java.lang.ArrayIndexOutOfBoundsException,1,62328,0.0,16,"[1.75,1][1.7142857142857144,4][1.3333333333333333,11][0.0,16]"
16,math,MATH-100b,100b,java.lang.ArrayIndexOutOfBoundsException,1,62328,0.0,5,"[1.75,1][0.0,5]"
17,math,MATH-100b,100b,java.lang.ArrayIndexOutOfBoundsException,1,62328,0.0,31,"[1.75,1][1.7142857142857144,7][1.3333333333333333,10][1.0,14][0.0,31]"
18,math,MATH-100b,100b,java.lang.ArrayIndexOutOfBoundsException,1,62328,0.0,41,"[1.75,1][1.3333333333333333,5][1.0,6][0.0,41]"
19,math,MATH-100b,100b,java.lang.ArrayIndexOutOfBoundsException,1,62328,0.0,15,"[1.75,1][1.3333333333333333,5][1.0,13][0.0,15]"
20,math,MATH-100b,100b,java.lang.ArrayIndexOutOfBoundsException,1,62328,0.0,15,"[1.75,1][1.7142857142857144,7][1.3333333333333333,8][1.0,11][0.0,15]"
21,math,MATH-100b,100b,java.lang.ArrayIndexOutOfBoundsException,1,62328,0.0,16,"[1.9705882352941178,1][1.75,2][1.7142857142857144,7][1.3333333333333333,9][0.0,16]"
22,math,MATH-100b,100b,java.lang.ArrayIndexOutOfBoundsException,1,62328,0.0,16,"[1.75,1][1.3333333333333333,5][1.0,10][0.0,16]"
23,math,MATH-100b,100b,java.lang.ArrayIndexOutOfBoundsException,1,62328,0.0,12,"[1.75,1][1.3333333333333333,3][0.0,12]"
24,math,MATH-100b,100b,java.lang.ArrayIndexOutOfBoundsException,1,62328,0.0,16,"[1.75,1][1.3333333333333333,8][1.0,11][0.0,16]"
25,math,MATH-100b,100b,java.lang.ArrayIndexOutOfBoundsException,1,62328,0.0,6,"[1.75,1][1.3333333333333333,5][0.0,6]"
26,math,MATH-100b,100b,java.lang.ArrayIndexOutOfBoundsException,1,62328,0.0,16,"[1.75,1][1.7142857142857144,5][1.3333333333333333,6][1.0,9][0.0,16]"
27,math,MATH-100b,100b,java.lang.ArrayIndexOutOfBoundsException,1,62328,0.0,18,"[1.75,1][1.3333333333333333,6][1.0,14][0.0,18]"
28,math,MATH-100b,100b,java.lang.ArrayIndexOutOfBoundsException,1,62328,0.0,12,"[1.75,1][1.7142857142857144,2][1.3333333333333333,8][0.0,12]"
29,math,MATH-100b,100b,java.lang.ArrayIndexOutOfBoundsException,1,62328,0.0,4,"[1.75,1][0.0,4]"
30,math,MATH-100b,100b,java.lang.ArrayIndexOutOfBoundsException,1,62328,0.0,7,"[1.3333333333333333,1][1.0,3][0.0,7]"
1,math,MATH-3b,3b,java.lang.ArrayIndexOutOfBoundsException,1,62328,-1,0,
2,math,MATH-3b,3b,java.lang.ArrayIndexOutOfBoundsException,1,62328,-1,0,
3,math,MATH-3b,3b,java.lang.ArrayIndexOutOfBoundsException,1,62328,-1,0,
4,math,MATH-3b,3b,java.lang.ArrayIndexOutOfBoundsException,1,62328,-1,0,
5,math,MATH-3b,3b,java.lang.ArrayIndexOutOfBoundsException,1,62328,-1,0,
6,math,MATH-3b,3b,java.lang.ArrayIndexOutOfBoundsException,1,62328,-1,0,
7,math,MATH-3b,3b,java.lang.ArrayIndexOutOfBoundsException,1,62328,-1,0,
8,math,MATH-3b,3b,java.lang.ArrayIndexOutOfBoundsException,1,62328,-1,0,
9,math,MATH-3b,3b,java.lang.ArrayIndexOutOfBoundsException,1,62328,-1,0,
10,math,MATH-3b,3b,java.lang.ArrayIndexOutOfBoundsException,1,62328,-1,0,
11,math,MATH-3b,3b,java.lang.ArrayIndexOutOfBoundsException,1,62328,-1,0,
12,math,MATH-3b,3b,java.lang.ArrayIndexOutOfBoundsException,1,62328,-1,0,
13,math,MATH-3b,3b,java.lang.ArrayIndexOutOfBoundsException,1,62328,-1,0,
14,math,MATH-3b,3b,java.lang.ArrayIndexOutOfBoundsException,1,62328,-1,0,
15,math,MATH-3b,3b,java.lang.ArrayIndexOutOfBoundsException,1,62328,-1,0,
16,math,MATH-3b,3b,java.lang.ArrayIndexOutOfBoundsException,1,62328,-1,0,
17,math,MATH-3b,3b,java.lang.ArrayIndexOutOfBoundsException,1,62328,-1,0,
18,math,MATH-3b,3b,java.lang.ArrayIndexOutOfBoundsException,1,62328,-1,0,
19,math,MATH-3b,3b,java.lang.ArrayIndexOutOfBoundsException,1,62328,-1,0,
20,math,MATH-3b,3b,java.lang.ArrayIndexOutOfBoundsException,1,62328,-1,0,
21,math,MATH-3b,3b,java.lang.ArrayIndexOutOfBoundsException,1,62328,-1,0,
22,math,MATH-3b,3b,java.lang.ArrayIndexOutOfBoundsException,1,62328,-1,0,
23,math,MATH-3b,3b,java.lang.ArrayIndexOutOfBoundsException,1,62328,-1,0,
24,math,MATH-3b,3b,java.lang.ArrayIndexOutOfBoundsException,1,62328,-1,0,
25,math,MATH-3b,3b,java.lang.ArrayIndexOutOfBoundsException,1,62328,-1,0,
26,math,MATH-3b,3b,java.lang.ArrayIndexOutOfBoundsException,1,62328,-1,0,
27,math,MATH-3b,3b,java.lang.ArrayIndexOutOfBoundsException,1,62328,-1,0,
28,math,MATH-3b,3b,java.lang.ArrayIndexOutOfBoundsException,1,62328,-1,0,
29,math,MATH-3b,3b,java.lang.ArrayIndexOutOfBoundsException,1,62328,-1,0,
30,math,MATH-3b,3b,java.lang.ArrayIndexOutOfBoundsException,1,62328,-1,0,
1,math,MATH-81b,81b,java.lang.ArrayIndexOutOfBoundsException,1,62328,1.6666665290377134,938,"[4.666666666666666,1][4.333333333333333,4][1.8461538461538463,11][1.8181818181818183,21][1.7999999999809413,601][1.799999872195408,626][1.7999998605644074,630][1.7999998605347516,632][1.799998115678497,637][1.7999953291763002,658][1.7999952934531933,668][1.7996357012750455,670][1.7993527508090614,701][1.6666666665012557,703][1.6666666664976497,714][1.6666666664640664,726][1.6666666664513903,729][1.6666666664030103,731][1.666666666399737,739][1.6666666663997,745][1.6666666660279694,752][1.6666666660276745,756][1.6666666660273748,768][1.6666666660206,776][1.6666666645987362,779][1.6666666635219431,784][1.6666666635219423,800][1.6666666633085088,802][1.6666666375498553,806][1.6666666349519388,813][1.6666666169432607,818][1.6666666167862698,848][1.6666665587149427,852][1.6666665586354885,909][1.6666665290377134,926]"
2,math,MATH-81b,81b,java.lang.ArrayIndexOutOfBoundsException,1,62328,1.0,974,"[4.666666666666666,1][1.0,5]"
3,math,MATH-81b,81b,java.lang.ArrayIndexOutOfBoundsException,1,62328,1.0,333,"[4.666666666666666,1][1.8461538461538463,8][1.8181818181818183,17][1.6666666666148944,31][1.6666666666106615,41][1.666666666606409,63][1.6666666666063639,66][1.6666666666062933,73][1.6666666666062513,81][1.6666666665997498,86][1.6666666665997494,91][1.6666666665946668,93][1.6666666665946543,107][1.6666666665945593,115][1.6666666665945584,123][1.6666666665936802,129][1.66666666659368,141][1.6666666665936698,147][1.666666666593661,149][1.6666666665935854,170][1.6666666665935463,173][1.6666666665934955,180][1.6666666665933327,181][1.6666666665933216,199][1.6666666665933068,200][1.6666666665932928,213][1.6666666665932914,221][1.6666666665924152,237][1.6666666665924148,248][1.0,263]"
4,math,MATH-81b,81b,java.lang.ArrayIndexOutOfBoundsException,1,62328,0.0,328,"[4.666666666666666,1][2.6,23][1.8461538461538463,30][1.8181818181818183,37][1.7999999999813703,40][1.7999999999813645,47][1.799999999981281,55][1.6666666666145415,57][1.6666666666105174,58][1.6666666666094445,69][1.666666666607361,76][1.6666666666073382,83][1.6666666665851086,86][1.6666666665834948,92][1.6666666665788286,96][1.6666666664453196,100][1.6666666664453071,111][1.6666666664421408,112][1.666666666422981,124][1.6666666662209138,153][1.6666666662209135,166][1.666666665609375,193][1.6666666648675017,218][1.0,311][0.0,328]"
5,math,MATH-81b,81b,java.lang.ArrayIndexOutOfBoundsException,1,62328,1.0,745,"[4.666666666666666,1][4.333333333333333,6][1.8461538461538463,199][1.7999999999813694,210][1.7999999999807872,215][1.7999999999807867,222][1.7999999937144997,223][1.7999999833392812,225][1.7999999798893391,232][1.666666666551244,236][1.6666666665463723,242][1.6666666665430552,273][1.666666666540337,276][1.6666666665226222,289][1.6666666664637002,292][1.6666666664636565,299][1.6666666664508918,312][1.6666666664489083,320][1.6666666664482737,324][1.6666666664476126,335][1.6666666664471366,340][1.6666666664246172,350][1.666666666392593,361][1.666666666389616,383][1.6666666663389371,398][1.6666666663383252,403][1.6666666662951868,406][1.6666666662949912,446][1.6666666662948848,472][1.0,504]"
6,math,MATH-81b,81b,java.lang.ArrayIndexOutOfBoundsException,1,62328,1.7999999999813678,214,"[4.4,1][4.333333333333333,5][1.8181818181818183,109][1.7999999999813678,211]"
7,math,MATH-81b,81b,java.lang.ArrayIndexOutOfBoundsException,1,62328,1.0,1200,"[4.666666666666666,1][4.4,13][1.8461538461538463,19][1.8181818181818183,37][1.799999999981364,876][1.7999999999812302,887][1.7999999999812095,891][1.7999999999809244,897][1.799999999980731,906][1.7999999999806753,907][1.7999999999806653,909][1.7999999999804466,914][1.7999999999804452,932][1.7999999999798608,934][1.0,939]"
8,math,MATH-81b,81b,java.lang.ArrayIndexOutOfBoundsException,1,62328,1.0,322,"[4.666666666666666,1][1.8181818181818183,3][1.0,17]"
9,math,MATH-81b,81b,java.lang.ArrayIndexOutOfBoundsException,1,62328,0.0,87,"[4.666666666666666,1][2.0,8][1.8461538461538463,12][1.8181818181818183,16][1.799999999977496,65][1.799999999965325,69][1.7999999890404108,72][1.7999792939227663,73][1.0,74][0.0,87]"
10,math,MATH-81b,81b,java.lang.ArrayIndexOutOfBoundsException,1,62328,0.0,104,"[4.666666666666666,1][1.8461538461538463,11][1.8181818181818183,13][1.7999999999813663,37][1.7999999999813652,39][1.0,42][0.0,104]"
11,math,MATH-81b,81b,java.lang.ArrayIndexOutOfBoundsException,1,62328,0.0,305,"[4.666666666666666,1][1.8461538461538463,4][1.8181818181818183,32][1.7999999999812994,169][1.799999999981299,176][1.7999999999812872,178][1.7999999999811882,179][1.7999999999811527,185][1.7999999999810667,193][1.799999999981064,206][1.7999999999810599,215][1.7999999999810576,226][1.7999999999810568,239][1.7999999999810563,240][1.7999999862408806,243][1.7999555950266428,252][1.7999554466473602,258][1.0,282][0.0,305]"
12,math,MATH-81b,81b,java.lang.ArrayIndexOutOfBoundsException,1,62328,0.0,213,"[4.666666666666666,1][1.8461538461538463,12][1.8181818181818183,24][1.7999999999781284,176][1.7999999997579903,189][1.6666666666143657,198][1.0,199][0.0,213]"
13,math,MATH-81b,81b,java.lang.ArrayIndexOutOfBoundsException,1,62328,0.0,83,"[4.666666666666666,1][1.8461538461538463,22][1.8181818181818183,29][1.799999999942393,38][1.7999999999408445,45][1.7999999999286416,48][1.0,57][0.0,83]"
14,math,MATH-81b,81b,java.lang.ArrayIndexOutOfBoundsException,1,62328,1.0,456,"[4.666666666666666,1][1.8461538461538463,7][1.8181818181818183,21][1.7999999999813123,26][1.0,32]"
15,math,MATH-81b,81b,java.lang.ArrayIndexOutOfBoundsException,1,62328,1.0,443,"[4.666666666666666,1][4.333333333333333,16][1.8461538461538463,17][1.8181818181818183,28][1.7999999999813516,31][1.7999999971902532,33][1.799999997190253,40][1.7992700729927007,44][1.7992565055762082,62][1.7991967871485943,64][1.7991803278688525,84][1.799163179916318,108][1.799145299145299,127][1.7991266375545854,136][1.797752808988764,139][1.7974683544303798,162][1.0,236]"
16,math,MATH-81b,81b,java.lang.ArrayIndexOutOfBoundsException,1,62328,1.0,719,"[4.333333333333333,1][1.8181818181818183,4][1.7999999999813494,18][1.0,25]"
17,math,MATH-81b,81b,java.lang.ArrayIndexOutOfBoundsException,1,62328,0.0,317,"[4.666666666666666,1][4.333333333333333,8][1.8461538461538463,148][1.8181818181818183,167][1.799999999981204,266][1.7999999999811918,273][1.0,281][0.0,317]"
18,math,MATH-81b,81b,java.lang.ArrayIndexOutOfBoundsException,1,62328,1.8181818181818183,290,"[4.666666666666666,1][4.333333333333333,2][1.8461538461538463,153][1.8181818181818183,209]"
19,math,MATH-81b,81b,java.lang.ArrayIndexOutOfBoundsException,1,62328,1.0,1015,"[4.666666666666666,1][1.8461538461538463,6][1.0,14]"
20,math,MATH-81b,81b,java.lang.ArrayIndexOutOfBoundsException,1,62328,0.0,38,"[4.666666666666666,1][2.4,4][2.0,18][1.8461538461538463,22][1.0,24][0.0,38]"
21,math,MATH-81b,81b,java.lang.ArrayIndexOutOfBoundsException,1,62328,0.0,199,"[4.666666666666666,1][1.8461538461538463,2][1.7999999999794403,13][1.7999999998076204,21][1.7999999942661395,27][1.7999999940208515,31][1.799999993956284,37][1.799999925038858,41][1.7999997245554669,53][1.7999997245156296,56][1.7999997184740164,71][1.799999717128172,74][1.799999717042128,90][1.7999997155955998,92][1.7999977186918978,95][1.7999977078414742,114][1.7999968391440402,137][1.7999058380414312,140][1.7999053926206243,147][1.7777777777777777,155][1.0,182][0.0,199]"
22,math,MATH-81b,81b,java.lang.ArrayIndexOutOfBoundsException,1,62328,1.0,58,"[2.0,1][1.8181818181818183,4][1.7999999999810083,37][1.7999999999809866,45][1.799999999980986,49][1.7999999999809817,53][1.7999999999803342,55][1.0,57]"
23,math,MATH-81b,81b,java.lang.ArrayIndexOutOfBoundsException,1,62328,1.7999999999813625,1252,"[4.666666666666666,1][1.8461538461538463,32][1.8181818181818183,74][1.7999999999813672,1169][1.7999999999813654,1176][1.799999999981363,1186][1.7999999999813627,1225][1.7999999999813625,1238]"
24,math,MATH-81b,81b,java.lang.ArrayIndexOutOfBoundsException,1,62328,0.0,140,"[2.0,1][1.8181818181818183,5][1.7999999999811642,21][1.7999999999793788,25][1.7999999999792893,26][1.7999999999789906,45][1.6666666665950227,52][1.0,58][0.0,140]"
25,math,MATH-81b,81b,java.lang.ArrayIndexOutOfBoundsException,1,62328,0.0,299,"[4.666666666666666,1][4.4,8][2.6,31][1.8461538461538463,36][1.8181818181818183,40][1.0,120][0.0,299]"
26,math,MATH-81b,81b,java.lang.ArrayIndexOutOfBoundsException,1,62328,0.0,37,"[4.666666666666666,1][1.8461538461538463,3][1.8181818181818183,5][1.7999999999001384,8][1.79999999987571,19][1.7999999992650721,20][1.0,21][0.0,37]"
27,math,MATH-81b,81b,java.lang.ArrayIndexOutOfBoundsException,1,62328,1.0,920,"[4.666666666666666,1][2.4,18][1.8461538461538463,31][1.8181818181818183,49][1.0,115]"
28,math,MATH-81b,81b,java.lang.ArrayIndexOutOfBoundsException,1,62328,1.0,432,"[4.666666666666666,1][1.8461538461538463,5][1.8181818181818183,8][1.799999999691039,98][1.7999999994832838,103][1.7999999994832174,108][1.7999999985596546,110][1.799999998559262,122][1.7999999985528596,133][1.7999996714222815,136][1.7941176470588234,154][1.0,174]"
29,math,MATH-81b,81b,java.lang.ArrayIndexOutOfBoundsException,1,62328,0.0,138,"[4.666666666666666,1][2.4,16][2.333333333333333,37][1.7999999999805085,43][1.7999999999805083,50][1.7999999999804965,53][1.7999999999783562,56][1.799999999973013,64][1.7999999966175064,87][1.0,91][0.0,138]"
30,math,MATH-81b,81b,java.lang.ArrayIndexOutOfBoundsException,1,62328,1.0,179,"[4.666666666666666,1][4.4,4][4.333333333333333,33][2.0,54][1.8461538461538463,58][1.7999999999813734,59][1.6666666666149008,74][1.0,123]"
1,math,MATH-81b,81b,java.lang.ArrayIndexOutOfBoundsException,2,62328,0.0,314,"[4.666666666666666,1][4.333333333333333,13][1.8461538461538463,18][1.8181818181818183,170][1.7999999999783987,194][1.7999999999730298,218][1.7999999999705834,222][1.799999999970504,228][1.7999999999662393,237][1.0,243][0.0,314]"
2,math,MATH-81b,81b,java.lang.ArrayIndexOutOfBoundsException,2,62328,1.0,978,"[2.4,1][1.8181818181818183,9][1.7999999999806202,94][1.7999999999771417,102][1.7999999999760057,105][1.7999999999397813,108][1.7999999999230019,117][1.799999999918775,122][1.7999999998279708,132][1.799999150125994,166][1.0,172]"
3,math,MATH-81b,81b,java.lang.ArrayIndexOutOfBoundsException,2,62328,1.0,556,"[4.666666666666666,1][1.8181818181818183,6][1.7999999999294445,12][1.799999990552985,16][1.7999999905469974,27][1.7999999904092718,28][1.6666666665489718,30][1.6666666664107521,35][1.6666666663525433,37][1.6666666663518992,47][1.666666666324378,59][1.666666666322988,68][1.6666666663225604,77][1.666666666298981,79][1.6666666662638403,98][1.6666666662277778,108][1.6666666661796574,118][1.6666666661758562,130][1.66666666601436,135][1.666666666002612,145][1.6666666659914924,165][1.6666666659194043,166][1.6666666658621259,173][1.6666666658048275,176][1.6666666643885555,189][1.6666666643645045,210][1.6666666643644892,222][1.6666666159591008,245][1.6666666159589854,258][1.666666604496576,264][1.6666665898932211,277][1.0,300]"
4,math,MATH-81b,81b,java.lang.ArrayIndexOutOfBoundsException,2,62328,1.0,1405,"[4.666666666666666,1][2.6,2][1.8181818181818183,12][1.0,39]"
5,math,MATH-81b,81b,java.lang.ArrayIndexOutOfBoundsException,2,62328,1.0,1399,"[4.666666666666666,1][4.333333333333333,10][1.8461538461538463,90][1.8181818181818183,154][1.0,177]"
6,math,MATH-81b,81b,java.lang.ArrayIndexOutOfBoundsException,2,62328,1.0,1146,"[4.666666666666666,1][1.8461538461538463,22][1.8181818181818183,25][1.7999868498915117,53][1.0,66]"
7,math,MATH-81b,81b,java.lang.ArrayIndexOutOfBoundsException,2,62328,1.8181818181818183,1397,"[4.666666666666666,1][4.4,10][4.333333333333333,18][2.6,19][2.4,23][1.8461538461538463,67][1.8181818181818183,76]"
8,math,MATH-81b,81b,java.lang.ArrayIndexOutOfBoundsException,2,62328,1.7999994625086335,161,"[4.666666666666666,1][1.8461538461538463,29][1.8181818181818183,41][1.7999999613748916,56][1.7999999609756023,68][1.79999981919008,70][1.7999998191369395,76][1.7999994884831991,87][1.7999994884308639,98][1.7999994803156563,102][1.7999994794364378,119][1.7999994778258759,120][1.7999994777917903,126][1.7999994689311443,141][1.7999994625086335,155]"
9,math,MATH-81b,81b,java.lang.ArrayIndexOutOfBoundsException,2,62328,0.0,270,"[4.666666666666666,1][1.8461538461538463,16][1.8181818181818183,29][1.0,229][0.0,270]"
10,math,MATH-81b,81b,java.lang.ArrayIndexOutOfBoundsException,2,62328,1.7999999969438116,182,"[4.666666666666666,1][1.8461538461538463,3][1.8181818181818183,70][1.7999999969438116,172]"
11,math,MATH-81b,81b,java.lang.ArrayIndexOutOfBoundsException,2,62328,1.0,741,"[4.666666666666666,1][1.8181818181818183,2][1.7999999999813552,16][1.799999999981355,28][1.7999999999813534,44][1.7999999999813188,109][1.7999999999813177,119][1.7999999999812915,120][1.7999999999766925,142][1.799999999953337,149][1.0,154]"
12,math,MATH-81b,81b,java.lang.ArrayIndexOutOfBoundsException,2,62328,1.8181818181818183,895,"[4.666666666666666,1][1.8461538461538463,5][1.8181818181818183,12]"
13,math,MATH-81b,81b,java.lang.ArrayIndexOutOfBoundsException,2,62328,1.0,1202,"[4.4,1][2.6,48][2.4,52][1.8461538461538463,68][1.8181818181818183,72][1.0,101]"
14,math,MATH-81b,81b,java.lang.ArrayIndexOutOfBoundsException,2,62328,1.7999999763643222,127,"[4.666666666666666,1][1.8461538461538463,2][1.8181818181818183,44][1.7999999969077827,57][1.799999995254168,66][1.7999999819111077,79][1.799999980977534,102][1.7999999763644479,113][1.7999999763643222,117]"
15,math,MATH-81b,81b,java.lang.ArrayIndexOutOfBoundsException,2,62328,1.0,720,"[4.666666666666666,1][2.6,2][1.8461538461538463,6][1.8181818181818183,17][1.7999999999813618,64][1.0,78]"
16,math,MATH-81b,81b,java.lang.ArrayIndexOutOfBoundsException,2,62328,0.0,202,"[2.0,1][1.8181818181818183,4][1.0,7][0.0,202]"
17,math,MATH-81b,81b,java.lang.ArrayIndexOutOfBoundsException,2,62328,1.0,1068,"[4.666666666666666,1][1.8461538461538463,7][1.0,8]"
18,math,MATH-81b,81b,java.lang.ArrayIndexOutOfBoundsException,2,62328,0.0,140,"[4.666666666666666,1][1.8181818181818183,3][1.7999999999813445,22][1.7999999999773872,31][1.7999999999773855,42][1.7999999994098914,43][1.6666666666143035,46][1.0,53][0.0,140]"
19,math,MATH-81b,81b,java.lang.ArrayIndexOutOfBoundsException,2,62328,1.7777777777777777,233,"[4.666666666666666,1][1.7999999987105573,3][1.799999998710557,27][1.7999999931428907,29][1.799999993142725,43][1.7777777777777777,46]"
20,math,MATH-81b,81b,java.lang.ArrayIndexOutOfBoundsException,2,62328,1.0,841,"[4.666666666666666,1][1.8461538461538463,19][1.8181818181818183,24][1.7894736842105263,106][1.7857142857142858,111][1.7777777777777777,124][1.0,127]"
21,math,MATH-81b,81b,java.lang.ArrayIndexOutOfBoundsException,2,62328,1.0,558,"[4.666666666666666,1][1.8461538461538463,7][1.8181818181818183,10][1.7999999999672387,70][1.7999999994559035,73][1.7999999994541813,76][1.799999998778832,82][1.7857142857142858,84][1.7777777777777777,93][1.0,131]"
22,math,MATH-81b,81b,java.lang.ArrayIndexOutOfBoundsException,2,62328,1.6666666665910403,1630,"[4.666666666666666,1][4.333333333333333,5][1.8461538461538463,19][1.8181818181818183,33][1.6666666666110013,1503][1.6666666665910412,1523][1.6666666665910403,1624]"
23,math,MATH-81b,81b,java.lang.ArrayIndexOutOfBoundsException,2,62328,0.0,611,"[4.666666666666666,1][2.0,19][1.8461538461538463,20][1.8181818181818183,23][1.7999999999813494,29][1.7999999999813454,40][1.7999999999811114,50][1.7999999999811112,53][1.799999999981111,54][1.7999999999806113,60][1.0,63][0.0,611]"
24,math,MATH-81b,81b,java.lang.ArrayIndexOutOfBoundsException,2,62328,1.0,755,"[4.666666666666666,1][1.8461538461538463,2][1.8181818181818183,13][1.0,63]"
25,math,MATH-81b,81b,java.lang.ArrayIndexOutOfBoundsException,2,62328,1.8181818181818183,42,"[4.666666666666666,1][4.333333333333333,3][1.8461538461538463,8][1.8181818181818183,12]"
26,math,MATH-81b,81b,java.lang.ArrayIndexOutOfBoundsException,2,62328,1.0,815,"[4.666666666666666,1][4.333333333333333,7][1.8181818181818183,16][1.0,43]"
27,math,MATH-81b,81b,java.lang.ArrayIndexOutOfBoundsException,2,62328,1.6666666631327174,462,"[4.666666666666666,1][4.333333333333333,10][1.8461538461538463,56][1.8181818181818183,58][1.6666666666136671,67][1.6666666666111682,75][1.6666666666111025,82][1.6666666666109586,108][1.6666666666109138,110][1.6666666666093657,112][1.6666666666077634,119][1.666666666607752,133][1.6666666666076377,144][1.666666666607426,151][1.6666666666071475,159][1.666666666592634,178][1.6666666665883154,183][1.6666666665883152,190][1.6666666665878775,206][1.6666666665827203,212][1.666666666582513,243][1.666666666550841,267][1.6666666664594638,268][1.6666666663271137,281][1.6666666660238159,286][1.666666665109997,289][1.6666666631327391,350][1.6666666631327174,397]"
28,math,MATH-81b,81b,java.lang.ArrayIndexOutOfBoundsException,2,62328,1.0,259,"[4.666666666666666,1][1.8181818181818183,9][1.7999999999787217,16][1.7999999999783212,19][1.0,22]"
29,math,MATH-81b,81b,java.lang.ArrayIndexOutOfBoundsException,2,62328,1.6666666658420626,485,"[4.666666666666666,1][4.4,4][4.333333333333333,8][1.8461538461538463,90][1.8181818181818183,109][1.7999999370937436,117][1.7999999370233257,122][1.6666666665168588,126][1.6666666665168584,142][1.6666666665168461,144][1.6666666665032304,152][1.6666666664981835,173][1.6666666663649643,194][1.6666666663455472,222][1.666666666345236,240][1.6666666663447391,252][1.6666666663193102,280][1.6666666662096636,300][1.6666666662073095,339][1.666666666206762,371][1.6666666661900247,397][1.6666666661873568,415][1.6666666660406075,416][1.6666666660400713,429][1.6666666659943496,439][1.6666666659933194,446][1.6666666658700078,461][1.66666666586996,470][1.6666666658420626,476]"
30,math,MATH-81b,81b,java.lang.ArrayIndexOutOfBoundsException,2,62328,1.0,458,"[4.666666666666666,1][2.4,19][1.8181818181818183,23][1.7999999999812855,32][1.7999999999812846,37][1.7999999999779377,38][1.6666666666146548,41][1.6666666666141583,46][1.6666666666093028,47][1.6666666666050194,54][1.6666666665996595,64][1.6666666664351442,76][1.6666666663600593,118][1.666666666001765,136][1.0,147]"
1,math,MATH-81b,81b,java.lang.ArrayIndexOutOfBoundsException,3,62328,1.0,74,"[4.666666666666666,1][2.4,4][1.8461538461538463,5][1.799999466045856,12][1.0,15]"
2,math,MATH-81b,81b,java.lang.ArrayIndexOutOfBoundsException,3,62328,1.0,818,"[4.666666666666666,1][2.0,4][1.8461538461538463,12][1.8181818181818183,13][1.7999996416534825,167][1.799998892175435,177][1.7999988910082954,186][1.7999988906392137,199][1.799998890546905,207][1.7999988904238027,218][1.799998890239098,219][1.7999956662116188,227][1.7999956652723292,233][1.7999956648025317,244][1.7999956643326325,248][1.7954545454545454,252][1.7941176470588234,260][1.6666666666149266,318][1.0,325]"
3,math,MATH-81b,81b,java.lang.ArrayIndexOutOfBoundsException,3,62328,1.0,2095,"[4.666666666666666,1][4.333333333333333,27][1.8461538461538463,50][1.8181818181818183,65][1.0,2025]"
4,math,MATH-81b,81b,java.lang.ArrayIndexOutOfBoundsException,3,62328,0.0,22,"[4.666666666666666,1][1.8461538461538463,11][1.8181818181818183,13][0.0,22]"
5,math,MATH-81b,81b,java.lang.ArrayIndexOutOfBoundsException,3,62328,1.0,387,"[4.666666666666666,1][2.0,2][1.7999999999807792,5][1.7999999999807352,19][1.7999999999804333,21][1.7999999999804233,40][1.7999999999800411,54][1.799999999978948,66][1.799999999978888,67][1.7999999999787446,71][1.7999999999763379,72][1.7999999999754785,87][1.7999999999749279,107][1.79999999996073,112][1.7999999999605887,115][1.7999999999560867,118][1.7999999999221363,132][1.7999999999200162,158][1.7999999999192293,162][1.7999999999192173,181][1.7999999999192164,188][1.7999999999088452,192][1.6666666666146832,194][1.0,199]"
6,math,MATH-81b,81b,java.lang.ArrayIndexOutOfBoundsException,3,62328,1.0,255,"[4.666666666666666,1][1.8461538461538463,3][1.7999999998801854,19][1.7999999998771923,25][1.799999999874858,32][1.6666666665568202,36][1.6666666665564889,45][1.666666666556178,60][1.6666666623360196,86][1.666666661965317,94][1.666666661958783,97][1.6666666618027723,102][1.6666666617082169,117][1.666666661625692,142][1.6666666609611867,146][1.666666660916355,199][1.0,207]"
7,math,MATH-81b,81b,java.lang.ArrayIndexOutOfBoundsException,3,62328,1.799934938191282,596,"[4.666666666666666,1][1.8181818181818183,8][1.7999999979750112,498][1.7999999979750108,509][1.799999997975008,511][1.7999999979750063,518][1.799999997888938,524][1.799999997181362,525][1.7999999951267642,526][1.799999995126762,533][1.7999999951267585,537][1.799999995126734,545][1.7999992082155554,548][1.7999941518757858,552][1.799994151020647,559][1.799981471187697,565][1.7999364877738966,574][1.799934938191282,588]"
8,math,MATH-81b,81b,java.lang.ArrayIndexOutOfBoundsException,3,62328,1.6666666660492921,80,"[4.666666666666666,1][2.0,5][1.8461538461538463,6][1.6666666665848804,69][1.6666666660492921,72]"
9,math,MATH-81b,81b,java.lang.ArrayIndexOutOfBoundsException,3,62328,1.0,527,"[4.666666666666666,1][2.0,6][1.8181818181818183,8][1.7999999999813667,95][1.6666666665498675,102][1.6666666664932235,111][1.6666666664923377,116][1.6666666664885046,119][1.6666666664849443,124][1.6666666664841996,132][1.6666666664199048,135][1.6666666664181287,138][1.666666666281814,140][1.666666666276364,144][1.6666666662381149,149][1.6666666662310767,157][1.666666666225428,173][1.6666666661898266,175][1.6666666661854477,177][1.6666666659686245,189][1.666666665589346,191][1.666666664372019,201][1.6666666642550645,216][1.6666666641913794,224][1.6666666641913457,230][1.6666666640370098,231][1.666666663925322,233][1.6666666634073688,243][1.6666666628297424,250][1.666666662829729,256][1.6666666627763735,273][1.6666666627762223,295][1.666666662771528,299][1.6666666450264396,302][1.6666666450124081,319][1.6666666447625347,333][1.6666666394769991,344][1.6666666349658463,347][1.6666664079641065,361][1.0,500]"
10,math,MATH-81b,81b,java.lang.ArrayIndexOutOfBoundsException,3,62328,1.6666666666119463,810,"[4.666666666666666,1][2.6,3][2.4,5][1.8461538461538463,16][1.8181818181818183,354][1.7999999999813168,486][1.7777777777777777,492][1.6666666666123513,784][1.6666666666119463,801]"
11,math,MATH-81b,81b,java.lang.ArrayIndexOutOfBoundsException,3,62328,1.0,360,"[4.666666666666666,1][4.333333333333333,22][2.0,51][1.8461538461538463,58][1.7999999999813712,59][1.0,65]"
12,math,MATH-81b,81b,java.lang.ArrayIndexOutOfBoundsException,3,62328,1.0,1117,"[4.666666666666666,1][1.8461538461538463,6][1.8181818181818183,10][1.0,199]"
13,math,MATH-81b,81b,java.lang.ArrayIndexOutOfBoundsException,3,62328,1.0,531,"[4.666666666666666,1][1.8461538461538463,9][1.8181818181818183,120][1.0,140]"
14,math,MATH-81b,81b,java.lang.ArrayIndexOutOfBoundsException,3,62328,0.0,89,"[4.666666666666666,1][2.0,3][1.8181818181818183,9][1.7999999997595326,10][1.7999999975459002,21][1.7999999974680572,42][1.7999999972962661,48][1.0,51][0.0,89]"
15,math,MATH-81b,81b,java.lang.ArrayIndexOutOfBoundsException,3,62328,0.0,17,"[4.666666666666666,1][2.0,3][1.8461538461538463,11][1.8181818181818183,12][0.0,17]"
16,math,MATH-81b,81b,java.lang.ArrayIndexOutOfBoundsException,3,62328,1.8181818181818183,494,"[4.666666666666666,1][1.8181818181818183,10]"
17,math,MATH-81b,81b,java.lang.ArrayIndexOutOfBoundsException,3,62328,1.0,1253,"[4.666666666666666,1][2.0,2][1.8461538461538463,9][1.8181818181818183,11][1.7999999984698165,16][1.0,22]"
18,math,MATH-81b,81b,java.lang.ArrayIndexOutOfBoundsException,3,62328,1.8181818181818183,775,"[4.666666666666666,1][1.8461538461538463,15][1.8181818181818183,23]"
19,math,MATH-81b,81b,java.lang.ArrayIndexOutOfBoundsException,3,62328,0.0,83,"[4.666666666666666,1][4.333333333333333,27][2.0,28][1.8181818181818183,33][1.0,36][0.0,83]"
20,math,MATH-81b,81b,java.lang.ArrayIndexOutOfBoundsException,3,62328,0.0,281,"[4.666666666666666,1][2.0,5][1.8181818181818183,6][1.7777777777777777,11][1.666666666614878,39][1.6666666666147845,55][1.6666666666147838,57][1.6666666666146595,65][1.6666666666139642,87][1.6666666666139638,93][1.6666666666139145,107][1.6666666666136036,111][1.6666666666135923,116][1.6666666666134584,119][1.6666666666134577,134][1.6666666666133447,147][1.6666666666126304,168][1.6666666666126302,170][1.6666666666121643,178][1.666666666609777,198][1.6666666666089647,219][1.0,244][0.0,281]"
21,math,MATH-81b,81b,java.lang.ArrayIndexOutOfBoundsException,3,62328,1.0,628,"[2.0,1][1.7999999999798622,4][1.0,7]"
22,math,MATH-81b,81b,java.lang.ArrayIndexOutOfBoundsException,3,62328,1.0,422,"[4.666666666666666,1][1.8181818181818183,26][1.7999999999813419,43][1.7999999999813365,48][1.799999999981317,50][1.7999999999785898,52][1.7999999999784624,58][1.799999999978461,67][1.79999999997845,69][1.7999999999777407,77][1.7999999999773442,83][1.7999999999772212,90][1.6666666665886267,91][1.6666666665793373,101][1.666666666553329,104][1.6666666665523133,116][1.6666666665490228,137][1.6666666664641872,141][1.6666666664596428,149][1.6666666664578438,165][1.6666666664564733,168][1.6666666664562222,183][1.6666666664109462,192][1.6666666664080712,202][1.6666666664080638,208][1.6666666664075653,218][1.6666666478404801,223][1.0,227]"
23,math,MATH-81b,81b,java.lang.ArrayIndexOutOfBoundsException,3,62328,1.0,509,"[4.666666666666666,1][2.0,18][1.8461538461538463,21][1.8181818181818183,22][1.6666666666142713,23][1.6666666666141143,36][1.6666666666140957,46][1.6666666666140195,47][1.6666666666068286,69][1.0,73]"
24,math,MATH-81b,81b,java.lang.ArrayIndexOutOfBoundsException,3,62328,0.0,169,"[4.666666666666666,1][2.4,5][1.8181818181818183,12][1.7999999999410876,102][1.0,108][0.0,169]"
25,math,MATH-81b,81b,java.lang.ArrayIndexOutOfBoundsException,3,62328,1.0,1027,"[2.0,1][1.8181818181818183,5][1.0,30]"
26,math,MATH-81b,81b,java.lang.ArrayIndexOutOfBoundsException,3,62328,0.0,31,"[4.666666666666666,1][1.8181818181818183,24][0.0,31]"
27,math,MATH-81b,81b,java.lang.ArrayIndexOutOfBoundsException,3,62328,1.0,1355,"[4.666666666666666,1][3.7777777777777777,16][1.8461538461538463,22][1.8181818181818183,45][1.0,49]"
28,math,MATH-81b,81b,java.lang.ArrayIndexOutOfBoundsException,3,62328,1.0,494,"[4.666666666666666,1][1.8461538461538463,3][1.8181818181818183,13][1.7999999999813703,70][1.79999999998137,81][1.7999999999813427,85][1.7999993719460878,94][1.7999993716106248,112][1.7999993642498624,118][1.7999993578402886,125][1.7999986950195421,137][1.7999986943379969,148][1.7999986942953765,149][1.799998693655739,155][1.7999986934423875,172][1.7999986931862733,199][1.7999986930154748,212][1.0,214]"
29,math,MATH-81b,81b,java.lang.ArrayIndexOutOfBoundsException,3,62328,0.0,494,"[4.666666666666666,1][4.333333333333333,4][1.8461538461538463,8][1.8181818181818183,39][1.0,90][0.0,494]"
30,math,MATH-81b,81b,java.lang.ArrayIndexOutOfBoundsException,3,62328,0.0,35,"[4.666666666666666,1][4.333333333333333,5][1.8461538461538463,6][1.8181818181818183,15][0.0,35]"
1,math,MATH-81b,81b,java.lang.ArrayIndexOutOfBoundsException,4,62328,0.0,696,"[4.666666666666666,1][4.4,5][2.0,6][1.8181818181818183,13][1.799999999981346,19][1.7999999999806175,24][1.7999999999796485,31][1.0,32][0.0,696]"
2,math,MATH-81b,81b,java.lang.ArrayIndexOutOfBoundsException,4,62328,0.0,629,"[1.8461538461538463,1][1.8181818181818183,16][1.799999999981369,220][1.799999999981368,231][1.7999999999813316,233][1.79999999998129,240][1.7999999999812604,244][1.7999999999812157,251][1.7999999999811713,264][1.79999999998117,274][1.7999999999811693,283][1.7999999999803602,285][1.0,286][0.0,629]"
3,math,MATH-81b,81b,java.lang.ArrayIndexOutOfBoundsException,4,62328,1.0,1002,"[4.666666666666666,1][4.333333333333333,5][1.8461538461538463,68][1.8181818181818183,88][1.0,134]"
4,math,MATH-81b,81b,java.lang.ArrayIndexOutOfBoundsException,4,62328,1.0,182,"[4.333333333333333,1][2.4,68][1.8461538461538463,81][1.0,114]"
5,math,MATH-81b,81b,java.lang.ArrayIndexOutOfBoundsException,4,62328,0.0,120,"[1.8461538461538463,1][1.8181818181818183,5][1.7999999999813692,6][1.799999999981368,15][1.7999999999813414,22][1.7999999999813399,30][1.7999999999812055,41][1.7999999999811915,52][1.7999999999811904,64][1.7999999999811556,67][1.7999999999811485,72][1.7999999999811478,80][1.7999999999811465,90][1.0,98][0.0,120]"
6,math,MATH-81b,81b,java.lang.ArrayIndexOutOfBoundsException,4,62328,1.0,342,"[4.666666666666666,1][2.6,4][2.4,11][1.8181818181818183,12][1.7999999999805465,52][1.7999959431225787,66][1.7999959398282548,76][1.7999837120286668,80][1.7999837053935148,89][1.7777777777777777,109][1.0,146]"
7,math,MATH-81b,81b,java.lang.ArrayIndexOutOfBoundsException,4,62328,1.7999999999808909,75,"[1.8461538461538463,1][1.8181818181818183,11][1.799999999980907,64][1.7999999999808909,75]"
8,math,MATH-81b,81b,java.lang.ArrayIndexOutOfBoundsException,4,62328,1.0,385,"[4.666666666666666,1][4.333333333333333,13][2.4,16][1.666666666593811,30][1.6666666665933625,44][1.6666666665933145,51][1.6666666665930272,57][1.6666666665924863,72][1.0,79]"
9,math,MATH-81b,81b,java.lang.ArrayIndexOutOfBoundsException,4,62328,0.0,54,"[4.666666666666666,1][2.0,4][1.7999999999764764,9][1.799999999976455,11][1.7999999999676164,12][1.7999999999676004,14][1.7999999999674365,22][1.7999999999665217,24][1.7999999999664666,35][1.7999999999608687,39][1.7999999999604608,43][1.7999999999601095,46][1.0,48][0.0,54]"
10,math,MATH-81b,81b,java.lang.ArrayIndexOutOfBoundsException,4,62328,1.799999997827535,123,"[4.666666666666666,1][1.8461538461538463,2][1.8181818181818183,11][1.799999999973106,19][1.79999999997308,29][1.7999999999730047,40][1.7999999999730028,47][1.7999999999666454,49][1.799999999892358,58][1.7999999995750258,61][1.7999999993511016,74][1.7999999993493623,78][1.7999999979228374,85][1.799999997908832,99][1.799999997827535,119]"
11,math,MATH-81b,81b,java.lang.ArrayIndexOutOfBoundsException,4,62328,1.0,539,"[4.666666666666666,1][1.8461538461538463,5][1.8181818181818183,88][1.7999999999813074,112][1.7999999999813039,125][1.6666666666133567,129][1.6666666666131413,138][1.6666666666130678,139][1.0,143]"
12,math,MATH-81b,81b,java.lang.ArrayIndexOutOfBoundsException,4,62328,1.0,1309,"[4.333333333333333,1][1.8461538461538463,31][1.8181818181818183,54][1.7999990089148112,1260][1.0,1274]"
13,math,MATH-81b,81b,java.lang.ArrayIndexOutOfBoundsException,4,62328,1.666666666614537,474,"[4.666666666666666,1][1.8461538461538463,4][1.8181818181818183,30][1.7999999999812184,50][1.7999999999811944,72][1.6666666666149204,73][1.6666666666149192,76][1.666666666614919,90][1.6666666666149184,93][1.6666666666149181,98][1.666666666614918,109][1.6666666666146794,432][1.6666666666145655,443][1.6666666666145649,455][1.6666666666145442,458][1.6666666666145407,465][1.666666666614537,471]"
14,math,MATH-81b,81b,java.lang.ArrayIndexOutOfBoundsException,4,62328,0.0,190,"[4.666666666666666,1][1.8461538461538463,7][1.8181818181818183,12][1.7999999999813578,44][1.0,48][0.0,190]"
15,math,MATH-81b,81b,java.lang.ArrayIndexOutOfBoundsException,4,62328,1.0,300,"[4.666666666666666,1][1.8181818181818183,3][1.7999999999811087,9][1.7999999999672238,15][1.6666666659426748,32][1.6666666659411935,55][1.6666666659410923,69][1.6666666659257394,70][1.6666666659161038,72][1.6666666656644238,76][1.6666666656638887,92][1.6666666656209608,98][1.6666666655498819,100][1.0,122]"
16,math,MATH-81b,81b,java.lang.ArrayIndexOutOfBoundsException,4,62328,1.0,745,"[4.666666666666666,1][1.8461538461538463,7][1.8181818181818183,36][1.7999999998305904,478][1.0,486]"
17,math,MATH-81b,81b,java.lang.ArrayIndexOutOfBoundsException,4,62328,1.0,1088,"[2.4,1][1.8461538461538463,6][1.8181818181818183,19][1.0,34]"
18,math,MATH-81b,81b,java.lang.ArrayIndexOutOfBoundsException,4,62328,0.0,105,"[4.666666666666666,1][4.4,19][4.333333333333333,20][2.4,22][1.8461538461538463,35][1.8181818181818183,49][0.0,105]"
19,math,MATH-81b,81b,java.lang.ArrayIndexOutOfBoundsException,4,62328,1.0,376,"[4.666666666666666,1][1.8181818181818183,10][1.7999999999776322,14][1.7999999999586624,17][1.7999999999485508,39][1.7999999999312564,58][1.7999999999298086,65][1.7999999997954022,67][1.7999999985624393,101][1.7999999978249095,119][1.7999999978238157,159][1.7999999968830434,217][1.0,269]"
20,math,MATH-81b,81b,java.lang.ArrayIndexOutOfBoundsException,4,62328,1.0,380,"[4.666666666666666,1][1.8461538461538463,20][1.8181818181818183,21][1.7999999991312732,66][1.7999999976845649,75][1.7999999908080924,87][1.7999999851529935,100][1.7999999850775157,111][1.7999999833987617,113][1.7777777777777777,129][1.0,166]"
21,math,MATH-81b,81b,java.lang.ArrayIndexOutOfBoundsException,4,62328,0.0,343,"[4.666666666666666,1][1.8181818181818183,14][1.0,31][0.0,343]"
22,math,MATH-81b,81b,java.lang.ArrayIndexOutOfBoundsException,4,62328,1.6666666666040386,1605,"[4.666666666666666,1][1.8461538461538463,20][1.8181818181818183,128][1.7999999999813636,1582][1.7999999999805236,1594][1.6666666666040386,1595]"
23,math,MATH-81b,81b,java.lang.ArrayIndexOutOfBoundsException,4,62328,1.0,982,"[4.666666666666666,1][2.0,5][1.8461538461538463,7][1.0,19]"
24,math,MATH-81b,81b,java.lang.ArrayIndexOutOfBoundsException,4,62328,1.66666352976605,709,"[4.333333333333333,1][1.8181818181818183,2][1.7999999971590372,455][1.7999999959310855,457][1.7999999957946302,463][1.7999999957894932,471][1.7999999957874702,482][1.7999999903166242,487][1.7999999740325636,489][1.799999974017906,499][1.7999999519262433,502][1.6666666665681624,519][1.666666666525147,520][1.6666666665251038,527][1.6666666665214018,532][1.6666666665191952,538][1.6666666663665972,546][1.6666666663665932,550][1.6666666663624399,552][1.6666666653257767,557][1.6666666652831112,567][1.666666665283111,570][1.6666666648091017,577][1.6666666644877173,605][1.6666666642689218,612][1.6666666642688142,620][1.6666666639480259,621][1.6666666400283219,625][1.6666666400280856,633][1.6666666400066543,650][1.6666666313174,651][1.6666666313156455,659][1.66666352976605,671]"
25,math,MATH-81b,81b,java.lang.ArrayIndexOutOfBoundsException,4,62328,1.0,998,"[4.666666666666666,1][1.8461538461538463,16][1.8181818181818183,20][1.0,57]"
26,math,MATH-81b,81b,java.lang.ArrayIndexOutOfBoundsException,4,62328,1.0,802,"[4.666666666666666,1][4.333333333333333,7][1.8461538461538463,9][1.8181818181818183,15][1.0,26]"
27,math,MATH-81b,81b,java.lang.ArrayIndexOutOfBoundsException,4,62328,0.0,104,"[4.666666666666666,1][2.0,6][1.8461538461538463,10][1.0,13][0.0,104]"
28,math,MATH-81b,81b,java.lang.ArrayIndexOutOfBoundsException,4,62328,0.0,110,"[4.4,1][1.8461538461538463,2][1.8181818181818183,7][1.7999999999775396,16][1.0,20][0.0,110]"
29,math,MATH-81b,81b,java.lang.ArrayIndexOutOfBoundsException,4,62328,1.0,1037,"[1.0,1]"
30,math,MATH-81b,81b,java.lang.ArrayIndexOutOfBoundsException,4,62328,1.7959183673469385,239,"[4.666666666666666,1][4.333333333333333,11][2.0,15][1.8461538461538463,17][1.8181818181818183,21][1.799999999981364,34][1.7999999999813625,50][1.7999999999813623,54][1.7999999999813614,72][1.7999999978270196,73][1.7999999978146537,77][1.7999999839690783,80][1.7999999768571127,85][1.799999970330653,90][1.7999997768178466,93][1.7999997687083167,99][1.7999996832556255,115][1.7999996729134742,116][1.7999996220346255,121][1.7971014492753623,154][1.7959183673469385,174]"
1,math,MATH-81b,81b,java.lang.ArrayIndexOutOfBoundsException,5,62328,0.0,226,"[4.4,1][1.8461538461538463,3][1.8181818181818183,9][1.7999999744688533,62][1.7999999744688044,74][1.799999974073228,76][1.7999999739070274,86][1.799999973906738,92][1.799999960644207,94][1.7999999603756702,106][1.0,108][0.0,226]"
2,math,MATH-81b,81b,java.lang.ArrayIndexOutOfBoundsException,5,62328,0.0,794,"[4.666666666666666,1][4.333333333333333,22][1.8461538461538463,97][1.8181818181818183,101][1.7999999999813392,104][1.7999999999813059,120][1.7999999999813014,129][1.7999999999812895,141][1.7999999999812673,143][1.79999999998125,162][1.7999999999812497,167][1.7999999999812495,172][1.7999999999812493,180][1.799999999981249,197][1.7999999999812433,204][1.7999999999812424,210][1.7999999999812413,216][1.7999999999812304,227][1.7999999999812295,228][1.7999999999812113,236][1.7999999999811984,248][1.6666666665950582,250][1.66666666657,262][1.6666666665568795,269][1.6666666665565533,297][1.666666666556553,304][1.6666666665565104,306][1.6666666663794325,316][1.6666666663793372,326][1.6666666658493914,327][1.6666666536906103,344][1.0,376][0.0,794]"
3,math,MATH-81b,81b,java.lang.ArrayIndexOutOfBoundsException,5,62328,1.7999997051078274,591,"[4.666666666666666,1][1.8461538461538463,7][1.7999999999813654,15][1.799999999979931,24][1.7999999999798821,33][1.7999999999798795,40][1.799999999978708,41][1.7999999999775296,44][1.7999999999775294,62][1.799999999977329,64][1.7999999999773286,79][1.7999999999754557,90][1.7999999999754541,104][1.7999999999745813,123][1.7999999999681822,124][1.7999999999681555,138][1.799999999962596,145][1.7999999999291132,147][1.7999999999291125,153][1.7999999999291103,159][1.7999999999291096,166][1.7999999999291094,179][1.7999999999290774,183][1.7999999999289877,190][1.7999999999289673,201][1.799999999928925,217][1.7999999999289131,225][1.799999999924463,230][1.7999999999114147,238][1.79999999991125,262][1.7999999998611362,290][1.799999999839136,309][1.79999999982356,323][1.7999999998220748,332][1.799999999820827,348][1.799999999814164,533][1.7999999212062998,565][1.7999998957273773,575][1.7999997051078274,584]"
4,math,MATH-81b,81b,java.lang.ArrayIndexOutOfBoundsException,5,62328,0.0,64,"[4.666666666666666,1][2.333333333333333,3][1.8461538461538463,6][1.8181818181818183,7][1.7777777777777777,14][1.0,41][0.0,64]"
5,math,MATH-81b,81b,java.lang.ArrayIndexOutOfBoundsException,5,62328,1.0,803,"[4.666666666666666,1][1.8461538461538463,5][1.8181818181818183,12][1.7999999999813254,430][1.7999999999813248,433][1.7999999999813203,435][1.799999999981313,438][1.7999999999813039,443][1.7999999999812628,448][1.7999999999812089,452][1.7999999999812086,456][1.7999999999812084,457][1.7999999999810918,460][1.799999999981003,461][1.7999999999809253,467][1.799999999979039,469][1.7999999999781244,470][1.7999999999772274,487][1.7999999999751253,494][1.799999999974733,504][1.7999999999739051,507][1.7999999999738434,514][1.7999999999735676,523][1.7999999999735072,528][1.799999999973087,529][1.7999999999730711,537][1.7999999999668934,539][1.0,558]"
6,math,MATH-81b,81b,java.lang.ArrayIndexOutOfBoundsException,5,62328,1.666666666331924,270,"[4.666666666666666,1][2.0,9][1.8461538461538463,13][1.8181818181818183,16][1.799999999981127,36][1.7999999999811251,48][1.799999999981122,55][1.7999999999809384,58][1.7999999999793337,68][1.799999999972898,73][1.6666666666094856,74][1.6666666666094063,83][1.6666666666092909,95][1.666666666604962,100][1.6666666666048602,113][1.6666666666041476,119][1.6666666666024232,149][1.666666666602421,157][1.666666666602329,158][1.666666666602325,165][1.6666666666023233,174][1.666666666560824,187][1.6666666663370655,191][1.6666666663370382,199][1.6666666663342455,202][1.6666666663341556,218][1.6666666663341552,227][1.6666666663341547,230][1.6666666663341485,239][1.666666666334148,257][1.666666666331953,258][1.666666666331924,265]"
7,math,MATH-81b,81b,java.lang.ArrayIndexOutOfBoundsException,5,62328,1.7857142857142858,622,"[4.666666666666666,1][1.8181818181818183,2][1.7999999999588734,374][1.7999999948804888,378][1.7999999923850787,389][1.7999999923614878,417][1.7999999920115797,423][1.79999998737837,436][1.799999656120454,442][1.7999991378529954,450][1.799996878365512,459][1.799996733040396,473][1.799926980649872,476][1.7988826815642458,517][1.7971014492753623,528][1.7948717948717947,541][1.7857142857142858,590]"
8,math,MATH-81b,81b,java.lang.ArrayIndexOutOfBoundsException,5,62328,1.0,1669,"[4.666666666666666,1][1.8461538461538463,4][1.8181818181818183,13][1.0,24]"
9,math,MATH-81b,81b,java.lang.ArrayIndexOutOfBoundsException,5,62328,1.0,577,"[4.666666666666666,1][4.4,5][4.333333333333333,16][2.6,81][1.8461538461538463,84][1.8181818181818183,96][1.0,135]"
10,math,MATH-81b,81b,java.lang.ArrayIndexOutOfBoundsException,5,62328,1.6666666664526049,292,"[4.666666666666666,1][1.8181818181818183,3][1.799999999981369,14][1.7999999999813678,24][1.7999999999813663,28][1.7999999999765373,32][1.7999999997761922,33][1.7999999997498666,37][1.7999999997228584,43][1.7999999997205964,48][1.7999999955495083,51][1.7999999955450563,60][1.799999993149533,63][1.7999999930625037,71][1.799999992902541,72][1.7999999928761277,83][1.7999999928494201,88][1.7999999927059154,89][1.7999999924554917,92][1.7999999681462926,95][1.7999999628390517,101][1.799999962838983,109][1.7999999597438419,121][1.799999428928756,123][1.7999994284064829,138][1.7999979075995982,139][1.7999958384485737,141][1.799994894572931,145][1.7999945929871044,150][1.7999906624959148,155][1.799988136900172,168][1.7999827719872514,179][1.7999826222955948,189][1.7999825006562253,191][1.799847792998478,194][1.6666666665462395,195][1.6666666665462389,206][1.6666666665462202,214][1.6666666665266021,217][1.6666666665266008,229][1.66666666652655,236][1.6666666665265302,237][1.6666666664561318,243][1.6666666664546481,248][1.6666666664545788,249][1.666666666453167,257][1.666666666453162,266][1.6666666664531553,270][1.6666666664526049,290]"
11,math,MATH-81b,81b,java.lang.ArrayIndexOutOfBoundsException,5,62328,1.6666665251012476,430,"[4.666666666666666,1][2.6,9][1.8181818181818183,12][1.7999999999813734,31][1.7999999999813414,116][1.7999999999813387,126][1.7999999999813385,135][1.7999999999813374,140][1.7999999999813365,144][1.666666666589241,146][1.6666666665779146,148][1.6666666665779117,161][1.6666666665779017,165][1.6666666665686662,169][1.6666666665671719,172][1.6666666665615844,174][1.6666666665594656,181][1.6666666665594654,187][1.666666666559358,190][1.6666666665588317,191][1.6666666665525658,200][1.666666666429197,204][1.66666666642231,207][1.6666666663839815,213][1.666666666363618,216][1.6666666663419427,224][1.6666666663418792,231][1.666666666230145,238][1.6666666662203875,244][1.6666666662172085,271][1.666666666215564,272][1.6666666656424942,275][1.6666666656343183,285][1.6666666656328075,286][1.6666666656328073,298][1.666666665441403,314][1.666666664620283,329][1.6666666599845779,349][1.6666665433891312,362][1.6666665298209977,385][1.6666665251012476,413]"
12,math,MATH-81b,81b,java.lang.ArrayIndexOutOfBoundsException,5,62328,1.0,671,"[4.666666666666666,1][4.333333333333333,7][1.8181818181818183,55][1.7997275204359673,60][1.7996254681647939,111][1.0,131]"
13,math,MATH-81b,81b,java.lang.ArrayIndexOutOfBoundsException,5,62328,1.7999956863083426,460,"[4.666666666666666,1][2.4,11][1.8461538461538463,21][1.8181818181818183,30][1.7999999999813614,137][1.7999999999813612,177][1.799999999981361,206][1.7999999999813605,227][1.79999999998136,229][1.7999999999813598,245][1.7999999999813596,272][1.799999999981321,410][1.7999999999778857,426][1.7999999940663178,439][1.799999854905184,446][1.7999996315802078,455][1.7999956863083426,458]"
14,math,MATH-81b,81b,java.lang.ArrayIndexOutOfBoundsException,5,62328,1.0,103,"[4.666666666666666,1][1.8461538461538463,5][1.799999538664526,32][1.0,39]"
15,math,MATH-81b,81b,java.lang.ArrayIndexOutOfBoundsException,5,62328,1.8181818181818183,1295,"[4.666666666666666,1][2.6,11][1.8461538461538463,31][1.8181818181818183,38]"
16,math,MATH-81b,81b,java.lang.ArrayIndexOutOfBoundsException,5,62328,1.0,721,"[2.4,1][1.8461538461538463,14][1.6666666665973038,26][1.0,29]"
17,math,MATH-81b,81b,java.lang.ArrayIndexOutOfBoundsException,5,62328,0.0,30,"[4.666666666666666,1][4.333333333333333,3][1.8181818181818183,26][1.0,27][0.0,30]"
18,math,MATH-81b,81b,java.lang.ArrayIndexOutOfBoundsException,5,62328,0.0,389,"[4.666666666666666,1][4.333333333333333,5][1.8181818181818183,9][1.7999999999811744,15][1.7999999998483278,19][1.7777777777777777,132][1.0,312][0.0,389]"
19,math,MATH-81b,81b,java.lang.ArrayIndexOutOfBoundsException,5,62328,1.0,730,"[4.666666666666666,1][1.8181818181818183,7][1.7999999999812921,38][1.7777777777777777,44][1.0,291]"
20,math,MATH-81b,81b,java.lang.ArrayIndexOutOfBoundsException,5,62328,1.666666666350073,246,"[4.666666666666666,1][1.8461538461538463,12][1.8181818181818183,19][1.7999999999812986,28][1.7999999999812777,35][1.7999999999806378,36][1.799999999974395,37][1.799999999972066,51][1.7999999999604517,80][1.7999999998644114,87][1.7999999998083154,91][1.7999999996964875,98][1.7999999993970248,106][1.7999999992535871,118][1.7999999990598612,128][1.7999999986782684,137][1.7999999983769035,151][1.799999997117903,155][1.7999999955390584,167][1.7999999947292231,185][1.666666666568224,206][1.6666666665599743,214][1.666666666559904,222][1.666666666435845,224][1.666666666428136,230][1.666666666416152,239][1.666666666350073,240]"
21,math,MATH-81b,81b,java.lang.ArrayIndexOutOfBoundsException,5,62328,0.0,241,"[4.666666666666666,1][1.8461538461538463,10][1.8181818181818183,18][1.0,26][0.0,241]"
22,math,MATH-81b,81b,java.lang.ArrayIndexOutOfBoundsException,5,62328,0.0,615,"[4.666666666666666,1][1.8181818181818183,16][1.7999999998983627,464][1.7999999994064961,471][1.7999999991811468,478][1.799999999178692,482][1.799999973832381,499][1.7999999343938353,509][1.799999925643481,512][1.7999999157489976,527][1.799999912684879,535][1.7999998794657197,536][1.799999879423209,544][1.7999998792554164,551][1.7777777777777777,554][1.0,600][0.0,615]"
23,math,MATH-81b,81b,java.lang.ArrayIndexOutOfBoundsException,5,62328,1.0,820,"[4.666666666666666,1][1.8461538461538463,2][1.799999999980489,4][1.7999999999798921,13][1.7999999999717289,15][1.799999999843682,16][1.7999999998436818,25][1.7999999998320444,29][1.7999966657775406,35][1.0,37]"
24,math,MATH-81b,81b,java.lang.ArrayIndexOutOfBoundsException,5,62328,0.0,99,"[1.8461538461538463,1][1.8181818181818183,6][1.6666666666149188,56][1.0,61][0.0,99]"
25,math,MATH-81b,81b,java.lang.ArrayIndexOutOfBoundsException,5,62328,1.0,729,"[4.333333333333333,1][2.6,2][2.4,4][1.8461538461538463,7][1.8181818181818183,9][1.0,72]"
26,math,MATH-81b,81b,java.lang.ArrayIndexOutOfBoundsException,5,62328,1.0,934,"[4.333333333333333,1][2.4,8][1.8461538461538463,13][1.8181818181818183,21][1.0,85]"
27,math,MATH-81b,81b,java.lang.ArrayIndexOutOfBoundsException,5,62328,1.0,184,"[4.4,1][4.333333333333333,17][1.8181818181818183,22][1.7999999999813685,31][1.799999999981356,37][1.7999999999809093,43][1.7999999999809089,53][1.7999999999808183,60][1.7999999999808152,62][1.7999999999806873,69][1.7999999999806857,84][1.7999999999804601,87][1.7999999999804575,90][1.7999999999804424,93][1.7999999999804421,104][1.7999999999804412,108][1.7999999999804348,114][1.7999999999804204,116][1.0,118]"
28,math,MATH-81b,81b,java.lang.ArrayIndexOutOfBoundsException,5,62328,1.66666666634398,465,"[4.666666666666666,1][1.7999999999813516,4][1.7999999999813507,16][1.799999999981238,22][1.7999999012259833,24][1.799999901113169,32][1.7999997208201188,35][1.7999997206602474,41][1.6666666666146286,48][1.6666666666146066,72][1.6666666666130516,74][1.6666666666130507,85][1.6666666665503098,86][1.6666666665502259,90][1.6666666663781036,116][1.666666666343985,368][1.66666666634398,395]"
29,math,MATH-81b,81b,java.lang.ArrayIndexOutOfBoundsException,5,62328,1.6666666655826274,316,"[4.666666666666666,1][1.8461538461538463,26][1.8181818181818183,39][1.7999999999813632,47][1.799999999980868,50][1.7999999999801153,54][1.6666666666149,55][1.6666666666148704,59][1.6666666666148697,60][1.6666666666148684,64][1.6666666666148633,81][1.6666666666148116,90][1.6666666666148107,115][1.6666666666148102,130][1.6666666666148098,137][1.6666666666148058,144][1.6666666666148056,146][1.6666666666148051,147][1.6666666666148018,149][1.6666666666146908,153][1.6666666666146905,166][1.6666666666140135,174][1.6666666666138634,182][1.6666666666138608,189][1.6666666666138594,194][1.6666666666138477,198][1.666666666613842,200][1.6666666666136138,201][1.6666666666135779,207][1.6666666666131562,208][1.6666666666130485,225][1.6666666666123198,241][1.666666666612317,254][1.666666666611266,259][1.6666666666111665,265][1.666666666610942,266][1.666666666607219,276][1.6666666666071799,284][1.6666666666066718,286][1.6666666666066692,294][1.666666666606547,300][1.6666666664686347,304][1.6666666664681293,312][1.6666666655826274,314]"
30,math,MATH-81b,81b,java.lang.ArrayIndexOutOfBoundsException,5,62328,0.0,81,"[4.666666666666666,1][2.4,14][2.0,18][1.8181818181818183,23][1.7999999999812002,30][1.799999999980742,46][1.0,47][0.0,81]"
1,math,MATH-81b,81b,java.lang.ArrayIndexOutOfBoundsException,6,62328,1.0,812,"[4.666666666666666,1][4.333333333333333,6][1.8461538461538463,38][1.8181818181818183,50][1.7999999999813603,60][1.7999999999812957,63][1.799999999981295,67][1.7999999999812746,70][1.6666666665675218,71][1.0,77]"
2,math,MATH-81b,81b,java.lang.ArrayIndexOutOfBoundsException,6,62328,0.0,69,"[4.666666666666666,1][4.333333333333333,4][1.8461538461538463,8][1.8181818181818183,10][1.79999920405613,24][1.799998981975883,34][1.7999989549259565,40][1.0,41][0.0,69]"
3,math,MATH-81b,81b,java.lang.ArrayIndexOutOfBoundsException,6,62328,1.0,952,"[4.666666666666666,1][1.8461538461538463,25][1.8181818181818183,80][1.7999999999781222,110][1.799999999904618,121][1.7999999999046028,125][1.7999999999045857,132][1.7999999997564329,133][1.7999999997370053,144][1.7999999997369567,149][1.7999999997369502,154][1.7999999996574296,155][1.799999999097119,162][1.7999999990971176,167][1.7999999990920854,177][1.7999999990314617,189][1.7999999990314615,199][1.7999999988965092,215][1.7999999988962205,230][1.7999999988950157,232][1.0,234]"
4,math,MATH-81b,81b,java.lang.ArrayIndexOutOfBoundsException,6,62328,0.0,475,"[4.666666666666666,1][1.8461538461538463,4][1.8181818181818183,10][1.6666666666149181,17][1.0,21][0.0,475]"
5,math,MATH-81b,81b,java.lang.ArrayIndexOutOfBoundsException,6,62328,1.7999999999584553,116,"[1.8461538461538463,1][1.8181818181818183,34][1.7999999999813416,69][1.7999999999813365,75][1.799999999981329,88][1.79999999998131,95][1.7999999999811165,96][1.7999999999810528,102][1.799999999980969,106][1.7999999999584553,112]"
6,math,MATH-81b,81b,java.lang.ArrayIndexOutOfBoundsException,6,62328,1.8181818181818183,539,"[4.666666666666666,1][1.8461538461538463,8][1.8181818181818183,37]"
7,math,MATH-81b,81b,java.lang.ArrayIndexOutOfBoundsException,6,62328,1.0,662,"[4.666666666666666,1][1.8181818181818183,9][1.7999999999813703,16][1.799999999981359,19][1.0,30]"
8,math,MATH-81b,81b,java.lang.ArrayIndexOutOfBoundsException,6,62328,1.6666658347953471,272,"[1.8461538461538463,1][1.8181818181818183,2][1.7999999999813618,5][1.7999999999451939,13][1.799999994219907,31][1.7999999942166092,46][1.7999999941592364,51][1.7999999940551887,59][1.799999895087691,66][1.7999997591098627,76][1.7999996574456751,78][1.6666666665746814,80][1.666666666574522,87][1.666666666574438,100][1.66666666603022,136][1.6666666655207256,162][1.6666666641906172,164][1.666666664190617,181][1.6666666629424252,187][1.6666666605610008,188][1.6666666596998245,215][1.6666666584648557,216][1.6666666584648522,227][1.6666666584648357,231][1.6666666518711406,268][1.6666658347953471,271]"
9,math,MATH-81b,81b,java.lang.ArrayIndexOutOfBoundsException,6,62328,0.0,111,"[4.666666666666666,1][4.333333333333333,7][2.4,67][1.8461538461538463,76][1.8181818181818183,85][0.0,111]"
10,math,MATH-81b,81b,java.lang.ArrayIndexOutOfBoundsException,6,62328,1.0,617,"[4.666666666666666,1][1.8461538461538463,4][1.7999999999394838,10][1.7999999908719955,19][1.0,21]"
11,math,MATH-81b,81b,java.lang.ArrayIndexOutOfBoundsException,6,62328,1.0,428,"[4.666666666666666,1][2.6,3][1.8181818181818183,8][1.7999999999810667,29][1.7999999999810354,31][1.7999999999312757,34][1.7999999999312082,43][1.799999999923178,53][1.7999999999230076,60][1.7999999999229872,67][1.799999999915571,78][1.7999999861771907,80][1.7999999532588404,83][1.7999999532484061,88][1.799999945642484,91][1.7999999456391598,97][1.7999997931520932,99][1.799999793148884,101][1.7999997931285583,111][1.7999997923909197,115][1.7999988437568653,117][1.7999988211995472,132][1.6666666666148817,139][1.6666666666148815,149][1.0,153]"
12,math,MATH-81b,81b,java.lang.ArrayIndexOutOfBoundsException,6,62328,1.0,326,"[4.333333333333333,1][1.8461538461538463,10][1.8181818181818183,15][1.7999999999756695,50][1.0,57]"
13,math,MATH-81b,81b,java.lang.ArrayIndexOutOfBoundsException,6,62328,1.666666666602312,1050,"[4.666666666666666,1][4.333333333333333,10][1.8461538461538463,15][1.8181818181818183,25][1.7999996332859052,972][1.7999995773537698,987][1.7999966979808153,993][1.666666666607243,1001][1.6666666666071812,1011][1.6666666666071808,1019][1.6666666666027778,1020][1.666666666602312,1034]"
14,math,MATH-81b,81b,java.lang.ArrayIndexOutOfBoundsException,6,62328,1.0,191,"[4.666666666666666,1][4.333333333333333,13][2.4,27][1.8461538461538463,47][1.8181818181818183,59][1.0,116]"
15,math,MATH-81b,81b,java.lang.ArrayIndexOutOfBoundsException,6,62328,1.0,695,"[4.666666666666666,1][1.8181818181818183,4][1.6666666665606078,110][1.6666666665605683,115][1.6666666665539767,125][1.0,149]"
16,math,MATH-81b,81b,java.lang.ArrayIndexOutOfBoundsException,6,62328,0.0,657,"[4.666666666666666,1][4.4,2][2.4,4][2.0,12][1.8461538461538463,14][1.8181818181818183,17][1.7999999999813623,20][1.0,22][0.0,657]"
17,math,MATH-81b,81b,java.lang.ArrayIndexOutOfBoundsException,6,62328,0.0,114,"[4.666666666666666,1][1.8181818181818183,20][1.799999999981361,75][1.0,77][0.0,114]"
18,math,MATH-81b,81b,java.lang.ArrayIndexOutOfBoundsException,6,62328,0.0,206,"[4.666666666666666,1][4.333333333333333,13][1.8181818181818183,159][1.7999999999813427,173][1.7999999999813414,177][1.7999999999813412,182][1.7999999999813399,191][1.7999999999811052,192][1.7999999999810852,196][1.7999999999647338,205][0.0,206]"
19,math,MATH-81b,81b,java.lang.ArrayIndexOutOfBoundsException,6,62328,1.0,454,"[4.666666666666666,1][1.8181818181818183,10][1.7999999999813507,54][1.7999999999811775,57][1.7999999999811633,64][1.7999999999810423,66][1.799999999981042,71][1.7999999999810417,72][1.7999999999810414,83][1.7999999999810348,87][1.7999999999810259,97][1.7999970422514382,109][1.0,117]"
20,math,MATH-81b,81b,java.lang.ArrayIndexOutOfBoundsException,6,62328,0.0,9,"[4.666666666666666,1][2.0,4][1.7999999999808995,7][0.0,9]"
21,math,MATH-81b,81b,java.lang.ArrayIndexOutOfBoundsException,6,62328,0.0,19,"[4.666666666666666,1][2.0,8][1.8181818181818183,13][1.0,14][0.0,19]"
22,math,MATH-81b,81b,java.lang.ArrayIndexOutOfBoundsException,6,62328,1.0,728,"[4.666666666666666,1][1.8181818181818183,11][1.7997032640949555,64][1.6666666666149266,73][1.0,78]"
23,math,MATH-81b,81b,java.lang.ArrayIndexOutOfBoundsException,6,62328,1.0,55,"[4.666666666666666,1][1.8461538461538463,8][1.8181818181818183,16][1.0,42]"
24,math,MATH-81b,81b,java.lang.ArrayIndexOutOfBoundsException,6,62328,1.6666666664622216,259,"[1.8181818181818183,1][1.7999999999625826,12][1.7999999984002288,16][1.7999999983995951,23][1.7999999983992694,24][1.7999999983974475,32][1.7999999983907444,35][1.799999998390604,46][1.79999998685917,47][1.799999985674316,53][1.7999999856656246,55][1.7999999856608302,60][1.7999999841999514,64][1.799999984159343,73][1.7999999841585965,75][1.799999984156915,87][1.7999999841541974,95][1.7999999841499403,100][1.799999984102291,103][1.7999999839837582,113][1.7999999839759822,122][1.7999999838627287,128][1.7999999805745164,129][1.7999999805624243,139][1.7999999805411298,141][1.7999999804988758,142][1.7999999796300905,153][1.7999999796263553,166][1.6666666666148382,173][1.6666666666137613,191][1.6666666666137564,198][1.6666666666129784,200][1.6666666666129761,209][1.6666666666129755,216][1.6666666666129393,220][1.666666666520623,225][1.6666666664695131,229][1.666666666465773,238][1.6666666664622216,249]"
25,math,MATH-81b,81b,java.lang.ArrayIndexOutOfBoundsException,6,62328,1.0,95,"[4.666666666666666,1][2.4,7][2.0,12][1.8181818181818183,14][1.799999999965331,16][1.7999999998814862,26][1.7999999919438205,29][1.7999983026970143,34][1.0,36]"
26,math,MATH-81b,81b,java.lang.ArrayIndexOutOfBoundsException,6,62328,1.0,512,"[4.666666666666666,1][1.8461538461538463,19][1.8181818181818183,29][1.7999999999813547,138][1.7999999958924116,150][1.7999999932903623,156][1.7999999932887638,160][1.7999999873364736,161][1.799999644551237,165][1.7999988703373173,171][1.7999975257936018,177][1.7999975248750064,180][1.7996794871794872,188][1.0,223]"
27,math,MATH-81b,81b,java.lang.ArrayIndexOutOfBoundsException,6,62328,1.0,244,"[4.666666666666666,1][1.8181818181818183,8][1.7999999928211357,22][1.7999999909169597,29][1.799999990371802,38][1.799999990293295,46][1.7999999902831227,53][1.799999990282915,76][1.799999931387812,87][1.7999999304636614,103][1.7999999299301335,127][1.7999999188306417,158][1.7999999187973563,166][1.7999999186872544,186][1.7999999185866313,187][1.0,202]"
28,math,MATH-81b,81b,java.lang.ArrayIndexOutOfBoundsException,6,62328,1.0,588,"[4.666666666666666,1][2.0,2][1.6666666666148964,4][1.0,10]"
29,math,MATH-81b,81b,java.lang.ArrayIndexOutOfBoundsException,6,62328,1.0,1111,"[4.666666666666666,1][4.333333333333333,13][1.8461538461538463,155][1.8181818181818183,161][1.0,299]"
30,math,MATH-81b,81b,java.lang.ArrayIndexOutOfBoundsException,6,62328,0.0,73,"[4.666666666666666,1][1.8461538461538463,3][1.0,51][0.0,73]"
1,math,MATH-98b,98b,java.lang.ArrayIndexOutOfBoundsException,1,62328,0.0,4,"[1.0,1][0.0,4]"
2,math,MATH-98b,98b,java.lang.ArrayIndexOutOfBoundsException,1,62328,0.0,7,"[1.6428571428571428,1][1.6363636363636362,5][1.6,6][0.0,7]"
3,math,MATH-98b,98b,java.lang.ArrayIndexOutOfBoundsException,1,62328,0.0,7,"[1.0,1][0.0,7]"
4,math,MATH-98b,98b,java.lang.ArrayIndexOutOfBoundsException,1,62328,0.0,5,"[1.6,1][0.0,5]"
5,math,MATH-98b,98b,java.lang.ArrayIndexOutOfBoundsException,1,62328,0.0,5,"[1.0,1][0.0,5]"
6,math,MATH-98b,98b,java.lang.ArrayIndexOutOfBoundsException,1,62328,0.0,11,"[1.0,1][0.0,11]"
7,math,MATH-98b,98b,java.lang.ArrayIndexOutOfBoundsException,1,62328,0.0,4,"[1.625,1][0.0,4]"
8,math,MATH-98b,98b,java.lang.ArrayIndexOutOfBoundsException,1,62328,0.0,4,"[1.6666666666666665,1][1.6470588235294117,2][1.625,3][0.0,4]"
9,math,MATH-98b,98b,java.lang.ArrayIndexOutOfBoundsException,1,62328,0.0,16,"[1.6363636363636362,1][1.6,2][1.0,10][0.0,16]"
10,math,MATH-98b,98b,java.lang.ArrayIndexOutOfBoundsException,1,62328,0.0,27,"[1.0,1][0.0,27]"
11,math,MATH-98b,98b,java.lang.ArrayIndexOutOfBoundsException,1,62328,0.0,3,"[1.0,1][0.0,3]"
12,math,MATH-98b,98b,java.lang.ArrayIndexOutOfBoundsException,1,62328,0.0,10,"[1.0,1][0.0,10]"
13,math,MATH-98b,98b,java.lang.ArrayIndexOutOfBoundsException,1,62328,0.0,10,"[1.0,1][0.0,10]"
14,math,MATH-98b,98b,java.lang.ArrayIndexOutOfBoundsException,1,62328,0.0,4,"[1.0,1][0.0,4]"
15,math,MATH-98b,98b,java.lang.ArrayIndexOutOfBoundsException,1,62328,0.0,14,"[1.6363636363636362,1][1.0,2][0.0,14]"
16,math,MATH-98b,98b,java.lang.ArrayIndexOutOfBoundsException,1,62328,0.0,18,"[1.0,1][0.0,18]"
17,math,MATH-98b,98b,java.lang.ArrayIndexOutOfBoundsException,1,62328,0.0,8,"[1.6363636363636362,1][1.625,3][1.6,6][0.0,8]"
18,math,MATH-98b,98b,java.lang.ArrayIndexOutOfBoundsException,1,62328,0.0,5,"[1.0,1][0.0,5]"
19,math,MATH-98b,98b,java.lang.ArrayIndexOutOfBoundsException,1,62328,0.0,9,"[1.6,1][1.0,4][0.0,9]"
20,math,MATH-98b,98b,java.lang.ArrayIndexOutOfBoundsException,1,62328,0.0,10,"[1.6428571428571428,1][1.0,2][0.0,10]"
21,math,MATH-98b,98b,java.lang.ArrayIndexOutOfBoundsException,1,62328,0.0,5,"[1.0,1][0.0,5]"
22,math,MATH-98b,98b,java.lang.ArrayIndexOutOfBoundsException,1,62328,0.0,11,"[1.6428571428571428,1][1.625,2][1.6,4][1.0,6][0.0,11]"
23,math,MATH-98b,98b,java.lang.ArrayIndexOutOfBoundsException,1,62328,0.0,3,"[1.0,1][0.0,3]"
24,math,MATH-98b,98b,java.lang.ArrayIndexOutOfBoundsException,1,62328,0.0,4,"[1.6,1][0.0,4]"
25,math,MATH-98b,98b,java.lang.ArrayIndexOutOfBoundsException,1,62328,0.0,57,"[1.6666666666666665,1][1.6428571428571428,2][1.625,4][1.6,6][1.0,45][0.0,57]"
26,math,MATH-98b,98b,java.lang.ArrayIndexOutOfBoundsException,1,62328,0.0,14,"[1.0,1][0.0,14]"
27,math,MATH-98b,98b,java.lang.ArrayIndexOutOfBoundsException,1,62328,0.0,29,"[1.6666666666666665,1][1.0,6][0.0,29]"
28,math,MATH-98b,98b,java.lang.ArrayIndexOutOfBoundsException,1,62328,0.0,19,"[1.625,1][1.6,7][0.0,19]"
29,math,MATH-98b,98b,java.lang.ArrayIndexOutOfBoundsException,1,62328,0.0,14,"[1.0,1][0.0,14]"
30,math,MATH-98b,98b,java.lang.ArrayIndexOutOfBoundsException,1,62328,0.0,15,"[1.0,1][0.0,15]"
1,mockito,MOCKITO-34b,34b,java.lang.ArrayIndexOutOfBoundsException,1,62328,1.6,4881,"[1.6,1]"
2,mockito,MOCKITO-34b,34b,java.lang.ArrayIndexOutOfBoundsException,1,62328,1.6,4855,"[1.6,1]"
3,mockito,MOCKITO-34b,34b,java.lang.ArrayIndexOutOfBoundsException,1,62328,1.6,1826,"[1.6,1]"
4,mockito,MOCKITO-34b,34b,java.lang.ArrayIndexOutOfBoundsException,1,62328,1.6,4779,"[1.6,1]"
5,mockito,MOCKITO-34b,34b,java.lang.ArrayIndexOutOfBoundsException,1,62328,1.6,5024,"[1.6,1]"
6,mockito,MOCKITO-34b,34b,java.lang.ArrayIndexOutOfBoundsException,1,62328,1.6,4926,"[1.6,1]"
7,mockito,MOCKITO-34b,34b,java.lang.ArrayIndexOutOfBoundsException,1,62328,1.6,5348,"[1.6,1]"
8,mockito,MOCKITO-34b,34b,java.lang.ArrayIndexOutOfBoundsException,1,62328,1.6,4866,"[1.6,1]"
9,mockito,MOCKITO-34b,34b,java.lang.ArrayIndexOutOfBoundsException,1,62328,1.6,4992,"[1.6,1]"
10,mockito,MOCKITO-34b,34b,java.lang.ArrayIndexOutOfBoundsException,1,62328,1.6,4995,"[1.6,1]"
11,mockito,MOCKITO-34b,34b,java.lang.ArrayIndexOutOfBoundsException,1,62328,1.6,4824,"[1.6,1]"
12,mockito,MOCKITO-34b,34b,java.lang.ArrayIndexOutOfBoundsException,1,62328,1.6,4849,"[1.6,1]"
13,mockito,MOCKITO-34b,34b,java.lang.ArrayIndexOutOfBoundsException,1,62328,1.6,4951,"[1.6,1]"
14,mockito,MOCKITO-34b,34b,java.lang.ArrayIndexOutOfBoundsException,1,62328,1.6,4955,"[1.6,1]"
15,mockito,MOCKITO-34b,34b,java.lang.ArrayIndexOutOfBoundsException,1,62328,1.6,4830,"[1.6,1]"
16,mockito,MOCKITO-34b,34b,java.lang.ArrayIndexOutOfBoundsException,1,62328,1.6,4771,"[1.6,1]"
17,mockito,MOCKITO-34b,34b,java.lang.ArrayIndexOutOfBoundsException,1,62328,1.6,4960,"[1.6,1]"
18,mockito,MOCKITO-34b,34b,java.lang.ArrayIndexOutOfBoundsException,1,62328,1.6,4952,"[1.6,1]"
19,mockito,MOCKITO-34b,34b,java.lang.ArrayIndexOutOfBoundsException,1,62328,1.6,4970,"[1.6,1]"
20,mockito,MOCKITO-34b,34b,java.lang.ArrayIndexOutOfBoundsException,1,62328,1.6,4894,"[1.6,1]"
21,mockito,MOCKITO-34b,34b,java.lang.ArrayIndexOutOfBoundsException,1,62328,1.6,5026,"[1.6,1]"
22,mockito,MOCKITO-34b,34b,java.lang.ArrayIndexOutOfBoundsException,1,62328,1.6,4817,"[1.6,1]"
23,mockito,MOCKITO-34b,34b,java.lang.ArrayIndexOutOfBoundsException,1,62328,1.3333333333333333,5574,"[1.6,1][1.3333333333333333,6]"
24,mockito,MOCKITO-34b,34b,java.lang.ArrayIndexOutOfBoundsException,1,62328,1.6,5042,"[1.6,1]"
25,mockito,MOCKITO-34b,34b,java.lang.ArrayIndexOutOfBoundsException,1,62328,1.6,5067,"[1.6,1]"
26,mockito,MOCKITO-34b,34b,java.lang.ArrayIndexOutOfBoundsException,1,62328,1.6,4878,"[1.6,1]"
27,mockito,MOCKITO-34b,34b,java.lang.ArrayIndexOutOfBoundsException,1,62328,1.6,4977,"[1.6,1]"
28,mockito,MOCKITO-34b,34b,java.lang.ArrayIndexOutOfBoundsException,1,62328,1.6,4741,"[1.6,1]"
29,mockito,MOCKITO-34b,34b,java.lang.ArrayIndexOutOfBoundsException,1,62328,1.6,4893,"[1.6,1]"
30,mockito,MOCKITO-34b,34b,java.lang.ArrayIndexOutOfBoundsException,1,62328,1.6,5068,"[1.6,1]"
1,mockito,MOCKITO-3b,3b,java.lang.ArrayIndexOutOfBoundsException,1,62328,1.75,2974,"[1.75,1]"
2,mockito,MOCKITO-3b,3b,java.lang.ArrayIndexOutOfBoundsException,1,62328,1.75,3011,"[1.75,1]"
3,mockito,MOCKITO-3b,3b,java.lang.ArrayIndexOutOfBoundsException,1,62328,1.75,3706,"[1.75,1]"
4,mockito,MOCKITO-3b,3b,java.lang.ArrayIndexOutOfBoundsException,1,62328,1.75,4614,"[1.75,1]"
5,mockito,MOCKITO-3b,3b,java.lang.ArrayIndexOutOfBoundsException,1,62328,1.75,5598,"[1.75,1]"
6,mockito,MOCKITO-3b,3b,java.lang.ArrayIndexOutOfBoundsException,1,62328,1.75,4921,"[1.75,1]"
7,mockito,MOCKITO-3b,3b,java.lang.ArrayIndexOutOfBoundsException,1,62328,1.75,4978,"[1.75,1]"
8,mockito,MOCKITO-3b,3b,java.lang.ArrayIndexOutOfBoundsException,1,62328,1.75,4391,"[1.75,1]"
9,mockito,MOCKITO-3b,3b,java.lang.ArrayIndexOutOfBoundsException,1,62328,1.75,4532,"[1.75,1]"
10,mockito,MOCKITO-3b,3b,java.lang.ArrayIndexOutOfBoundsException,1,62328,1.75,4477,"[1.75,1]"
11,mockito,MOCKITO-3b,3b,java.lang.ArrayIndexOutOfBoundsException,1,62328,1.75,4559,"[1.75,1]"
12,mockito,MOCKITO-3b,3b,java.lang.ArrayIndexOutOfBoundsException,1,62328,1.75,5280,"[1.75,1]"
13,mockito,MOCKITO-3b,3b,java.lang.ArrayIndexOutOfBoundsException,1,62328,1.75,4550,"[1.75,1]"
14,mockito,MOCKITO-3b,3b,java.lang.ArrayIndexOutOfBoundsException,1,62328,1.75,4655,"[1.75,1]"
15,mockito,MOCKITO-3b,3b,java.lang.ArrayIndexOutOfBoundsException,1,62328,1.75,4477,"[1.75,1]"
16,mockito,MOCKITO-3b,3b,java.lang.ArrayIndexOutOfBoundsException,1,62328,1.75,5252,"[1.75,1]"
17,mockito,MOCKITO-3b,3b,java.lang.ArrayIndexOutOfBoundsException,1,62328,1.75,4213,"[1.75,1]"
18,mockito,MOCKITO-3b,3b,java.lang.ArrayIndexOutOfBoundsException,1,62328,1.75,5282,"[1.75,1]"
19,mockito,MOCKITO-3b,3b,java.lang.ArrayIndexOutOfBoundsException,1,62328,1.75,4678,"[1.75,1]"
20,mockito,MOCKITO-3b,3b,java.lang.ArrayIndexOutOfBoundsException,1,62328,1.75,5959,"[1.75,1]"
21,mockito,MOCKITO-3b,3b,java.lang.ArrayIndexOutOfBoundsException,1,62328,1.75,4524,"[1.75,1]"
22,mockito,MOCKITO-3b,3b,java.lang.ArrayIndexOutOfBoundsException,1,62328,1.75,5026,"[1.75,1]"
23,mockito,MOCKITO-3b,3b,java.lang.ArrayIndexOutOfBoundsException,1,62328,1.75,3888,"[1.75,1]"
24,mockito,MOCKITO-3b,3b,java.lang.ArrayIndexOutOfBoundsException,1,62328,1.75,4836,"[1.75,1]"
25,mockito,MOCKITO-3b,3b,java.lang.ArrayIndexOutOfBoundsException,1,62328,1.75,5941,"[1.75,1]"
26,mockito,MOCKITO-3b,3b,java.lang.ArrayIndexOutOfBoundsException,1,62328,1.75,5432,"[1.75,1]"
27,mockito,MOCKITO-3b,3b,java.lang.ArrayIndexOutOfBoundsException,1,62328,1.75,5714,"[1.75,1]"
28,mockito,MOCKITO-3b,3b,java.lang.ArrayIndexOutOfBoundsException,1,62328,1.75,6579,"[1.75,1]"
29,mockito,MOCKITO-3b,3b,java.lang.ArrayIndexOutOfBoundsException,1,62328,1.75,5907,"[1.75,1]"
30,mockito,MOCKITO-3b,3b,java.lang.ArrayIndexOutOfBoundsException,1,62328,1.75,5592,"[1.75,1]"
1,mockito,MOCKITO-3b,3b,java.lang.ArrayIndexOutOfBoundsException,2,62328,2.5,7277,"[2.5,1]"
2,mockito,MOCKITO-3b,3b,java.lang.ArrayIndexOutOfBoundsException,2,62328,2.5,8555,"[2.5,1]"
3,mockito,MOCKITO-3b,3b,java.lang.ArrayIndexOutOfBoundsException,2,62328,2.5,9578,"[2.5,1]"
4,mockito,MOCKITO-3b,3b,java.lang.ArrayIndexOutOfBoundsException,2,62328,2.5,9871,"[2.5,1]"
5,mockito,MOCKITO-3b,3b,java.lang.ArrayIndexOutOfBoundsException,2,62328,2.5,12175,"[2.5,1]"
6,mockito,MOCKITO-3b,3b,java.lang.ArrayIndexOutOfBoundsException,2,62328,2.5,11292,"[2.5,1]"
7,mockito,MOCKITO-3b,3b,java.lang.ArrayIndexOutOfBoundsException,2,62328,2.5,12302,"[2.5,1]"
8,mockito,MOCKITO-3b,3b,java.lang.ArrayIndexOutOfBoundsException,2,62328,2.5,10027,"[2.5,1]"
9,mockito,MOCKITO-3b,3b,java.lang.ArrayIndexOutOfBoundsException,2,62328,2.5,10480,"[2.5,1]"
10,mockito,MOCKITO-3b,3b,java.lang.ArrayIndexOutOfBoundsException,2,62328,2.5,14295,"[2.5,1]"
11,mockito,MOCKITO-3b,3b,java.lang.ArrayIndexOutOfBoundsException,2,62328,2.5,13070,"[2.5,1]"
12,mockito,MOCKITO-3b,3b,java.lang.ArrayIndexOutOfBoundsException,2,62328,2.5,12211,"[2.5,1]"
13,mockito,MOCKITO-3b,3b,java.lang.ArrayIndexOutOfBoundsException,2,62328,2.5,12432,"[2.5,1]"
14,mockito,MOCKITO-3b,3b,java.lang.ArrayIndexOutOfBoundsException,2,62328,2.5,12188,"[2.5,1]"
15,mockito,MOCKITO-3b,3b,java.lang.ArrayIndexOutOfBoundsException,2,62328,2.5,9992,"[2.5,1]"
16,mockito,MOCKITO-3b,3b,java.lang.ArrayIndexOutOfBoundsException,2,62328,2.5,335,"[2.5,1]"
17,mockito,MOCKITO-3b,3b,java.lang.ArrayIndexOutOfBoundsException,2,62328,2.5,11497,"[2.5,1]"
18,mockito,MOCKITO-3b,3b,java.lang.ArrayIndexOutOfBoundsException,2,62328,2.5,10470,"[2.5,1]"
19,mockito,MOCKITO-3b,3b,java.lang.ArrayIndexOutOfBoundsException,2,62328,2.5,5379,"[2.5,1]"
20,mockito,MOCKITO-3b,3b,java.lang.ArrayIndexOutOfBoundsException,2,62328,2.5,476,"[2.5,1]"
21,mockito,MOCKITO-3b,3b,java.lang.ArrayIndexOutOfBoundsException,2,62328,2.5,11507,"[2.5,1]"
22,mockito,MOCKITO-3b,3b,java.lang.ArrayIndexOutOfBoundsException,2,62328,2.5,11904,"[2.5,1]"
23,mockito,MOCKITO-3b,3b,java.lang.ArrayIndexOutOfBoundsException,2,62328,2.5,11121,"[2.5,1]"
24,mockito,MOCKITO-3b,3b,java.lang.ArrayIndexOutOfBoundsException,2,62328,2.5,11889,"[2.5,1]"
25,mockito,MOCKITO-3b,3b,java.lang.ArrayIndexOutOfBoundsException,2,62328,2.5,12590,"[2.5,1]"
26,mockito,MOCKITO-3b,3b,java.lang.ArrayIndexOutOfBoundsException,2,62328,2.5,12964,"[2.5,1]"
27,mockito,MOCKITO-3b,3b,java.lang.ArrayIndexOutOfBoundsException,2,62328,2.5,13261,"[2.5,1]"
28,mockito,MOCKITO-3b,3b,java.lang.ArrayIndexOutOfBoundsException,2,62328,2.5,15716,"[2.5,1]"
29,mockito,MOCKITO-3b,3b,java.lang.ArrayIndexOutOfBoundsException,2,62328,2.5,15238,"[2.5,1]"
30,mockito,MOCKITO-3b,3b,java.lang.ArrayIndexOutOfBoundsException,2,62328,2.5,12796,"[2.5,1]"
1,mockito,MOCKITO-3b,3b,java.lang.ArrayIndexOutOfBoundsException,3,62328,3.0,10831,"[3.333333333333333,1][3.0,12]"
2,mockito,MOCKITO-3b,3b,java.lang.ArrayIndexOutOfBoundsException,3,62328,3.0,2438,"[3.333333333333333,1][3.0,6]"
3,mockito,MOCKITO-3b,3b,java.lang.ArrayIndexOutOfBoundsException,3,62328,3.0,14727,"[3.333333333333333,1][3.0,6]"
4,mockito,MOCKITO-3b,3b,java.lang.ArrayIndexOutOfBoundsException,3,62328,3.0,14824,"[3.333333333333333,1][3.0,10]"
5,mockito,MOCKITO-3b,3b,java.lang.ArrayIndexOutOfBoundsException,3,62328,3.0,16866,"[3.333333333333333,1][3.0,8]"
6,mockito,MOCKITO-3b,3b,java.lang.ArrayIndexOutOfBoundsException,3,62328,3.0,16619,"[3.333333333333333,1][3.0,4]"
7,mockito,MOCKITO-3b,3b,java.lang.ArrayIndexOutOfBoundsException,3,62328,3.0,12748,"[3.333333333333333,1][3.0,7]"
8,mockito,MOCKITO-3b,3b,java.lang.ArrayIndexOutOfBoundsException,3,62328,3.0,12716,"[3.333333333333333,1][3.0,28]"
9,mockito,MOCKITO-3b,3b,java.lang.ArrayIndexOutOfBoundsException,3,62328,3.0,16237,"[3.333333333333333,1][3.0,18]"
10,mockito,MOCKITO-3b,3b,java.lang.ArrayIndexOutOfBoundsException,3,62328,3.0,16126,"[3.333333333333333,1][3.0,12]"
11,mockito,MOCKITO-3b,3b,java.lang.ArrayIndexOutOfBoundsException,3,62328,3.0,18793,"[3.333333333333333,1][3.0,5]"
12,mockito,MOCKITO-3b,3b,java.lang.ArrayIndexOutOfBoundsException,3,62328,3.0,16525,"[3.333333333333333,1][3.0,13]"
13,mockito,MOCKITO-3b,3b,java.lang.ArrayIndexOutOfBoundsException,3,62328,3.0,16813,"[3.333333333333333,1][3.0,2]"
14,mockito,MOCKITO-3b,3b,java.lang.ArrayIndexOutOfBoundsException,3,62328,3.0,16335,"[3.333333333333333,1][3.0,9]"
15,mockito,MOCKITO-3b,3b,java.lang.ArrayIndexOutOfBoundsException,3,62328,3.0,16568,"[3.333333333333333,1][3.0,15]"
16,mockito,MOCKITO-3b,3b,java.lang.ArrayIndexOutOfBoundsException,3,62328,3.0,17273,"[3.333333333333333,1][3.0,4]"
17,mockito,MOCKITO-3b,3b,java.lang.ArrayIndexOutOfBoundsException,3,62328,3.0,737,"[3.333333333333333,1][3.0,15]"
18,mockito,MOCKITO-3b,3b,java.lang.ArrayIndexOutOfBoundsException,3,62328,3.0,12750,"[3.333333333333333,1][3.0,9]"
19,mockito,MOCKITO-3b,3b,java.lang.ArrayIndexOutOfBoundsException,3,62328,3.0,15996,"[3.333333333333333,1][3.0,8]"
20,mockito,MOCKITO-3b,3b,java.lang.ArrayIndexOutOfBoundsException,3,62328,3.0,12758,"[3.333333333333333,1][3.0,19]"
21,mockito,MOCKITO-3b,3b,java.lang.ArrayIndexOutOfBoundsException,3,62328,3.0,20097,"[3.333333333333333,1][3.0,2]"
22,mockito,MOCKITO-3b,3b,java.lang.ArrayIndexOutOfBoundsException,3,62328,3.0,14452,"[3.333333333333333,1][3.0,7]"
23,mockito,MOCKITO-3b,3b,java.lang.ArrayIndexOutOfBoundsException,3,62328,3.0,16389,"[3.333333333333333,1][3.0,17]"
24,mockito,MOCKITO-3b,3b,java.lang.ArrayIndexOutOfBoundsException,3,62328,3.0,17431,"[3.333333333333333,1][3.0,20]"
25,mockito,MOCKITO-3b,3b,java.lang.ArrayIndexOutOfBoundsException,3,62328,3.0,20342,"[3.333333333333333,1][3.0,8]"
26,mockito,MOCKITO-3b,3b,java.lang.ArrayIndexOutOfBoundsException,3,62328,3.0,18559,"[3.333333333333333,1][3.0,5]"
27,mockito,MOCKITO-3b,3b,java.lang.ArrayIndexOutOfBoundsException,3,62328,3.0,18792,"[3.333333333333333,1][3.0,22]"
28,mockito,MOCKITO-3b,3b,java.lang.ArrayIndexOutOfBoundsException,3,62328,3.0,20545,"[3.333333333333333,1][3.0,24]"
29,mockito,MOCKITO-3b,3b,java.lang.ArrayIndexOutOfBoundsException,3,62328,3.0,20492,"[3.333333333333333,1][3.0,5]"
30,mockito,MOCKITO-3b,3b,java.lang.ArrayIndexOutOfBoundsException,3,62328,3.0,19883,"[3.333333333333333,1][3.0,6]"
1,mockito,MOCKITO-3b,3b,java.lang.ArrayIndexOutOfBoundsException,4,62328,4.5,7009,"[4.5,1]"
2,mockito,MOCKITO-3b,3b,java.lang.ArrayIndexOutOfBoundsException,4,62328,4.5,7517,"[4.5,1]"
3,mockito,MOCKITO-3b,3b,java.lang.ArrayIndexOutOfBoundsException,4,62328,4.5,7842,"[4.5,1]"
4,mockito,MOCKITO-3b,3b,java.lang.ArrayIndexOutOfBoundsException,4,62328,4.5,9116,"[4.5,1]"
5,mockito,MOCKITO-3b,3b,java.lang.ArrayIndexOutOfBoundsException,4,62328,4.5,11072,"[4.5,1]"
6,mockito,MOCKITO-3b,3b,java.lang.ArrayIndexOutOfBoundsException,4,62328,4.5,9537,"[4.5,1]"
7,mockito,MOCKITO-3b,3b,java.lang.ArrayIndexOutOfBoundsException,4,62328,4.5,8308,"[4.5,1]"
8,mockito,MOCKITO-3b,3b,java.lang.ArrayIndexOutOfBoundsException,4,62328,4.5,9591,"[4.5,1]"
9,mockito,MOCKITO-3b,3b,java.lang.ArrayIndexOutOfBoundsException,4,62328,4.5,11936,"[4.5,1]"
10,mockito,MOCKITO-3b,3b,java.lang.ArrayIndexOutOfBoundsException,4,62328,4.5,8784,"[4.5,1]"
11,mockito,MOCKITO-3b,3b,java.lang.ArrayIndexOutOfBoundsException,4,62328,4.5,11591,"[4.5,1]"
12,mockito,MOCKITO-3b,3b,java.lang.ArrayIndexOutOfBoundsException,4,62328,4.5,10651,"[4.5,1]"
13,mockito,MOCKITO-3b,3b,java.lang.ArrayIndexOutOfBoundsException,4,62328,4.5,11022,"[4.5,1]"
14,mockito,MOCKITO-3b,3b,java.lang.ArrayIndexOutOfBoundsException,4,62328,4.5,9144,"[4.5,1]"
15,mockito,MOCKITO-3b,3b,java.lang.ArrayIndexOutOfBoundsException,4,62328,4.5,9884,"[4.5,1]"
16,mockito,MOCKITO-3b,3b,java.lang.ArrayIndexOutOfBoundsException,4,62328,4.5,12234,"[4.5,1]"
17,mockito,MOCKITO-3b,3b,java.lang.ArrayIndexOutOfBoundsException,4,62328,4.5,4031,"[4.5,1]"
18,mockito,MOCKITO-3b,3b,java.lang.ArrayIndexOutOfBoundsException,4,62328,4.5,9828,"[4.5,1]"
19,mockito,MOCKITO-3b,3b,java.lang.ArrayIndexOutOfBoundsException,4,62328,4.5,9476,"[4.5,1]"
20,mockito,MOCKITO-3b,3b,java.lang.ArrayIndexOutOfBoundsException,4,62328,4.5,9623,"[4.5,1]"
21,mockito,MOCKITO-3b,3b,java.lang.ArrayIndexOutOfBoundsException,4,62328,4.5,9168,"[4.5,1]"
22,mockito,MOCKITO-3b,3b,java.lang.ArrayIndexOutOfBoundsException,4,62328,4.5,9668,"[4.5,1]"
23,mockito,MOCKITO-3b,3b,java.lang.ArrayIndexOutOfBoundsException,4,62328,4.5,11655,"[4.5,1]"
24,mockito,MOCKITO-3b,3b,java.lang.ArrayIndexOutOfBoundsException,4,62328,4.5,12449,"[4.5,1]"
25,mockito,MOCKITO-3b,3b,java.lang.ArrayIndexOutOfBoundsException,4,62328,4.5,10452,"[4.5,1]"
26,mockito,MOCKITO-3b,3b,java.lang.ArrayIndexOutOfBoundsException,4,62328,4.5,11280,"[4.5,1]"
27,mockito,MOCKITO-3b,3b,java.lang.ArrayIndexOutOfBoundsException,4,62328,4.5,11387,"[4.5,1]"
28,mockito,MOCKITO-3b,3b,java.lang.ArrayIndexOutOfBoundsException,4,62328,4.5,12506,"[4.5,1]"
29,mockito,MOCKITO-3b,3b,java.lang.ArrayIndexOutOfBoundsException,4,62328,4.5,11645,"[4.5,1]"
30,mockito,MOCKITO-3b,3b,java.lang.ArrayIndexOutOfBoundsException,4,62328,4.5,11321,"[4.5,1]"
1,mockito,MOCKITO-3b,3b,java.lang.ArrayIndexOutOfBoundsException,5,62328,5.5,8044,"[5.5,1]"
2,mockito,MOCKITO-3b,3b,java.lang.ArrayIndexOutOfBoundsException,5,62328,5.5,10173,"[5.5,1]"
3,mockito,MOCKITO-3b,3b,java.lang.ArrayIndexOutOfBoundsException,5,62328,5.5,9704,"[5.5,1]"
4,mockito,MOCKITO-3b,3b,java.lang.ArrayIndexOutOfBoundsException,5,62328,5.5,10770,"[5.5,1]"
5,mockito,MOCKITO-3b,3b,java.lang.ArrayIndexOutOfBoundsException,5,62328,5.5,6494,"[5.5,1]"
6,mockito,MOCKITO-3b,3b,java.lang.ArrayIndexOutOfBoundsException,5,62328,5.5,10347,"[5.5,1]"
7,mockito,MOCKITO-3b,3b,java.lang.ArrayIndexOutOfBoundsException,5,62328,5.5,10837,"[5.5,1]"
8,mockito,MOCKITO-3b,3b,java.lang.ArrayIndexOutOfBoundsException,5,62328,5.5,4614,"[5.5,1]"
9,mockito,MOCKITO-3b,3b,java.lang.ArrayIndexOutOfBoundsException,5,62328,5.5,11744,"[5.5,1]"
10,mockito,MOCKITO-3b,3b,java.lang.ArrayIndexOutOfBoundsException,5,62328,5.5,13830,"[5.5,1]"
11,mockito,MOCKITO-3b,3b,java.lang.ArrayIndexOutOfBoundsException,5,62328,5.5,11785,"[5.5,1]"
12,mockito,MOCKITO-3b,3b,java.lang.ArrayIndexOutOfBoundsException,5,62328,5.5,10731,"[5.5,1]"
13,mockito,MOCKITO-3b,3b,java.lang.ArrayIndexOutOfBoundsException,5,62328,5.5,11843,"[5.5,1]"
14,mockito,MOCKITO-3b,3b,java.lang.ArrayIndexOutOfBoundsException,5,62328,5.5,599,"[5.5,1]"
15,mockito,MOCKITO-3b,3b,java.lang.ArrayIndexOutOfBoundsException,5,62328,5.5,11147,"[5.5,1]"
16,mockito,MOCKITO-3b,3b,java.lang.ArrayIndexOutOfBoundsException,5,62328,5.5,11431,"[5.5,1]"
17,mockito,MOCKITO-3b,3b,java.lang.ArrayIndexOutOfBoundsException,5,62328,5.5,11676,"[5.5,1]"
18,mockito,MOCKITO-3b,3b,java.lang.ArrayIndexOutOfBoundsException,5,62328,5.5,11766,"[5.5,1]"
19,mockito,MOCKITO-3b,3b,java.lang.ArrayIndexOutOfBoundsException,5,62328,5.5,15009,"[5.5,1]"
20,mockito,MOCKITO-3b,3b,java.lang.ArrayIndexOutOfBoundsException,5,62328,5.5,13772,"[5.5,1]"
21,mockito,MOCKITO-3b,3b,java.lang.ArrayIndexOutOfBoundsException,5,62328,5.5,13537,"[5.5,1]"
22,mockito,MOCKITO-3b,3b,java.lang.ArrayIndexOutOfBoundsException,5,62328,5.5,11284,"[5.5,1]"
23,mockito,MOCKITO-3b,3b,java.lang.ArrayIndexOutOfBoundsException,5,62328,5.5,12601,"[5.5,1]"
24,mockito,MOCKITO-3b,3b,java.lang.ArrayIndexOutOfBoundsException,5,62328,5.5,12629,"[5.5,1]"
25,mockito,MOCKITO-3b,3b,java.lang.ArrayIndexOutOfBoundsException,5,62328,5.5,12593,"[5.5,1]"
26,mockito,MOCKITO-3b,3b,java.lang.ArrayIndexOutOfBoundsException,5,62328,5.5,14296,"[5.5,1]"
27,mockito,MOCKITO-3b,3b,java.lang.ArrayIndexOutOfBoundsException,5,62328,5.5,14152,"[5.5,1]"
28,mockito,MOCKITO-3b,3b,java.lang.ArrayIndexOutOfBoundsException,5,62328,5.5,15695,"[5.5,1]"
29,mockito,MOCKITO-3b,3b,java.lang.ArrayIndexOutOfBoundsException,5,62328,5.5,15706,"[5.5,1]"
30,mockito,MOCKITO-3b,3b,java.lang.ArrayIndexOutOfBoundsException,5,62328,5.5,15217,"[5.5,1]"
1,mockito,MOCKITO-3b,3b,java.lang.ArrayIndexOutOfBoundsException,6,62328,6.5,6934,"[6.5,1]"
2,mockito,MOCKITO-3b,3b,java.lang.ArrayIndexOutOfBoundsException,6,62328,6.5,9371,"[6.5,1]"
3,mockito,MOCKITO-3b,3b,java.lang.ArrayIndexOutOfBoundsException,6,62328,6.5,8866,"[6.5,1]"
4,mockito,MOCKITO-3b,3b,java.lang.ArrayIndexOutOfBoundsException,6,62328,6.5,9321,"[6.5,1]"
5,mockito,MOCKITO-3b,3b,java.lang.ArrayIndexOutOfBoundsException,6,62328,6.5,12103,"[6.5,1]"
6,mockito,MOCKITO-3b,3b,java.lang.ArrayIndexOutOfBoundsException,6,62328,6.5,10066,"[6.5,1]"
7,mockito,MOCKITO-3b,3b,java.lang.ArrayIndexOutOfBoundsException,6,62328,6.5,11105,"[6.5,1]"
8,mockito,MOCKITO-3b,3b,java.lang.ArrayIndexOutOfBoundsException,6,62328,6.5,12951,"[6.5,1]"
9,mockito,MOCKITO-3b,3b,java.lang.ArrayIndexOutOfBoundsException,6,62328,6.5,10172,"[6.5,1]"
10,mockito,MOCKITO-3b,3b,java.lang.ArrayIndexOutOfBoundsException,6,62328,6.5,10210,"[6.5,1]"
11,mockito,MOCKITO-3b,3b,java.lang.ArrayIndexOutOfBoundsException,6,62328,6.5,11415,"[6.5,1]"
12,mockito,MOCKITO-3b,3b,java.lang.ArrayIndexOutOfBoundsException,6,62328,6.5,11138,"[6.5,1]"
13,mockito,MOCKITO-3b,3b,java.lang.ArrayIndexOutOfBoundsException,6,62328,6.5,10587,"[6.5,1]"
14,mockito,MOCKITO-3b,3b,java.lang.ArrayIndexOutOfBoundsException,6,62328,6.5,10276,"[6.5,1]"
15,mockito,MOCKITO-3b,3b,java.lang.ArrayIndexOutOfBoundsException,6,62328,6.5,10694,"[6.5,1]"
16,mockito,MOCKITO-3b,3b,java.lang.ArrayIndexOutOfBoundsException,6,62328,6.5,10334,"[6.5,1]"
17,mockito,MOCKITO-3b,3b,java.lang.ArrayIndexOutOfBoundsException,6,62328,6.5,9573,"[6.5,1]"
18,mockito,MOCKITO-3b,3b,java.lang.ArrayIndexOutOfBoundsException,6,62328,6.5,10480,"[6.5,1]"
19,mockito,MOCKITO-3b,3b,java.lang.ArrayIndexOutOfBoundsException,6,62328,6.5,10426,"[6.5,1]"
20,mockito,MOCKITO-3b,3b,java.lang.ArrayIndexOutOfBoundsException,6,62328,6.5,13566,"[6.5,1]"
21,mockito,MOCKITO-3b,3b,java.lang.ArrayIndexOutOfBoundsException,6,62328,6.5,10875,"[6.5,1]"
22,mockito,MOCKITO-3b,3b,java.lang.ArrayIndexOutOfBoundsException,6,62328,6.5,11778,"[6.5,1]"
23,mockito,MOCKITO-3b,3b,java.lang.ArrayIndexOutOfBoundsException,6,62328,6.5,4949,"[6.5,1]"
24,mockito,MOCKITO-3b,3b,java.lang.ArrayIndexOutOfBoundsException,6,62328,6.5,11686,"[6.5,1]"
25,mockito,MOCKITO-3b,3b,java.lang.ArrayIndexOutOfBoundsException,6,62328,6.5,11764,"[6.5,1]"
26,mockito,MOCKITO-3b,3b,java.lang.ArrayIndexOutOfBoundsException,6,62328,6.5,12877,"[6.5,1]"
27,mockito,MOCKITO-3b,3b,java.lang.ArrayIndexOutOfBoundsException,6,62328,6.5,14083,"[6.5,1]"
28,mockito,MOCKITO-3b,3b,java.lang.ArrayIndexOutOfBoundsException,6,62328,6.5,12359,"[6.5,1]"
29,mockito,MOCKITO-3b,3b,java.lang.ArrayIndexOutOfBoundsException,6,62328,6.5,12905,"[6.5,1]"
30,mockito,MOCKITO-3b,3b,java.lang.ArrayIndexOutOfBoundsException,6,62328,6.5,12719,"[6.5,1]"
1,mockito,MOCKITO-3b,3b,java.lang.ArrayIndexOutOfBoundsException,7,62328,7.6,2469,"[7.666666666666666,1][7.6,3]"
2,mockito,MOCKITO-3b,3b,java.lang.ArrayIndexOutOfBoundsException,7,62328,7.6,2699,"[7.9411764705882355,1][7.666666666666666,2][7.6,7]"
3,mockito,MOCKITO-3b,3b,java.lang.ArrayIndexOutOfBoundsException,7,62328,7.6,2682,"[7.9411764705882355,1][7.666666666666666,3][7.6,4]"
4,mockito,MOCKITO-3b,3b,java.lang.ArrayIndexOutOfBoundsException,7,62328,7.6,3144,"[7.666666666666666,1][7.6,10]"
5,mockito,MOCKITO-3b,3b,java.lang.ArrayIndexOutOfBoundsException,7,62328,7.6,3615,"[7.666666666666666,1][7.6,2]"
6,mockito,MOCKITO-3b,3b,java.lang.ArrayIndexOutOfBoundsException,7,62328,7.6,4175,"[7.666666666666666,1][7.6,5]"
7,mockito,MOCKITO-3b,3b,java.lang.ArrayIndexOutOfBoundsException,7,62328,7.6,3222,"[7.9411764705882355,1][7.666666666666666,5][7.6,8]"
8,mockito,MOCKITO-3b,3b,java.lang.ArrayIndexOutOfBoundsException,7,62328,7.6,3325,"[7.9411764705882355,1][7.666666666666666,2][7.6,4]"
9,mockito,MOCKITO-3b,3b,java.lang.ArrayIndexOutOfBoundsException,7,62328,7.6,3463,"[7.9411764705882355,1][7.666666666666666,3][7.6,7]"
10,mockito,MOCKITO-3b,3b,java.lang.ArrayIndexOutOfBoundsException,7,62328,7.6,3150,"[7.9411764705882355,1][7.666666666666666,2][7.6,5]"
11,mockito,MOCKITO-3b,3b,java.lang.ArrayIndexOutOfBoundsException,7,62328,7.6,2860,"[7.666666666666666,1][7.6,3]"
12,mockito,MOCKITO-3b,3b,java.lang.ArrayIndexOutOfBoundsException,7,62328,7.6,3111,"[7.9411764705882355,1][7.666666666666666,2][7.6,3]"
13,mockito,MOCKITO-3b,3b,java.lang.ArrayIndexOutOfBoundsException,7,62328,7.6,3249,"[7.9411764705882355,1][7.666666666666666,5][7.6,9]"
14,mockito,MOCKITO-3b,3b,java.lang.ArrayIndexOutOfBoundsException,7,62328,7.6,3841,"[7.9411764705882355,1][7.666666666666666,3][7.6,9]"
15,mockito,MOCKITO-3b,3b,java.lang.ArrayIndexOutOfBoundsException,7,62328,7.6,3009,"[7.9411764705882355,1][7.666666666666666,3][7.6,6]"
16,mockito,MOCKITO-3b,3b,java.lang.ArrayIndexOutOfBoundsException,7,62328,7.6,2621,"[7.9411764705882355,1][7.666666666666666,2][7.6,4]"
17,mockito,MOCKITO-3b,3b,java.lang.ArrayIndexOutOfBoundsException,7,62328,7.6,3438,"[7.9411764705882355,1][7.666666666666666,2][7.6,4]"
18,mockito,MOCKITO-3b,3b,java.lang.ArrayIndexOutOfBoundsException,7,62328,7.6,3648,"[7.666666666666666,1][7.6,2]"
19,mockito,MOCKITO-3b,3b,java.lang.ArrayIndexOutOfBoundsException,7,62328,7.6,3349,"[7.9411764705882355,1][7.666666666666666,4][7.6,5]"
20,mockito,MOCKITO-3b,3b,java.lang.ArrayIndexOutOfBoundsException,7,62328,7.6,3707,"[7.666666666666666,1][7.6,2]"
21,mockito,MOCKITO-3b,3b,java.lang.ArrayIndexOutOfBoundsException,7,62328,7.6,1763,"[7.666666666666666,1][7.6,3]"
22,mockito,MOCKITO-3b,3b,java.lang.ArrayIndexOutOfBoundsException,7,62328,7.6,3850,"[7.666666666666666,1][7.6,3]"
23,mockito,MOCKITO-3b,3b,java.lang.ArrayIndexOutOfBoundsException,7,62328,7.6,3114,"[7.666666666666666,1][7.6,2]"
24,mockito,MOCKITO-3b,3b,java.lang.ArrayIndexOutOfBoundsException,7,62328,7.6,3849,"[7.9411764705882355,1][7.666666666666666,10][7.6,11]"
25,mockito,MOCKITO-3b,3b,java.lang.ArrayIndexOutOfBoundsException,7,62328,7.6,4371,"[7.666666666666666,1][7.6,3]"
26,mockito,MOCKITO-3b,3b,java.lang.ArrayIndexOutOfBoundsException,7,62328,7.6,4191,"[7.9411764705882355,1][7.666666666666666,4][7.6,5]"
27,mockito,MOCKITO-3b,3b,java.lang.ArrayIndexOutOfBoundsException,7,62328,7.6,5100,"[7.9411764705882355,1][7.666666666666666,2][7.6,8]"
28,mockito,MOCKITO-3b,3b,java.lang.ArrayIndexOutOfBoundsException,7,62328,7.6,3996,"[7.9411764705882355,1][7.666666666666666,5][7.6,9]"
29,mockito,MOCKITO-3b,3b,java.lang.ArrayIndexOutOfBoundsException,7,62328,7.6,5200,"[7.9411764705882355,1][7.666666666666666,2][7.6,6]"
30,mockito,MOCKITO-3b,3b,java.lang.ArrayIndexOutOfBoundsException,7,62328,7.6,3876,"[7.666666666666666,1][7.6,2]"
1,mockito,MOCKITO-3b,3b,java.lang.ArrayIndexOutOfBoundsException,8,62328,8.5,5770,"[8.5,1]"
2,mockito,MOCKITO-3b,3b,java.lang.ArrayIndexOutOfBoundsException,8,62328,8.5,9264,"[8.5,1]"
3,mockito,MOCKITO-3b,3b,java.lang.ArrayIndexOutOfBoundsException,8,62328,8.5,7982,"[8.5,1]"
4,mockito,MOCKITO-3b,3b,java.lang.ArrayIndexOutOfBoundsException,8,62328,8.5,7109,"[8.5,1]"
5,mockito,MOCKITO-3b,3b,java.lang.ArrayIndexOutOfBoundsException,8,62328,8.5,8189,"[8.5,1]"
6,mockito,MOCKITO-3b,3b,java.lang.ArrayIndexOutOfBoundsException,8,62328,8.5,7379,"[8.5,1]"
7,mockito,MOCKITO-3b,3b,java.lang.ArrayIndexOutOfBoundsException,8,62328,8.5,8827,"[8.5,1]"
8,mockito,MOCKITO-3b,3b,java.lang.ArrayIndexOutOfBoundsException,8,62328,8.5,8071,"[8.5,1]"
9,mockito,MOCKITO-3b,3b,java.lang.ArrayIndexOutOfBoundsException,8,62328,8.5,8882,"[8.5,1]"
10,mockito,MOCKITO-3b,3b,java.lang.ArrayIndexOutOfBoundsException,8,62328,8.5,9343,"[8.5,1]"
11,mockito,MOCKITO-3b,3b,java.lang.ArrayIndexOutOfBoundsException,8,62328,8.5,9205,"[8.5,1]"
12,mockito,MOCKITO-3b,3b,java.lang.ArrayIndexOutOfBoundsException,8,62328,8.5,8153,"[8.5,1]"
13,mockito,MOCKITO-3b,3b,java.lang.ArrayIndexOutOfBoundsException,8,62328,8.5,8932,"[8.5,1]"
14,mockito,MOCKITO-3b,3b,java.lang.ArrayIndexOutOfBoundsException,8,62328,8.5,8356,"[8.5,1]"
15,mockito,MOCKITO-3b,3b,java.lang.ArrayIndexOutOfBoundsException,8,62328,8.5,9501,"[8.5,1]"
16,mockito,MOCKITO-3b,3b,java.lang.ArrayIndexOutOfBoundsException,8,62328,8.5,9596,"[8.5,1]"
17,mockito,MOCKITO-3b,3b,java.lang.ArrayIndexOutOfBoundsException,8,62328,8.5,7979,"[8.5,1]"
18,mockito,MOCKITO-3b,3b,java.lang.ArrayIndexOutOfBoundsException,8,62328,8.5,8142,"[8.5,1]"
19,mockito,MOCKITO-3b,3b,java.lang.ArrayIndexOutOfBoundsException,8,62328,8.5,9168,"[8.5,1]"
20,mockito,MOCKITO-3b,3b,java.lang.ArrayIndexOutOfBoundsException,8,62328,8.5,8240,"[8.5,1]"
21,mockito,MOCKITO-3b,3b,java.lang.ArrayIndexOutOfBoundsException,8,62328,8.5,7426,"[8.5,1]"
22,mockito,MOCKITO-3b,3b,java.lang.ArrayIndexOutOfBoundsException,8,62328,8.5,8705,"[8.5,1]"
23,mockito,MOCKITO-3b,3b,java.lang.ArrayIndexOutOfBoundsException,8,62328,8.5,8049,"[8.5,1]"
24,mockito,MOCKITO-3b,3b,java.lang.ArrayIndexOutOfBoundsException,8,62328,8.5,10325,"[8.5,1]"
25,mockito,MOCKITO-3b,3b,java.lang.ArrayIndexOutOfBoundsException,8,62328,8.5,9768,"[8.5,1]"
26,mockito,MOCKITO-3b,3b,java.lang.ArrayIndexOutOfBoundsException,8,62328,8.5,9843,"[8.5,1]"
27,mockito,MOCKITO-3b,3b,java.lang.ArrayIndexOutOfBoundsException,8,62328,8.5,10716,"[8.5,1]"
28,mockito,MOCKITO-3b,3b,java.lang.ArrayIndexOutOfBoundsException,8,62328,8.5,10197,"[8.5,1]"
29,mockito,MOCKITO-3b,3b,java.lang.ArrayIndexOutOfBoundsException,8,62328,8.5,10321,"[8.5,1]"
30,mockito,MOCKITO-3b,3b,java.lang.ArrayIndexOutOfBoundsException,8,62328,8.5,10394,"[8.5,1]"
1,mockito,MOCKITO-3b,3b,java.lang.ArrayIndexOutOfBoundsException,9,62328,9.5,1924,"[9.5,1]"
2,mockito,MOCKITO-3b,3b,java.lang.ArrayIndexOutOfBoundsException,9,62328,9.5,2497,"[9.5,1]"
3,mockito,MOCKITO-3b,3b,java.lang.ArrayIndexOutOfBoundsException,9,62328,9.5,3759,"[9.5,1]"
4,mockito,MOCKITO-3b,3b,java.lang.ArrayIndexOutOfBoundsException,9,62328,9.5,2575,"[9.5,1]"
5,mockito,MOCKITO-3b,3b,java.lang.ArrayIndexOutOfBoundsException,9,62328,9.5,2622,"[9.5,1]"
6,mockito,MOCKITO-3b,3b,java.lang.ArrayIndexOutOfBoundsException,9,62328,9.5,2722,"[9.5,1]"
7,mockito,MOCKITO-3b,3b,java.lang.ArrayIndexOutOfBoundsException,9,62328,9.5,3156,"[9.5,1]"
8,mockito,MOCKITO-3b,3b,java.lang.ArrayIndexOutOfBoundsException,9,62328,9.5,2498,"[9.5,1]"
9,mockito,MOCKITO-3b,3b,java.lang.ArrayIndexOutOfBoundsException,9,62328,9.5,2419,"[9.5,1]"
10,mockito,MOCKITO-3b,3b,java.lang.ArrayIndexOutOfBoundsException,9,62328,9.5,3838,"[9.5,1]"
11,mockito,MOCKITO-3b,3b,java.lang.ArrayIndexOutOfBoundsException,9,62328,9.5,2709,"[9.5,1]"
12,mockito,MOCKITO-3b,3b,java.lang.ArrayIndexOutOfBoundsException,9,62328,9.5,2127,"[9.5,1]"
13,mockito,MOCKITO-3b,3b,java.lang.ArrayIndexOutOfBoundsException,9,62328,9.5,3377,"[9.5,1]"
14,mockito,MOCKITO-3b,3b,java.lang.ArrayIndexOutOfBoundsException,9,62328,9.5,2421,"[9.5,1]"
15,mockito,MOCKITO-3b,3b,java.lang.ArrayIndexOutOfBoundsException,9,62328,9.5,2850,"[9.5,1]"
16,mockito,MOCKITO-3b,3b,java.lang.ArrayIndexOutOfBoundsException,9,62328,9.5,2836,"[9.5,1]"
17,mockito,MOCKITO-3b,3b,java.lang.ArrayIndexOutOfBoundsException,9,62328,9.5,3165,"[9.5,1]"
18,mockito,MOCKITO-3b,3b,java.lang.ArrayIndexOutOfBoundsException,9,62328,9.5,3473,"[9.5,1]"
19,mockito,MOCKITO-3b,3b,java.lang.ArrayIndexOutOfBoundsException,9,62328,9.5,3780,"[9.5,1]"
20,mockito,MOCKITO-3b,3b,java.lang.ArrayIndexOutOfBoundsException,9,62328,9.5,3413,"[9.5,1]"
21,mockito,MOCKITO-3b,3b,java.lang.ArrayIndexOutOfBoundsException,9,62328,9.5,3146,"[9.5,1]"
22,mockito,MOCKITO-3b,3b,java.lang.ArrayIndexOutOfBoundsException,9,62328,9.5,2839,"[9.5,1]"
23,mockito,MOCKITO-3b,3b,java.lang.ArrayIndexOutOfBoundsException,9,62328,9.5,4019,"[9.5,1]"
24,mockito,MOCKITO-3b,3b,java.lang.ArrayIndexOutOfBoundsException,9,62328,9.5,3653,"[9.5,1]"
25,mockito,MOCKITO-3b,3b,java.lang.ArrayIndexOutOfBoundsException,9,62328,9.5,3536,"[9.5,1]"
26,mockito,MOCKITO-3b,3b,java.lang.ArrayIndexOutOfBoundsException,9,62328,9.5,4435,"[9.5,1]"
27,mockito,MOCKITO-3b,3b,java.lang.ArrayIndexOutOfBoundsException,9,62328,9.5,4703,"[9.5,1]"
28,mockito,MOCKITO-3b,3b,java.lang.ArrayIndexOutOfBoundsException,9,62328,9.5,3845,"[9.5,1]"
29,mockito,MOCKITO-3b,3b,java.lang.ArrayIndexOutOfBoundsException,9,62328,9.5,3801,"[9.5,1]"
30,mockito,MOCKITO-3b,3b,java.lang.ArrayIndexOutOfBoundsException,9,62328,9.5,5192,"[9.5,1]"
1,mockito,MOCKITO-3b,3b,java.lang.ArrayIndexOutOfBoundsException,10,62328,11.5,1095,"[11.5,1]"
2,mockito,MOCKITO-3b,3b,java.lang.ArrayIndexOutOfBoundsException,10,62328,11.5,1280,"[11.5,1]"
3,mockito,MOCKITO-3b,3b,java.lang.ArrayIndexOutOfBoundsException,10,62328,11.5,1652,"[11.5,1]"
4,mockito,MOCKITO-3b,3b,java.lang.ArrayIndexOutOfBoundsException,10,62328,11.5,1676,"[11.5,1]"
5,mockito,MOCKITO-3b,3b,java.lang.ArrayIndexOutOfBoundsException,10,62328,11.5,1959,"[11.5,1]"
6,mockito,MOCKITO-3b,3b,java.lang.ArrayIndexOutOfBoundsException,10,62328,11.5,1439,"[11.5,1]"
7,mockito,MOCKITO-3b,3b,java.lang.ArrayIndexOutOfBoundsException,10,62328,11.5,1522,"[11.5,1]"
8,mockito,MOCKITO-3b,3b,java.lang.ArrayIndexOutOfBoundsException,10,62328,11.5,1354,"[11.5,1]"
9,mockito,MOCKITO-3b,3b,java.lang.ArrayIndexOutOfBoundsException,10,62328,11.5,1716,"[11.5,1]"
10,mockito,MOCKITO-3b,3b,java.lang.ArrayIndexOutOfBoundsException,10,62328,11.5,1673,"[11.5,1]"
11,mockito,MOCKITO-3b,3b,java.lang.ArrayIndexOutOfBoundsException,10,62328,11.5,1472,"[11.5,1]"
12,mockito,MOCKITO-3b,3b,java.lang.ArrayIndexOutOfBoundsException,10,62328,11.5,1419,"[11.5,1]"
13,mockito,MOCKITO-3b,3b,java.lang.ArrayIndexOutOfBoundsException,10,62328,11.5,1463,"[11.5,1]"
14,mockito,MOCKITO-3b,3b,java.lang.ArrayIndexOutOfBoundsException,10,62328,11.5,1286,"[11.5,1]"
15,mockito,MOCKITO-3b,3b,java.lang.ArrayIndexOutOfBoundsException,10,62328,11.5,1576,"[11.5,1]"
16,mockito,MOCKITO-3b,3b,java.lang.ArrayIndexOutOfBoundsException,10,62328,11.5,1588,"[11.5,1]"
17,mockito,MOCKITO-3b,3b,java.lang.ArrayIndexOutOfBoundsException,10,62328,11.5,1443,"[11.5,1]"
18,mockito,MOCKITO-3b,3b,java.lang.ArrayIndexOutOfBoundsException,10,62328,11.5,1701,"[11.5,1]"
19,mockito,MOCKITO-3b,3b,java.lang.ArrayIndexOutOfBoundsException,10,62328,11.5,1292,"[11.5,1]"
20,mockito,MOCKITO-3b,3b,java.lang.ArrayIndexOutOfBoundsException,10,62328,11.5,1521,"[11.5,1]"
21,mockito,MOCKITO-3b,3b,java.lang.ArrayIndexOutOfBoundsException,10,62328,11.5,1548,"[11.5,1]"
22,mockito,MOCKITO-3b,3b,java.lang.ArrayIndexOutOfBoundsException,10,62328,11.5,1647,"[11.5,1]"
23,mockito,MOCKITO-3b,3b,java.lang.ArrayIndexOutOfBoundsException,10,62328,11.5,1558,"[11.5,1]"
24,mockito,MOCKITO-3b,3b,java.lang.ArrayIndexOutOfBoundsException,10,62328,11.5,1938,"[11.5,1]"
25,mockito,MOCKITO-3b,3b,java.lang.ArrayIndexOutOfBoundsException,10,62328,11.5,2293,"[11.5,1]"
26,mockito,MOCKITO-3b,3b,java.lang.ArrayIndexOutOfBoundsException,10,62328,11.5,1948,"[11.5,1]"
27,mockito,MOCKITO-3b,3b,java.lang.ArrayIndexOutOfBoundsException,10,62328,11.5,2316,"[11.5,1]"
28,mockito,MOCKITO-3b,3b,java.lang.ArrayIndexOutOfBoundsException,10,62328,11.5,2414,"[11.5,1]"
29,mockito,MOCKITO-3b,3b,java.lang.ArrayIndexOutOfBoundsException,10,62328,11.5,2389,"[11.5,1]"
30,mockito,MOCKITO-3b,3b,java.lang.ArrayIndexOutOfBoundsException,10,62328,11.5,2204,"[11.5,1]"
1,mockito,MOCKITO-3b,3b,java.lang.ArrayIndexOutOfBoundsException,11,62328,11.5,1057,"[11.5,1]"
2,mockito,MOCKITO-3b,3b,java.lang.ArrayIndexOutOfBoundsException,11,62328,11.5,1451,"[11.5,1]"
3,mockito,MOCKITO-3b,3b,java.lang.ArrayIndexOutOfBoundsException,11,62328,11.5,1358,"[11.5,1]"
4,mockito,MOCKITO-3b,3b,java.lang.ArrayIndexOutOfBoundsException,11,62328,11.5,1560,"[11.5,1]"
5,mockito,MOCKITO-3b,3b,java.lang.ArrayIndexOutOfBoundsException,11,62328,11.5,82,"[11.5,1]"
6,mockito,MOCKITO-3b,3b,java.lang.ArrayIndexOutOfBoundsException,11,62328,11.5,1415,"[11.5,1]"
7,mockito,MOCKITO-3b,3b,java.lang.ArrayIndexOutOfBoundsException,11,62328,11.5,1385,"[11.5,1]"
8,mockito,MOCKITO-3b,3b,java.lang.ArrayIndexOutOfBoundsException,11,62328,11.5,1442,"[11.5,1]"
9,mockito,MOCKITO-3b,3b,java.lang.ArrayIndexOutOfBoundsException,11,62328,11.5,1788,"[11.5,1]"
10,mockito,MOCKITO-3b,3b,java.lang.ArrayIndexOutOfBoundsException,11,62328,11.5,1640,"[11.5,1]"
11,mockito,MOCKITO-3b,3b,java.lang.ArrayIndexOutOfBoundsException,11,62328,11.5,1744,"[11.5,1]"
12,mockito,MOCKITO-3b,3b,java.lang.ArrayIndexOutOfBoundsException,11,62328,11.5,1550,"[11.5,1]"
13,mockito,MOCKITO-3b,3b,java.lang.ArrayIndexOutOfBoundsException,11,62328,11.5,1545,"[11.5,1]"
14,mockito,MOCKITO-3b,3b,java.lang.ArrayIndexOutOfBoundsException,11,62328,11.5,1418,"[11.5,1]"
15,mockito,MOCKITO-3b,3b,java.lang.ArrayIndexOutOfBoundsException,11,62328,11.5,1776,"[11.5,1]"
16,mockito,MOCKITO-3b,3b,java.lang.ArrayIndexOutOfBoundsException,11,62328,11.5,1445,"[11.5,1]"
17,mockito,MOCKITO-3b,3b,java.lang.ArrayIndexOutOfBoundsException,11,62328,11.5,1539,"[11.5,1]"
18,mockito,MOCKITO-3b,3b,java.lang.ArrayIndexOutOfBoundsException,11,62328,11.5,1536,"[11.5,1]"
19,mockito,MOCKITO-3b,3b,java.lang.ArrayIndexOutOfBoundsException,11,62328,11.5,1437,"[11.5,1]"
20,mockito,MOCKITO-3b,3b,java.lang.ArrayIndexOutOfBoundsException,11,62328,11.5,1655,"[11.5,1]"
21,mockito,MOCKITO-3b,3b,java.lang.ArrayIndexOutOfBoundsException,11,62328,11.5,1625,"[11.5,1]"
22,mockito,MOCKITO-3b,3b,java.lang.ArrayIndexOutOfBoundsException,11,62328,11.5,1619,"[11.5,1]"
23,mockito,MOCKITO-3b,3b,java.lang.ArrayIndexOutOfBoundsException,11,62328,11.5,1746,"[11.5,1]"
24,mockito,MOCKITO-3b,3b,java.lang.ArrayIndexOutOfBoundsException,11,62328,11.5,2138,"[11.5,1]"
25,mockito,MOCKITO-3b,3b,java.lang.ArrayIndexOutOfBoundsException,11,62328,11.5,2261,"[11.5,1]"
26,mockito,MOCKITO-3b,3b,java.lang.ArrayIndexOutOfBoundsException,11,62328,11.5,2231,"[11.5,1]"
27,mockito,MOCKITO-3b,3b,java.lang.ArrayIndexOutOfBoundsException,11,62328,11.5,2253,"[11.5,1]"
28,mockito,MOCKITO-3b,3b,java.lang.ArrayIndexOutOfBoundsException,11,62328,11.5,2436,"[11.5,1]"
29,mockito,MOCKITO-3b,3b,java.lang.ArrayIndexOutOfBoundsException,11,62328,11.5,2662,"[11.5,1]"
30,mockito,MOCKITO-3b,3b,java.lang.ArrayIndexOutOfBoundsException,11,62328,11.5,2609,"[11.5,1]"
1,elasticsearch,ES-22997,2.4.1,java.lang.StringIndexOutOfBoundsException,2,62328,2.5,11,"[2.5,1]"
2,elasticsearch,ES-22997,2.4.1,java.lang.StringIndexOutOfBoundsException,2,62328,2.5,13,"[2.5,1]"
3,elasticsearch,ES-22997,2.4.1,java.lang.StringIndexOutOfBoundsException,2,62328,2.5,9,"[2.5,1]"
4,elasticsearch,ES-22997,2.4.1,java.lang.StringIndexOutOfBoundsException,2,62328,2.5,21,"[2.5,1]"
5,elasticsearch,ES-22997,2.4.1,java.lang.StringIndexOutOfBoundsException,2,62328,2.5,37,"[2.5,1]"
6,elasticsearch,ES-22997,2.4.1,java.lang.StringIndexOutOfBoundsException,2,62328,2.5,30,"[2.5,1]"
7,elasticsearch,ES-22997,2.4.1,java.lang.StringIndexOutOfBoundsException,2,62328,-1,0,
8,elasticsearch,ES-22997,2.4.1,java.lang.StringIndexOutOfBoundsException,2,62328,2.5,7,"[2.5,1]"
9,elasticsearch,ES-22997,2.4.1,java.lang.StringIndexOutOfBoundsException,2,62328,2.5,1,"[2.5,1]"
10,elasticsearch,ES-22997,2.4.1,java.lang.StringIndexOutOfBoundsException,2,62328,2.5,1,"[2.5,1]"
11,elasticsearch,ES-22997,2.4.1,java.lang.StringIndexOutOfBoundsException,2,62328,2.5,24,"[2.5,1]"
12,elasticsearch,ES-22997,2.4.1,java.lang.StringIndexOutOfBoundsException,2,62328,-1,0,
13,elasticsearch,ES-22997,2.4.1,java.lang.StringIndexOutOfBoundsException,2,62328,2.5,6,"[2.5,1]"
14,elasticsearch,ES-22997,2.4.1,java.lang.StringIndexOutOfBoundsException,2,62328,2.5,30,"[2.5,1]"
15,elasticsearch,ES-22997,2.4.1,java.lang.StringIndexOutOfBoundsException,2,62328,-1,0,
16,elasticsearch,ES-22997,2.4.1,java.lang.StringIndexOutOfBoundsException,2,62328,2.5,3,"[2.5,1]"
17,elasticsearch,ES-22997,2.4.1,java.lang.StringIndexOutOfBoundsException,2,62328,2.5,17,"[2.5,1]"
18,elasticsearch,ES-22997,2.4.1,java.lang.StringIndexOutOfBoundsException,2,62328,2.5,1,"[2.5,1]"
19,elasticsearch,ES-22997,2.4.1,java.lang.StringIndexOutOfBoundsException,2,62328,2.5,17,"[2.5,1]"
20,elasticsearch,ES-22997,2.4.1,java.lang.StringIndexOutOfBoundsException,2,62328,2.5,31,"[2.5,1]"
21,elasticsearch,ES-22997,2.4.1,java.lang.StringIndexOutOfBoundsException,2,62328,2.5,14,"[2.5,1]"
22,elasticsearch,ES-22997,2.4.1,java.lang.StringIndexOutOfBoundsException,2,62328,2.5,27,"[2.5,1]"
23,elasticsearch,ES-22997,2.4.1,java.lang.StringIndexOutOfBoundsException,2,62328,2.5,10,"[2.5,1]"
24,elasticsearch,ES-22997,2.4.1,java.lang.StringIndexOutOfBoundsException,2,62328,-1,0,
25,elasticsearch,ES-22997,2.4.1,java.lang.StringIndexOutOfBoundsException,2,62328,2.5,7,"[2.5,1]"
26,elasticsearch,ES-22997,2.4.1,java.lang.StringIndexOutOfBoundsException,2,62328,2.5,2,"[2.5,1]"
27,elasticsearch,ES-22997,2.4.1,java.lang.StringIndexOutOfBoundsException,2,62328,2.5,12,"[2.5,1]"
28,elasticsearch,ES-22997,2.4.1,java.lang.StringIndexOutOfBoundsException,2,62328,2.5,4,"[2.5,1]"
29,elasticsearch,ES-22997,2.4.1,java.lang.StringIndexOutOfBoundsException,2,62328,2.5,8,"[2.5,1]"
30,elasticsearch,ES-22997,2.4.1,java.lang.StringIndexOutOfBoundsException,2,62328,2.5,35,"[2.5,1]"
1,elasticsearch,ES-22997,2.4.1,java.lang.StringIndexOutOfBoundsException,5,62328,5.931034482758621,1123,"[5.933333333333334,1][5.931034482758621,76]"
2,elasticsearch,ES-22997,2.4.1,java.lang.StringIndexOutOfBoundsException,5,62328,5.931034482758621,1429,"[5.933333333333334,1][5.931034482758621,337]"
3,elasticsearch,ES-22997,2.4.1,java.lang.StringIndexOutOfBoundsException,5,62328,5.933333333333334,3,"[5.933333333333334,1]"
4,elasticsearch,ES-22997,2.4.1,java.lang.StringIndexOutOfBoundsException,5,62328,5.931034482758621,1441,"[5.933333333333334,1][5.931034482758621,101]"
5,elasticsearch,ES-22997,2.4.1,java.lang.StringIndexOutOfBoundsException,5,62328,5.931034482758621,1243,"[5.933333333333334,1][5.931034482758621,108]"
6,elasticsearch,ES-22997,2.4.1,java.lang.StringIndexOutOfBoundsException,5,62328,5.931034482758621,1409,"[5.933333333333334,1][5.931034482758621,30]"
7,elasticsearch,ES-22997,2.4.1,java.lang.StringIndexOutOfBoundsException,5,62328,5.931034482758621,982,"[5.933333333333334,1][5.931034482758621,215]"
8,elasticsearch,ES-22997,2.4.1,java.lang.StringIndexOutOfBoundsException,5,62328,5.931034482758621,1540,"[5.933333333333334,1][5.931034482758621,191]"
9,elasticsearch,ES-22997,2.4.1,java.lang.StringIndexOutOfBoundsException,5,62328,5.931034482758621,1526,"[5.933333333333334,1][5.931034482758621,225]"
10,elasticsearch,ES-22997,2.4.1,java.lang.StringIndexOutOfBoundsException,5,62328,5.931034482758621,975,"[5.933333333333334,1][5.931034482758621,145]"
11,elasticsearch,ES-22997,2.4.1,java.lang.StringIndexOutOfBoundsException,5,62328,5.931034482758621,1091,"[5.933333333333334,1][5.931034482758621,12]"
12,elasticsearch,ES-22997,2.4.1,java.lang.StringIndexOutOfBoundsException,5,62328,5.931034482758621,1050,"[5.933333333333334,1][5.931034482758621,523]"
13,elasticsearch,ES-22997,2.4.1,java.lang.StringIndexOutOfBoundsException,5,62328,5.931034482758621,1444,"[5.933333333333334,1][5.931034482758621,31]"
14,elasticsearch,ES-22997,2.4.1,java.lang.StringIndexOutOfBoundsException,5,62328,5.931034482758621,1176,"[5.933333333333334,1][5.931034482758621,402]"
15,elasticsearch,ES-22997,2.4.1,java.lang.StringIndexOutOfBoundsException,5,62328,5.931034482758621,1464,"[5.933333333333334,1][5.931034482758621,719]"
16,elasticsearch,ES-22997,2.4.1,java.lang.StringIndexOutOfBoundsException,5,62328,5.931034482758621,1497,"[5.933333333333334,1][5.931034482758621,414]"
17,elasticsearch,ES-22997,2.4.1,java.lang.StringIndexOutOfBoundsException,5,62328,5.931034482758621,1513,"[5.933333333333334,1][5.931034482758621,34]"
18,elasticsearch,ES-22997,2.4.1,java.lang.StringIndexOutOfBoundsException,5,62328,5.931034482758621,1512,"[5.933333333333334,1][5.931034482758621,26]"
19,elasticsearch,ES-22997,2.4.1,java.lang.StringIndexOutOfBoundsException,5,62328,5.931034482758621,1309,"[5.933333333333334,1][5.931034482758621,31]"
20,elasticsearch,ES-22997,2.4.1,java.lang.StringIndexOutOfBoundsException,5,62328,5.931034482758621,1052,"[5.933333333333334,1][5.931034482758621,22]"
21,elasticsearch,ES-22997,2.4.1,java.lang.StringIndexOutOfBoundsException,5,62328,5.931034482758621,1229,"[5.933333333333334,1][5.931034482758621,19]"
22,elasticsearch,ES-22997,2.4.1,java.lang.StringIndexOutOfBoundsException,5,62328,5.931034482758621,866,"[5.933333333333334,1][5.931034482758621,23]"
23,elasticsearch,ES-22997,2.4.1,java.lang.StringIndexOutOfBoundsException,5,62328,5.931034482758621,1448,"[5.933333333333334,1][5.931034482758621,84]"
24,elasticsearch,ES-22997,2.4.1,java.lang.StringIndexOutOfBoundsException,5,62328,5.931034482758621,1334,"[5.933333333333334,1][5.931034482758621,150]"
25,elasticsearch,ES-22997,2.4.1,java.lang.StringIndexOutOfBoundsException,5,62328,5.931034482758621,1473,"[5.933333333333334,1][5.931034482758621,224]"
26,elasticsearch,ES-22997,2.4.1,java.lang.StringIndexOutOfBoundsException,5,62328,5.931034482758621,1482,"[5.933333333333334,1][5.931034482758621,466]"
27,elasticsearch,ES-22997,2.4.1,java.lang.StringIndexOutOfBoundsException,5,62328,5.931034482758621,1331,"[5.933333333333334,1][5.931034482758621,220]"
28,elasticsearch,ES-22997,2.4.1,java.lang.StringIndexOutOfBoundsException,5,62328,5.931034482758621,1217,"[5.933333333333334,1][5.931034482758621,31]"
29,elasticsearch,ES-22997,2.4.1,java.lang.StringIndexOutOfBoundsException,5,62328,5.931034482758621,1277,"[5.933333333333334,1][5.931034482758621,1261]"
30,elasticsearch,ES-22997,2.4.1,java.lang.StringIndexOutOfBoundsException,5,62328,5.931034482758621,1617,"[5.933333333333334,1][5.931034482758621,344]"
1,elasticsearch,ES-22997,2.4.1,java.lang.StringIndexOutOfBoundsException,6,62328,6.857142857142858,640,"[6.983050847457627,1][6.882352941176471,2][6.875,31][6.857142857142858,36]"
2,elasticsearch,ES-22997,2.4.1,java.lang.StringIndexOutOfBoundsException,6,62328,6.857142857142858,703,"[6.983050847457627,1][6.882352941176471,7][6.875,21][6.857142857142858,32]"
3,elasticsearch,ES-22997,2.4.1,java.lang.StringIndexOutOfBoundsException,6,62328,6.857142857142858,839,"[6.882352941176471,1][6.875,11][6.857142857142858,13]"
4,elasticsearch,ES-22997,2.4.1,java.lang.StringIndexOutOfBoundsException,6,62328,6.857142857142858,896,"[6.983050847457627,1][6.882352941176471,2][6.875,7][6.857142857142858,14]"
5,elasticsearch,ES-22997,2.4.1,java.lang.StringIndexOutOfBoundsException,6,62328,6.857142857142858,833,"[6.983050847457627,1][6.882352941176471,5][6.875,25][6.857142857142858,67]"
6,elasticsearch,ES-22997,2.4.1,java.lang.StringIndexOutOfBoundsException,6,62328,6.857142857142858,937,"[6.882352941176471,1][6.875,4][6.857142857142858,11]"
7,elasticsearch,ES-22997,2.4.1,java.lang.StringIndexOutOfBoundsException,6,62328,6.857142857142858,872,"[6.882352941176471,1][6.875,6][6.857142857142858,12]"
8,elasticsearch,ES-22997,2.4.1,java.lang.StringIndexOutOfBoundsException,6,62328,6.857142857142858,925,"[6.983050847457627,1][6.882352941176471,15][6.875,25][6.857142857142858,29]"
9,elasticsearch,ES-22997,2.4.1,java.lang.StringIndexOutOfBoundsException,6,62328,6.857142857142858,698,"[6.983050847457627,1][6.875,7][6.857142857142858,13]"
10,elasticsearch,ES-22997,2.4.1,java.lang.StringIndexOutOfBoundsException,6,62328,6.857142857142858,817,"[6.983050847457627,1][6.882352941176471,2][6.875,12][6.857142857142858,18]"
11,elasticsearch,ES-22997,2.4.1,java.lang.StringIndexOutOfBoundsException,6,62328,6.857142857142858,704,"[6.983050847457627,1][6.882352941176471,12][6.857142857142858,25]"
12,elasticsearch,ES-22997,2.4.1,java.lang.StringIndexOutOfBoundsException,6,62328,6.833333333333334,586,"[6.983050847457627,1][6.882352941176471,6][6.875,10][6.857142857142858,15][6.833333333333334,17]"
13,elasticsearch,ES-22997,2.4.1,java.lang.StringIndexOutOfBoundsException,6,62328,6.882352941176471,449,"[6.882352941176471,1]"
14,elasticsearch,ES-22997,2.4.1,java.lang.StringIndexOutOfBoundsException,6,62328,6.857142857142858,681,"[6.882352941176471,1][6.875,7][6.857142857142858,17]"
15,elasticsearch,ES-22997,2.4.1,java.lang.StringIndexOutOfBoundsException,6,62328,6.857142857142858,967,"[6.983050847457627,1][6.882352941176471,3][6.875,11][6.857142857142858,14]"
16,elasticsearch,ES-22997,2.4.1,java.lang.StringIndexOutOfBoundsException,6,62328,6.857142857142858,880,"[6.983050847457627,1][6.882352941176471,38][6.875,41][6.857142857142858,50]"
17,elasticsearch,ES-22997,2.4.1,java.lang.StringIndexOutOfBoundsException,6,62328,6.857142857142858,814,"[6.983050847457627,1][6.882352941176471,31][6.875,42][6.857142857142858,350]"
18,elasticsearch,ES-22997,2.4.1,java.lang.StringIndexOutOfBoundsException,6,62328,6.857142857142858,790,"[6.983050847457627,1][6.882352941176471,5][6.875,12][6.857142857142858,13]"
19,elasticsearch,ES-22997,2.4.1,java.lang.StringIndexOutOfBoundsException,6,62328,6.857142857142858,783,"[6.983050847457627,1][6.882352941176471,4][6.857142857142858,13]"
20,elasticsearch,ES-22997,2.4.1,java.lang.StringIndexOutOfBoundsException,6,62328,6.857142857142858,845,"[6.983050847457627,1][6.882352941176471,4][6.875,10][6.857142857142858,12]"
21,elasticsearch,ES-22997,2.4.1,java.lang.StringIndexOutOfBoundsException,6,62328,6.857142857142858,819,"[6.983050847457627,1][6.882352941176471,7][6.875,23][6.857142857142858,27]"
22,elasticsearch,ES-22997,2.4.1,java.lang.StringIndexOutOfBoundsException,6,62328,6.857142857142858,738,"[6.983050847457627,1][6.882352941176471,4][6.857142857142858,10]"
23,elasticsearch,ES-22997,2.4.1,java.lang.StringIndexOutOfBoundsException,6,62328,6.857142857142858,821,"[6.983050847457627,1][6.882352941176471,3][6.875,21][6.857142857142858,43]"
24,elasticsearch,ES-22997,2.4.1,java.lang.StringIndexOutOfBoundsException,6,62328,6.857142857142858,690,"[6.983050847457627,1][6.882352941176471,10][6.875,30][6.857142857142858,40]"
25,elasticsearch,ES-22997,2.4.1,java.lang.StringIndexOutOfBoundsException,6,62328,6.857142857142858,910,"[6.983050847457627,1][6.882352941176471,4][6.875,14][6.857142857142858,20]"
26,elasticsearch,ES-22997,2.4.1,java.lang.StringIndexOutOfBoundsException,6,62328,6.857142857142858,702,"[6.983050847457627,1][6.882352941176471,4][6.875,39][6.857142857142858,43]"
27,elasticsearch,ES-22997,2.4.1,java.lang.StringIndexOutOfBoundsException,6,62328,6.882352941176471,538,"[6.983050847457627,1][6.882352941176471,11]"
28,elasticsearch,ES-22997,2.4.1,java.lang.StringIndexOutOfBoundsException,6,62328,6.857142857142858,619,"[6.882352941176471,1][6.875,9][6.857142857142858,18]"
29,elasticsearch,ES-22997,2.4.1,java.lang.StringIndexOutOfBoundsException,6,62328,6.857142857142858,956,"[6.983050847457627,1][6.882352941176471,5][6.875,30][6.857142857142858,36]"
30,elasticsearch,ES-22997,2.4.1,java.lang.StringIndexOutOfBoundsException,6,62328,6.857142857142858,831,"[6.983050847457627,1][6.882352941176471,34][6.875,47][6.857142857142858,50]"
1,elasticsearch,ES-22997,2.4.1,java.lang.StringIndexOutOfBoundsException,7,62328,7.666666666666666,462,"[7.666666666666666,1]"
2,elasticsearch,ES-22997,2.4.1,java.lang.StringIndexOutOfBoundsException,7,62328,7.666666666666666,3,"[7.666666666666666,1]"
3,elasticsearch,ES-22997,2.4.1,java.lang.StringIndexOutOfBoundsException,7,62328,7.666666666666666,714,"[7.666666666666666,1]"
4,elasticsearch,ES-22997,2.4.1,java.lang.StringIndexOutOfBoundsException,7,62328,7.666666666666666,3,"[7.666666666666666,1]"
5,elasticsearch,ES-22997,2.4.1,java.lang.StringIndexOutOfBoundsException,7,62328,7.666666666666666,728,"[7.666666666666666,1]"
6,elasticsearch,ES-22997,2.4.1,java.lang.StringIndexOutOfBoundsException,7,62328,7.666666666666666,480,"[7.666666666666666,1]"
7,elasticsearch,ES-22997,2.4.1,java.lang.StringIndexOutOfBoundsException,7,62328,7.666666666666666,448,"[7.666666666666666,1]"
8,elasticsearch,ES-22997,2.4.1,java.lang.StringIndexOutOfBoundsException,7,62328,7.666666666666666,651,"[7.666666666666666,1]"
9,elasticsearch,ES-22997,2.4.1,java.lang.StringIndexOutOfBoundsException,7,62328,7.666666666666666,5,"[7.666666666666666,1]"
10,elasticsearch,ES-22997,2.4.1,java.lang.StringIndexOutOfBoundsException,7,62328,7.666666666666666,719,"[7.666666666666666,1]"
11,elasticsearch,ES-22997,2.4.1,java.lang.StringIndexOutOfBoundsException,7,62328,7.666666666666666,774,"[7.666666666666666,1]"
12,elasticsearch,ES-22997,2.4.1,java.lang.StringIndexOutOfBoundsException,7,62328,7.666666666666666,94,"[7.666666666666666,1]"
13,elasticsearch,ES-22997,2.4.1,java.lang.StringIndexOutOfBoundsException,7,62328,7.666666666666666,747,"[7.666666666666666,1]"
14,elasticsearch,ES-22997,2.4.1,java.lang.StringIndexOutOfBoundsException,7,62328,7.666666666666666,733,"[7.666666666666666,1]"
15,elasticsearch,ES-22997,2.4.1,java.lang.StringIndexOutOfBoundsException,7,62328,7.666666666666666,724,"[7.666666666666666,1]"
16,elasticsearch,ES-22997,2.4.1,java.lang.StringIndexOutOfBoundsException,7,62328,7.666666666666666,584,"[7.666666666666666,1]"
17,elasticsearch,ES-22997,2.4.1,java.lang.StringIndexOutOfBoundsException,7,62328,7.666666666666666,1,"[7.666666666666666,1]"
18,elasticsearch,ES-22997,2.4.1,java.lang.StringIndexOutOfBoundsException,7,62328,7.666666666666666,561,"[7.666666666666666,1]"
19,elasticsearch,ES-22997,2.4.1,java.lang.StringIndexOutOfBoundsException,7,62328,7.666666666666666,668,"[7.666666666666666,1]"
20,elasticsearch,ES-22997,2.4.1,java.lang.StringIndexOutOfBoundsException,7,62328,7.666666666666666,3,"[7.666666666666666,1]"
21,elasticsearch,ES-22997,2.4.1,java.lang.StringIndexOutOfBoundsException,7,62328,7.666666666666666,700,"[7.666666666666666,1]"
22,elasticsearch,ES-22997,2.4.1,java.lang.StringIndexOutOfBoundsException,7,62328,7.666666666666666,350,"[7.666666666666666,1]"
23,elasticsearch,ES-22997,2.4.1,java.lang.StringIndexOutOfBoundsException,7,62328,7.666666666666666,749,"[7.666666666666666,1]"
24,elasticsearch,ES-22997,2.4.1,java.lang.StringIndexOutOfBoundsException,7,62328,7.666666666666666,735,"[7.666666666666666,1]"
25,elasticsearch,ES-22997,2.4.1,java.lang.StringIndexOutOfBoundsException,7,62328,7.666666666666666,722,"[7.666666666666666,1]"
26,elasticsearch,ES-22997,2.4.1,java.lang.StringIndexOutOfBoundsException,7,62328,7.666666666666666,649,"[7.666666666666666,1]"
27,elasticsearch,ES-22997,2.4.1,java.lang.StringIndexOutOfBoundsException,7,62328,7.666666666666666,6,"[7.666666666666666,1]"
28,elasticsearch,ES-22997,2.4.1,java.lang.StringIndexOutOfBoundsException,7,62328,7.666666666666666,53,"[7.666666666666666,1]"
29,elasticsearch,ES-22997,2.4.1,java.lang.StringIndexOutOfBoundsException,7,62328,7.666666666666666,738,"[7.666666666666666,1]"
30,elasticsearch,ES-22997,2.4.1,java.lang.StringIndexOutOfBoundsException,7,62328,7.666666666666666,553,"[7.666666666666666,1]"
1,elasticsearch,ES-22997,2.4.1,java.lang.StringIndexOutOfBoundsException,8,62328,8.5,361,"[8.5,1]"
2,elasticsearch,ES-22997,2.4.1,java.lang.StringIndexOutOfBoundsException,8,62328,8.5,398,"[8.5,1]"
3,elasticsearch,ES-22997,2.4.1,java.lang.StringIndexOutOfBoundsException,8,62328,8.5,511,"[8.5,1]"
4,elasticsearch,ES-22997,2.4.1,java.lang.StringIndexOutOfBoundsException,8,62328,8.5,415,"[8.5,1]"
5,elasticsearch,ES-22997,2.4.1,java.lang.StringIndexOutOfBoundsException,8,62328,8.5,332,"[8.5,1]"
6,elasticsearch,ES-22997,2.4.1,java.lang.StringIndexOutOfBoundsException,8,62328,8.5,400,"[8.5,1]"
7,elasticsearch,ES-22997,2.4.1,java.lang.StringIndexOutOfBoundsException,8,62328,8.5,499,"[8.5,1]"
8,elasticsearch,ES-22997,2.4.1,java.lang.StringIndexOutOfBoundsException,8,62328,8.5,336,"[8.5,1]"
9,elasticsearch,ES-22997,2.4.1,java.lang.StringIndexOutOfBoundsException,8,62328,8.5,452,"[8.5,1]"
10,elasticsearch,ES-22997,2.4.1,java.lang.StringIndexOutOfBoundsException,8,62328,8.5,385,"[8.5,1]"
11,elasticsearch,ES-22997,2.4.1,java.lang.StringIndexOutOfBoundsException,8,62328,8.5,396,"[8.5,1]"
12,elasticsearch,ES-22997,2.4.1,java.lang.StringIndexOutOfBoundsException,8,62328,8.5,395,"[8.5,1]"
13,elasticsearch,ES-22997,2.4.1,java.lang.StringIndexOutOfBoundsException,8,62328,8.5,475,"[8.5,1]"
14,elasticsearch,ES-22997,2.4.1,java.lang.StringIndexOutOfBoundsException,8,62328,8.5,429,"[8.5,1]"
15,elasticsearch,ES-22997,2.4.1,java.lang.StringIndexOutOfBoundsException,8,62328,8.5,428,"[8.5,1]"
16,elasticsearch,ES-22997,2.4.1,java.lang.StringIndexOutOfBoundsException,8,62328,8.5,416,"[8.5,1]"
17,elasticsearch,ES-22997,2.4.1,java.lang.StringIndexOutOfBoundsException,8,62328,8.5,324,"[8.5,1]"
18,elasticsearch,ES-22997,2.4.1,java.lang.StringIndexOutOfBoundsException,8,62328,8.5,432,"[8.5,1]"
19,elasticsearch,ES-22997,2.4.1,java.lang.StringIndexOutOfBoundsException,8,62328,8.5,393,"[8.5,1]"
20,elasticsearch,ES-22997,2.4.1,java.lang.StringIndexOutOfBoundsException,8,62328,8.5,365,"[8.5,1]"
21,elasticsearch,ES-22997,2.4.1,java.lang.StringIndexOutOfBoundsException,8,62328,8.5,418,"[8.5,1]"
22,elasticsearch,ES-22997,2.4.1,java.lang.StringIndexOutOfBoundsException,8,62328,8.5,342,"[8.5,1]"
23,elasticsearch,ES-22997,2.4.1,java.lang.StringIndexOutOfBoundsException,8,62328,8.5,378,"[8.5,1]"
24,elasticsearch,ES-22997,2.4.1,java.lang.StringIndexOutOfBoundsException,8,62328,8.5,557,"[8.5,1]"
25,elasticsearch,ES-22997,2.4.1,java.lang.StringIndexOutOfBoundsException,8,62328,8.5,391,"[8.5,1]"
26,elasticsearch,ES-22997,2.4.1,java.lang.StringIndexOutOfBoundsException,8,62328,8.5,519,"[8.5,1]"
27,elasticsearch,ES-22997,2.4.1,java.lang.StringIndexOutOfBoundsException,8,62328,8.5,458,"[8.5,1]"
28,elasticsearch,ES-22997,2.4.1,java.lang.StringIndexOutOfBoundsException,8,62328,8.5,427,"[8.5,1]"
29,elasticsearch,ES-22997,2.4.1,java.lang.StringIndexOutOfBoundsException,8,62328,8.5,414,"[8.5,1]"
30,elasticsearch,ES-22997,2.4.1,java.lang.StringIndexOutOfBoundsException,8,62328,8.5,542,"[8.5,1]"
1,elasticsearch,ES-22997,2.4.1,java.lang.StringIndexOutOfBoundsException,9,62328,9.5,971,"[9.5,1]"
2,elasticsearch,ES-22997,2.4.1,java.lang.StringIndexOutOfBoundsException,9,62328,9.5,1223,"[9.5,1]"
3,elasticsearch,ES-22997,2.4.1,java.lang.StringIndexOutOfBoundsException,9,62328,9.5,1229,"[9.5,1]"
4,elasticsearch,ES-22997,2.4.1,java.lang.StringIndexOutOfBoundsException,9,62328,9.5,1228,"[9.5,1]"
5,elasticsearch,ES-22997,2.4.1,java.lang.StringIndexOutOfBoundsException,9,62328,9.5,1287,"[9.5,1]"
6,elasticsearch,ES-22997,2.4.1,java.lang.StringIndexOutOfBoundsException,9,62328,9.5,1405,"[9.5,1]"
7,elasticsearch,ES-22997,2.4.1,java.lang.StringIndexOutOfBoundsException,9,62328,9.5,1363,"[9.5,1]"
8,elasticsearch,ES-22997,2.4.1,java.lang.StringIndexOutOfBoundsException,9,62328,9.5,1350,"[9.5,1]"
9,elasticsearch,ES-22997,2.4.1,java.lang.StringIndexOutOfBoundsException,9,62328,9.5,1252,"[9.5,1]"
10,elasticsearch,ES-22997,2.4.1,java.lang.StringIndexOutOfBoundsException,9,62328,9.5,1175,"[9.5,1]"
11,elasticsearch,ES-22997,2.4.1,java.lang.StringIndexOutOfBoundsException,9,62328,9.5,1345,"[9.5,1]"
12,elasticsearch,ES-22997,2.4.1,java.lang.StringIndexOutOfBoundsException,9,62328,9.5,1174,"[9.5,1]"
13,elasticsearch,ES-22997,2.4.1,java.lang.StringIndexOutOfBoundsException,9,62328,9.5,1325,"[9.5,1]"
14,elasticsearch,ES-22997,2.4.1,java.lang.StringIndexOutOfBoundsException,9,62328,9.5,1148,"[9.5,1]"
15,elasticsearch,ES-22997,2.4.1,java.lang.StringIndexOutOfBoundsException,9,62328,9.5,1044,"[9.5,1]"
16,elasticsearch,ES-22997,2.4.1,java.lang.StringIndexOutOfBoundsException,9,62328,9.5,1321,"[9.5,1]"
17,elasticsearch,ES-22997,2.4.1,java.lang.StringIndexOutOfBoundsException,9,62328,9.5,981,"[9.5,1]"
18,elasticsearch,ES-22997,2.4.1,java.lang.StringIndexOutOfBoundsException,9,62328,9.5,1340,"[9.5,1]"
19,elasticsearch,ES-22997,2.4.1,java.lang.StringIndexOutOfBoundsException,9,62328,9.5,1342,"[9.5,1]"
20,elasticsearch,ES-22997,2.4.1,java.lang.StringIndexOutOfBoundsException,9,62328,9.5,1249,"[9.5,1]"
21,elasticsearch,ES-22997,2.4.1,java.lang.StringIndexOutOfBoundsException,9,62328,9.5,1224,"[9.5,1]"
22,elasticsearch,ES-22997,2.4.1,java.lang.StringIndexOutOfBoundsException,9,62328,9.5,1156,"[9.5,1]"
23,elasticsearch,ES-22997,2.4.1,java.lang.StringIndexOutOfBoundsException,9,62328,9.5,1185,"[9.5,1]"
24,elasticsearch,ES-22997,2.4.1,java.lang.StringIndexOutOfBoundsException,9,62328,9.5,1300,"[9.5,1]"
25,elasticsearch,ES-22997,2.4.1,java.lang.StringIndexOutOfBoundsException,9,62328,9.5,200,"[9.5,1]"
26,elasticsearch,ES-22997,2.4.1,java.lang.StringIndexOutOfBoundsException,9,62328,9.5,1371,"[9.5,1]"
27,elasticsearch,ES-22997,2.4.1,java.lang.StringIndexOutOfBoundsException,9,62328,9.5,1368,"[9.5,1]"
28,elasticsearch,ES-22997,2.4.1,java.lang.StringIndexOutOfBoundsException,9,62328,9.5,1333,"[9.5,1]"
29,elasticsearch,ES-22997,2.4.1,java.lang.StringIndexOutOfBoundsException,9,62328,9.5,1212,"[9.5,1]"
30,elasticsearch,ES-22997,2.4.1,java.lang.StringIndexOutOfBoundsException,9,62328,9.5,1369,"[9.5,1]"
1,elasticsearch,ES-22997,2.4.1,java.lang.StringIndexOutOfBoundsException,10,62328,-1,0,
2,elasticsearch,ES-22997,2.4.1,java.lang.StringIndexOutOfBoundsException,10,62328,-1,0,
3,elasticsearch,ES-22997,2.4.1,java.lang.StringIndexOutOfBoundsException,10,62328,-1,0,
4,elasticsearch,ES-22997,2.4.1,java.lang.StringIndexOutOfBoundsException,10,62328,-1,0,
5,elasticsearch,ES-22997,2.4.1,java.lang.StringIndexOutOfBoundsException,10,62328,-1,0,
6,elasticsearch,ES-22997,2.4.1,java.lang.StringIndexOutOfBoundsException,10,62328,-1,0,
7,elasticsearch,ES-22997,2.4.1,java.lang.StringIndexOutOfBoundsException,10,62328,-1,0,
8,elasticsearch,ES-22997,2.4.1,java.lang.StringIndexOutOfBoundsException,10,62328,-1,0,
9,elasticsearch,ES-22997,2.4.1,java.lang.StringIndexOutOfBoundsException,10,62328,-1,0,
10,elasticsearch,ES-22997,2.4.1,java.lang.StringIndexOutOfBoundsException,10,62328,-1,0,
11,elasticsearch,ES-22997,2.4.1,java.lang.StringIndexOutOfBoundsException,10,62328,-1,0,
12,elasticsearch,ES-22997,2.4.1,java.lang.StringIndexOutOfBoundsException,10,62328,-1,0,
13,elasticsearch,ES-22997,2.4.1,java.lang.StringIndexOutOfBoundsException,10,62328,-1,0,
14,elasticsearch,ES-22997,2.4.1,java.lang.StringIndexOutOfBoundsException,10,62328,-1,0,
15,elasticsearch,ES-22997,2.4.1,java.lang.StringIndexOutOfBoundsException,10,62328,-1,0,
16,elasticsearch,ES-22997,2.4.1,java.lang.StringIndexOutOfBoundsException,10,62328,-1,0,
17,elasticsearch,ES-22997,2.4.1,java.lang.StringIndexOutOfBoundsException,10,62328,-1,0,
18,elasticsearch,ES-22997,2.4.1,java.lang.StringIndexOutOfBoundsException,10,62328,-1,0,
19,elasticsearch,ES-22997,2.4.1,java.lang.StringIndexOutOfBoundsException,10,62328,-1,0,
20,elasticsearch,ES-22997,2.4.1,java.lang.StringIndexOutOfBoundsException,10,62328,-1,0,
21,elasticsearch,ES-22997,2.4.1,java.lang.StringIndexOutOfBoundsException,10,62328,-1,0,
22,elasticsearch,ES-22997,2.4.1,java.lang.StringIndexOutOfBoundsException,10,62328,-1,0,
23,elasticsearch,ES-22997,2.4.1,java.lang.StringIndexOutOfBoundsException,10,62328,-1,0,
24,elasticsearch,ES-22997,2.4.1,java.lang.StringIndexOutOfBoundsException,10,62328,-1,0,
25,elasticsearch,ES-22997,2.4.1,java.lang.StringIndexOutOfBoundsException,10,62328,-1,0,
26,elasticsearch,ES-22997,2.4.1,java.lang.StringIndexOutOfBoundsException,10,62328,-1,0,
27,elasticsearch,ES-22997,2.4.1,java.lang.StringIndexOutOfBoundsException,10,62328,-1,0,
28,elasticsearch,ES-22997,2.4.1,java.lang.StringIndexOutOfBoundsException,10,62328,-1,0,
29,elasticsearch,ES-22997,2.4.1,java.lang.StringIndexOutOfBoundsException,10,62328,-1,0,
30,elasticsearch,ES-22997,2.4.1,java.lang.StringIndexOutOfBoundsException,10,62328,-1,0,
1,elasticsearch,ES-22997,2.4.1,java.lang.StringIndexOutOfBoundsException,11,62328,11.5,185,"[11.5,1]"
2,elasticsearch,ES-22997,2.4.1,java.lang.StringIndexOutOfBoundsException,11,62328,11.5,194,"[11.5,1]"
3,elasticsearch,ES-22997,2.4.1,java.lang.StringIndexOutOfBoundsException,11,62328,11.5,299,"[11.5,1]"
4,elasticsearch,ES-22997,2.4.1,java.lang.StringIndexOutOfBoundsException,11,62328,11.5,209,"[11.5,1]"
5,elasticsearch,ES-22997,2.4.1,java.lang.StringIndexOutOfBoundsException,11,62328,11.5,231,"[11.5,1]"
6,elasticsearch,ES-22997,2.4.1,java.lang.StringIndexOutOfBoundsException,11,62328,11.5,216,"[11.5,1]"
7,elasticsearch,ES-22997,2.4.1,java.lang.StringIndexOutOfBoundsException,11,62328,11.5,240,"[11.5,1]"
8,elasticsearch,ES-22997,2.4.1,java.lang.StringIndexOutOfBoundsException,11,62328,11.5,61,"[11.5,1]"
9,elasticsearch,ES-22997,2.4.1,java.lang.StringIndexOutOfBoundsException,11,62328,11.5,212,"[11.5,1]"
10,elasticsearch,ES-22997,2.4.1,java.lang.StringIndexOutOfBoundsException,11,62328,11.5,238,"[11.5,1]"
11,elasticsearch,ES-22997,2.4.1,java.lang.StringIndexOutOfBoundsException,11,62328,11.5,192,"[11.5,1]"
12,elasticsearch,ES-22997,2.4.1,java.lang.StringIndexOutOfBoundsException,11,62328,11.5,216,"[11.5,1]"
13,elasticsearch,ES-22997,2.4.1,java.lang.StringIndexOutOfBoundsException,11,62328,11.5,216,"[11.5,1]"
14,elasticsearch,ES-22997,2.4.1,java.lang.StringIndexOutOfBoundsException,11,62328,11.5,243,"[11.5,1]"
15,elasticsearch,ES-22997,2.4.1,java.lang.StringIndexOutOfBoundsException,11,62328,11.5,198,"[11.5,1]"
16,elasticsearch,ES-22997,2.4.1,java.lang.StringIndexOutOfBoundsException,11,62328,11.5,235,"[11.5,1]"
17,elasticsearch,ES-22997,2.4.1,java.lang.StringIndexOutOfBoundsException,11,62328,11.5,225,"[11.5,1]"
18,elasticsearch,ES-22997,2.4.1,java.lang.StringIndexOutOfBoundsException,11,62328,11.5,221,"[11.5,1]"
19,elasticsearch,ES-22997,2.4.1,java.lang.StringIndexOutOfBoundsException,11,62328,11.5,62,"[11.5,1]"
20,elasticsearch,ES-22997,2.4.1,java.lang.StringIndexOutOfBoundsException,11,62328,11.5,195,"[11.5,1]"
21,elasticsearch,ES-22997,2.4.1,java.lang.StringIndexOutOfBoundsException,11,62328,11.5,279,"[11.5,1]"
22,elasticsearch,ES-22997,2.4.1,java.lang.StringIndexOutOfBoundsException,11,62328,11.5,214,"[11.5,1]"
23,elasticsearch,ES-22997,2.4.1,java.lang.StringIndexOutOfBoundsException,11,62328,11.5,197,"[11.5,1]"
24,elasticsearch,ES-22997,2.4.1,java.lang.StringIndexOutOfBoundsException,11,62328,11.5,230,"[11.5,1]"
25,elasticsearch,ES-22997,2.4.1,java.lang.StringIndexOutOfBoundsException,11,62328,11.5,195,"[11.5,1]"
26,elasticsearch,ES-22997,2.4.1,java.lang.StringIndexOutOfBoundsException,11,62328,11.5,213,"[11.5,1]"
27,elasticsearch,ES-22997,2.4.1,java.lang.StringIndexOutOfBoundsException,11,62328,11.5,248,"[11.5,1]"
28,elasticsearch,ES-22997,2.4.1,java.lang.StringIndexOutOfBoundsException,11,62328,11.5,229,"[11.5,1]"
29,elasticsearch,ES-22997,2.4.1,java.lang.StringIndexOutOfBoundsException,11,62328,11.5,211,"[11.5,1]"
30,elasticsearch,ES-22997,2.4.1,java.lang.StringIndexOutOfBoundsException,11,62328,11.5,256,"[11.5,1]"
1,elasticsearch,ES-22997,2.4.1,java.lang.StringIndexOutOfBoundsException,12,62328,12.333333333333332,85,"[12.981818181818182,1][12.5,5][12.333333333333332,61]"
2,elasticsearch,ES-22997,2.4.1,java.lang.StringIndexOutOfBoundsException,12,62328,12.333333333333332,83,"[12.981818181818182,1][12.333333333333332,5]"
3,elasticsearch,ES-22997,2.4.1,java.lang.StringIndexOutOfBoundsException,12,62328,12.333333333333332,98,"[12.333333333333332,1]"
4,elasticsearch,ES-22997,2.4.1,java.lang.StringIndexOutOfBoundsException,12,62328,12.333333333333332,95,"[12.981818181818182,1][12.5,2][12.333333333333332,3]"
5,elasticsearch,ES-22997,2.4.1,java.lang.StringIndexOutOfBoundsException,12,62328,12.333333333333332,79,"[12.981818181818182,1][12.5,18][12.333333333333332,23]"
6,elasticsearch,ES-22997,2.4.1,java.lang.StringIndexOutOfBoundsException,12,62328,12.333333333333332,97,"[12.981818181818182,1][12.333333333333332,5]"
7,elasticsearch,ES-22997,2.4.1,java.lang.StringIndexOutOfBoundsException,12,62328,12.333333333333332,106,"[12.981818181818182,1][12.333333333333332,5]"
8,elasticsearch,ES-22997,2.4.1,java.lang.StringIndexOutOfBoundsException,12,62328,12.333333333333332,95,"[12.981818181818182,1][12.5,8][12.333333333333332,9]"
9,elasticsearch,ES-22997,2.4.1,java.lang.StringIndexOutOfBoundsException,12,62328,12.333333333333332,92,"[12.981818181818182,1][12.5,3][12.333333333333332,18]"
10,elasticsearch,ES-22997,2.4.1,java.lang.StringIndexOutOfBoundsException,12,62328,12.333333333333332,90,"[12.981818181818182,1][12.5,5][12.333333333333332,15]"
11,elasticsearch,ES-22997,2.4.1,java.lang.StringIndexOutOfBoundsException,12,62328,12.333333333333332,88,"[12.981818181818182,1][12.5,13][12.333333333333332,20]"
12,elasticsearch,ES-22997,2.4.1,java.lang.StringIndexOutOfBoundsException,12,62328,12.333333333333332,113,"[12.5,1][12.333333333333332,39]"
13,elasticsearch,ES-22997,2.4.1,java.lang.StringIndexOutOfBoundsException,12,62328,12.333333333333332,92,"[12.981818181818182,1][12.333333333333332,2]"
14,elasticsearch,ES-22997,2.4.1,java.lang.StringIndexOutOfBoundsException,12,62328,12.333333333333332,102,"[12.981818181818182,1][12.333333333333332,2]"
15,elasticsearch,ES-22997,2.4.1,java.lang.StringIndexOutOfBoundsException,12,62328,12.5,101,"[12.981818181818182,1][12.5,21]"
16,elasticsearch,ES-22997,2.4.1,java.lang.StringIndexOutOfBoundsException,12,62328,12.333333333333332,96,"[12.981818181818182,1][12.5,7][12.333333333333332,11]"
17,elasticsearch,ES-22997,2.4.1,java.lang.StringIndexOutOfBoundsException,12,62328,12.5,117,"[12.981818181818182,1][12.5,11]"
18,elasticsearch,ES-22997,2.4.1,java.lang.StringIndexOutOfBoundsException,12,62328,12.5,95,"[12.981818181818182,1][12.5,20]"
19,elasticsearch,ES-22997,2.4.1,java.lang.StringIndexOutOfBoundsException,12,62328,12.5,94,"[12.981818181818182,1][12.5,4]"
20,elasticsearch,ES-22997,2.4.1,java.lang.StringIndexOutOfBoundsException,12,62328,12.333333333333332,90,"[12.981818181818182,1][12.5,6][12.333333333333332,18]"
21,elasticsearch,ES-22997,2.4.1,java.lang.StringIndexOutOfBoundsException,12,62328,12.333333333333332,100,"[12.333333333333332,1]"
22,elasticsearch,ES-22997,2.4.1,java.lang.StringIndexOutOfBoundsException,12,62328,12.333333333333332,91,"[12.333333333333332,1]"
23,elasticsearch,ES-22997,2.4.1,java.lang.StringIndexOutOfBoundsException,12,62328,12.333333333333332,92,"[12.981818181818182,1][12.333333333333332,8]"
24,elasticsearch,ES-22997,2.4.1,java.lang.StringIndexOutOfBoundsException,12,62328,12.333333333333332,69,"[12.981818181818182,1][12.5,2][12.333333333333332,6]"
25,elasticsearch,ES-22997,2.4.1,java.lang.StringIndexOutOfBoundsException,12,62328,12.333333333333332,84,"[12.333333333333332,1]"
26,elasticsearch,ES-22997,2.4.1,java.lang.StringIndexOutOfBoundsException,12,62328,12.333333333333332,125,"[12.981818181818182,1][12.333333333333332,13]"
27,elasticsearch,ES-22997,2.4.1,java.lang.StringIndexOutOfBoundsException,12,62328,12.333333333333332,88,"[12.981818181818182,1][12.5,5][12.333333333333332,13]"
28,elasticsearch,ES-22997,2.4.1,java.lang.StringIndexOutOfBoundsException,12,62328,12.333333333333332,98,"[12.5,1][12.333333333333332,11]"
29,elasticsearch,ES-22997,2.4.1,java.lang.StringIndexOutOfBoundsException,12,62328,12.5,123,"[12.981818181818182,1][12.5,6]"
30,elasticsearch,ES-22997,2.4.1,java.lang.StringIndexOutOfBoundsException,12,62328,12.5,153,"[12.981818181818182,1][12.5,7]"
1,elasticsearch,ES-22997,2.4.1,java.lang.StringIndexOutOfBoundsException,13,62328,-1,0,
2,elasticsearch,ES-22997,2.4.1,java.lang.StringIndexOutOfBoundsException,13,62328,-1,0,
3,elasticsearch,ES-22997,2.4.1,java.lang.StringIndexOutOfBoundsException,13,62328,-1,0,
4,elasticsearch,ES-22997,2.4.1,java.lang.StringIndexOutOfBoundsException,13,62328,-1,0,
5,elasticsearch,ES-22997,2.4.1,java.lang.StringIndexOutOfBoundsException,13,62328,-1,0,
6,elasticsearch,ES-22997,2.4.1,java.lang.StringIndexOutOfBoundsException,13,62328,-1,0,
7,elasticsearch,ES-22997,2.4.1,java.lang.StringIndexOutOfBoundsException,13,62328,-1,0,
8,elasticsearch,ES-22997,2.4.1,java.lang.StringIndexOutOfBoundsException,13,62328,-1,0,
9,elasticsearch,ES-22997,2.4.1,java.lang.StringIndexOutOfBoundsException,13,62328,-1,0,
10,elasticsearch,ES-22997,2.4.1,java.lang.StringIndexOutOfBoundsException,13,62328,-1,0,
11,elasticsearch,ES-22997,2.4.1,java.lang.StringIndexOutOfBoundsException,13,62328,-1,0,
12,elasticsearch,ES-22997,2.4.1,java.lang.StringIndexOutOfBoundsException,13,62328,-1,0,
13,elasticsearch,ES-22997,2.4.1,java.lang.StringIndexOutOfBoundsException,13,62328,-1,0,
14,elasticsearch,ES-22997,2.4.1,java.lang.StringIndexOutOfBoundsException,13,62328,-1,0,
15,elasticsearch,ES-22997,2.4.1,java.lang.StringIndexOutOfBoundsException,13,62328,-1,0,
16,elasticsearch,ES-22997,2.4.1,java.lang.StringIndexOutOfBoundsException,13,62328,-1,0,
17,elasticsearch,ES-22997,2.4.1,java.lang.StringIndexOutOfBoundsException,13,62328,-1,0,
18,elasticsearch,ES-22997,2.4.1,java.lang.StringIndexOutOfBoundsException,13,62328,-1,0,
19,elasticsearch,ES-22997,2.4.1,java.lang.StringIndexOutOfBoundsException,13,62328,-1,0,
20,elasticsearch,ES-22997,2.4.1,java.lang.StringIndexOutOfBoundsException,13,62328,-1,0,
21,elasticsearch,ES-22997,2.4.1,java.lang.StringIndexOutOfBoundsException,13,62328,-1,0,
22,elasticsearch,ES-22997,2.4.1,java.lang.StringIndexOutOfBoundsException,13,62328,-1,0,
23,elasticsearch,ES-22997,2.4.1,java.lang.StringIndexOutOfBoundsException,13,62328,-1,0,
24,elasticsearch,ES-22997,2.4.1,java.lang.StringIndexOutOfBoundsException,13,62328,-1,0,
25,elasticsearch,ES-22997,2.4.1,java.lang.StringIndexOutOfBoundsException,13,62328,-1,0,
26,elasticsearch,ES-22997,2.4.1,java.lang.StringIndexOutOfBoundsException,13,62328,-1,0,
27,elasticsearch,ES-22997,2.4.1,java.lang.StringIndexOutOfBoundsException,13,62328,-1,0,
28,elasticsearch,ES-22997,2.4.1,java.lang.StringIndexOutOfBoundsException,13,62328,-1,0,
29,elasticsearch,ES-22997,2.4.1,java.lang.StringIndexOutOfBoundsException,13,62328,-1,0,
30,elasticsearch,ES-22997,2.4.1,java.lang.StringIndexOutOfBoundsException,13,62328,-1,0,
1,elasticsearch,ES-22997,2.4.1,java.lang.StringIndexOutOfBoundsException,14,62328,14.5,1060,"[14.5,1]"
2,elasticsearch,ES-22997,2.4.1,java.lang.StringIndexOutOfBoundsException,14,62328,14.5,1083,"[14.5,1]"
3,elasticsearch,ES-22997,2.4.1,java.lang.StringIndexOutOfBoundsException,14,62328,14.5,1299,"[14.5,1]"
4,elasticsearch,ES-22997,2.4.1,java.lang.StringIndexOutOfBoundsException,14,62328,14.5,945,"[14.5,1]"
5,elasticsearch,ES-22997,2.4.1,java.lang.StringIndexOutOfBoundsException,14,62328,14.5,727,"[14.5,1]"
6,elasticsearch,ES-22997,2.4.1,java.lang.StringIndexOutOfBoundsException,14,62328,14.5,1025,"[14.5,1]"
7,elasticsearch,ES-22997,2.4.1,java.lang.StringIndexOutOfBoundsException,14,62328,14.5,703,"[14.5,1]"
8,elasticsearch,ES-22997,2.4.1,java.lang.StringIndexOutOfBoundsException,14,62328,14.5,1039,"[14.5,1]"
9,elasticsearch,ES-22997,2.4.1,java.lang.StringIndexOutOfBoundsException,14,62328,14.5,1542,"[14.5,1]"
10,elasticsearch,ES-22997,2.4.1,java.lang.StringIndexOutOfBoundsException,14,62328,14.5,1033,"[14.5,1]"
11,elasticsearch,ES-22997,2.4.1,java.lang.StringIndexOutOfBoundsException,14,62328,14.5,1122,"[14.5,1]"
12,elasticsearch,ES-22997,2.4.1,java.lang.StringIndexOutOfBoundsException,14,62328,14.5,958,"[14.5,1]"
13,elasticsearch,ES-22997,2.4.1,java.lang.StringIndexOutOfBoundsException,14,62328,14.5,1207,"[14.5,1]"
14,elasticsearch,ES-22997,2.4.1,java.lang.StringIndexOutOfBoundsException,14,62328,14.5,947,"[14.5,1]"
15,elasticsearch,ES-22997,2.4.1,java.lang.StringIndexOutOfBoundsException,14,62328,14.5,1374,"[14.5,1]"
16,elasticsearch,ES-22997,2.4.1,java.lang.StringIndexOutOfBoundsException,14,62328,14.5,1176,"[14.5,1]"
17,elasticsearch,ES-22997,2.4.1,java.lang.StringIndexOutOfBoundsException,14,62328,14.5,1339,"[14.5,1]"
18,elasticsearch,ES-22997,2.4.1,java.lang.StringIndexOutOfBoundsException,14,62328,14.5,1084,"[14.5,1]"
19,elasticsearch,ES-22997,2.4.1,java.lang.StringIndexOutOfBoundsException,14,62328,14.5,1180,"[14.5,1]"
20,elasticsearch,ES-22997,2.4.1,java.lang.StringIndexOutOfBoundsException,14,62328,14.5,1036,"[14.5,1]"
21,elasticsearch,ES-22997,2.4.1,java.lang.StringIndexOutOfBoundsException,14,62328,14.5,1109,"[14.5,1]"
22,elasticsearch,ES-22997,2.4.1,java.lang.StringIndexOutOfBoundsException,14,62328,14.5,1203,"[14.5,1]"
23,elasticsearch,ES-22997,2.4.1,java.lang.StringIndexOutOfBoundsException,14,62328,14.5,1193,"[14.5,1]"
24,elasticsearch,ES-22997,2.4.1,java.lang.StringIndexOutOfBoundsException,14,62328,14.5,994,"[14.5,1]"
25,elasticsearch,ES-22997,2.4.1,java.lang.StringIndexOutOfBoundsException,14,62328,14.5,1481,"[14.5,1]"
26,elasticsearch,ES-22997,2.4.1,java.lang.StringIndexOutOfBoundsException,14,62328,14.5,1415,"[14.5,1]"
27,elasticsearch,ES-22997,2.4.1,java.lang.StringIndexOutOfBoundsException,14,62328,14.5,942,"[14.5,1]"
28,elasticsearch,ES-22997,2.4.1,java.lang.StringIndexOutOfBoundsException,14,62328,14.5,1261,"[14.5,1]"
29,elasticsearch,ES-22997,2.4.1,java.lang.StringIndexOutOfBoundsException,14,62328,14.5,1127,"[14.5,1]"
30,elasticsearch,ES-22997,2.4.1,java.lang.StringIndexOutOfBoundsException,14,62328,14.5,1906,"[14.5,1]"
1,lang,LANG-19b,19b,java.lang.StringIndexOutOfBoundsException,1,62328,1.0,533,"[1.744186046511628,1][1.7333333333333334,2][1.7142857142857144,3][1.4285714285714286,42][1.4,48][1.3333333333333333,55][1.0,217]"
2,lang,LANG-19b,19b,java.lang.StringIndexOutOfBoundsException,1,62328,0.0,545,"[1.744186046511628,1][1.7391304347826089,2][1.4285714285714286,5][1.3333333333333333,389][1.0,397][0.0,545]"
3,lang,LANG-19b,19b,java.lang.StringIndexOutOfBoundsException,1,62328,0.0,386,"[1.7428571428571429,1][1.7333333333333334,2][1.7142857142857144,6][1.625,88][1.4941176470588236,89][1.4285714285714286,91][1.3333333333333333,113][1.0,345][0.0,386]"
4,lang,LANG-19b,19b,java.lang.StringIndexOutOfBoundsException,1,62328,1.0,384,"[1.744186046511628,1][1.7333333333333334,2][1.7142857142857144,11][1.4285714285714286,14][1.4,38][1.0,56]"
5,lang,LANG-19b,19b,java.lang.StringIndexOutOfBoundsException,1,62328,1.0,486,"[1.7391304347826089,1][1.4285714285714286,2][1.0,21]"
6,lang,LANG-19b,19b,java.lang.StringIndexOutOfBoundsException,1,62328,0.0,691,"[1.744186046511628,1][1.4285714285714286,2][1.4,81][1.0,117][0.0,691]"
7,lang,LANG-19b,19b,java.lang.StringIndexOutOfBoundsException,1,62328,0.0,192,"[1.744186046511628,1][1.7142857142857144,3][1.6,16][1.4285714285714286,19][1.4,22][1.0,91][0.0,192]"
8,lang,LANG-19b,19b,java.lang.StringIndexOutOfBoundsException,1,62328,0.0,97,"[1.7272727272727273,1][1.7142857142857144,17][1.4972375690607735,18][1.3333333333333333,22][1.0,93][0.0,97]"
9,lang,LANG-19b,19b,java.lang.StringIndexOutOfBoundsException,1,62328,0.0,300,"[1.7391304347826089,1][1.4285714285714286,2][1.0,21][0.0,300]"
10,lang,LANG-19b,19b,java.lang.StringIndexOutOfBoundsException,1,62328,0.0,899,"[1.744186046511628,1][1.7428571428571429,2][1.7419354838709677,3][1.7333333333333334,8][1.7272727272727273,10][1.7142857142857144,14][1.496815286624204,72][1.4953271028037385,77][1.4285714285714286,80][1.3333333333333333,117][1.0,157][0.0,899]"
11,lang,LANG-19b,19b,java.lang.StringIndexOutOfBoundsException,1,62328,0.0,1114,"[1.7391304347826089,1][1.7272727272727273,3][1.7142857142857144,11][1.4941176470588236,30][1.4864864864864864,72][1.3333333333333333,73][0.0,1114]"
12,lang,LANG-19b,19b,java.lang.StringIndexOutOfBoundsException,1,62328,0.0,304,"[1.744186046511628,1][1.7272727272727273,2][1.6664779161947905,3][1.4285714285714286,6][1.3333333333333333,25][1.0,36][0.0,304]"
13,lang,LANG-19b,19b,java.lang.StringIndexOutOfBoundsException,1,62328,0.0,492,"[1.7428571428571429,1][1.625,7][1.6,12][1.4285714285714286,13][1.3333333333333333,14][1.0,270][0.0,492]"
14,lang,LANG-19b,19b,java.lang.StringIndexOutOfBoundsException,1,62328,0.0,145,"[1.736842105263158,1][1.7333333333333334,7][1.4285714285714286,8][1.3333333333333333,117][1.0,129][0.0,145]"
15,lang,LANG-19b,19b,java.lang.StringIndexOutOfBoundsException,1,62328,0.0,313,"[1.744186046511628,1][1.4285714285714286,2][1.3333333333333333,269][1.0,302][0.0,313]"
16,lang,LANG-19b,19b,java.lang.StringIndexOutOfBoundsException,1,62328,1.0,737,"[1.7272727272727273,1][1.7142857142857144,4][1.4285714285714286,9][1.3333333333333333,45][1.0,307]"
17,lang,LANG-19b,19b,java.lang.StringIndexOutOfBoundsException,1,62328,1.0,487,"[1.7142857142857144,1][1.6666025764276102,3][1.625,8][1.4285714285714286,11][1.4,55][1.3333333333333333,60][1.0,255]"
18,lang,LANG-19b,19b,java.lang.StringIndexOutOfBoundsException,1,62328,0.0,113,"[1.7142857142857144,1][1.4951456310679612,65][1.4941176470588236,72][1.4929577464788732,73][1.4,74][1.3333333333333333,77][0.0,113]"
19,lang,LANG-19b,19b,java.lang.StringIndexOutOfBoundsException,1,62328,0.0,1057,"[1.744186046511628,1][1.7142857142857144,2][1.4285714285714286,14][1.0,415][0.0,1057]"
20,lang,LANG-19b,19b,java.lang.StringIndexOutOfBoundsException,1,62328,0.0,286,"[1.7419354838709677,1][1.7272727272727273,2][1.7142857142857144,10][1.4,23][1.3333333333333333,55][1.0,150][0.0,286]"
21,lang,LANG-19b,19b,java.lang.StringIndexOutOfBoundsException,1,62328,0.0,208,"[1.744186046511628,1][1.4285714285714286,5][1.3333333333333333,10][1.0,81][0.0,208]"
22,lang,LANG-19b,19b,java.lang.StringIndexOutOfBoundsException,1,62328,0.0,744,"[1.7272727272727273,1][1.7142857142857144,2][1.4918032786885247,20][1.4285714285714286,26][1.4,353][1.3333333333333333,403][1.0,541][0.0,744]"
23,lang,LANG-19b,19b,java.lang.StringIndexOutOfBoundsException,1,62328,0.0,55,"[1.7333333333333334,1][1.7142857142857144,2][1.6,12][1.49645390070922,18][1.4935064935064934,25][1.4827586206896552,26][1.4285714285714286,29][0.0,55]"
24,lang,LANG-19b,19b,java.lang.StringIndexOutOfBoundsException,1,62328,0.0,714,"[1.7272727272727273,1][1.4285714285714286,4][1.4,6][1.3333333333333333,56][1.0,315][0.0,714]"
25,lang,LANG-19b,19b,java.lang.StringIndexOutOfBoundsException,1,62328,0.0,450,"[1.4285714285714286,1][1.3333333333333333,42][1.0,57][0.0,450]"
26,lang,LANG-19b,19b,java.lang.StringIndexOutOfBoundsException,1,62328,1.0,562,"[1.7450980392156863,1][1.736842105263158,2][1.7333333333333334,3][1.7142857142857144,8][1.6666022046025915,30][1.4285714285714286,33][1.4,38][1.0,46]"
27,lang,LANG-19b,19b,java.lang.StringIndexOutOfBoundsException,1,62328,0.0,469,"[1.7333333333333334,1][1.6666254023273086,2][1.625,3][1.6,4][1.4285714285714286,10][1.4,19][1.3333333333333333,21][1.0,28][0.0,469]"
28,lang,LANG-19b,19b,java.lang.StringIndexOutOfBoundsException,1,62328,0.0,77,"[1.7391304347826089,1][1.7333333333333334,2][1.488888888888889,11][1.4285714285714286,13][1.0,16][0.0,77]"
29,lang,LANG-19b,19b,java.lang.StringIndexOutOfBoundsException,1,62328,0.0,962,"[1.744186046511628,1][1.7272727272727273,2][1.4285714285714286,3][1.4,202][1.0,216][0.0,962]"
30,lang,LANG-19b,19b,java.lang.StringIndexOutOfBoundsException,1,62328,0.0,541,"[1.7428571428571429,1][1.7407407407407407,2][1.736842105263158,3][1.4954128440366972,7][1.4952380952380953,9][1.490566037735849,12][1.4285714285714286,22][1.3333333333333333,130][1.0,439][0.0,541]"
1,lang,LANG-19b,19b,java.lang.StringIndexOutOfBoundsException,2,62328,2.333333333333333,14082,"[2.333333333333333,1]"
2,lang,LANG-19b,19b,java.lang.StringIndexOutOfBoundsException,2,62328,2.333333333333333,10120,"[2.962962962962963,1][2.333333333333333,2]"
3,lang,LANG-19b,19b,java.lang.StringIndexOutOfBoundsException,2,62328,2.333333333333333,11030,"[2.333333333333333,1]"
4,lang,LANG-19b,19b,java.lang.StringIndexOutOfBoundsException,2,62328,2.333333333333333,10977,"[2.333333333333333,1]"
5,lang,LANG-19b,19b,java.lang.StringIndexOutOfBoundsException,2,62328,2.333333333333333,2308,"[2.333333333333333,1]"
6,lang,LANG-19b,19b,java.lang.StringIndexOutOfBoundsException,2,62328,2.333333333333333,15231,"[2.333333333333333,1]"
7,lang,LANG-19b,19b,java.lang.StringIndexOutOfBoundsException,2,62328,2.333333333333333,3230,"[2.7142857142857144,1][2.333333333333333,2]"
8,lang,LANG-19b,19b,java.lang.StringIndexOutOfBoundsException,2,62328,2.333333333333333,12592,"[2.333333333333333,1]"
9,lang,LANG-19b,19b,java.lang.StringIndexOutOfBoundsException,2,62328,2.333333333333333,14424,"[2.7142857142857144,1][2.333333333333333,2]"
10,lang,LANG-19b,19b,java.lang.StringIndexOutOfBoundsException,2,62328,2.333333333333333,12124,"[2.333333333333333,1]"
11,lang,LANG-19b,19b,java.lang.StringIndexOutOfBoundsException,2,62328,2.333333333333333,14741,"[2.962962962962963,1][2.6,2][2.333333333333333,3]"
12,lang,LANG-19b,19b,java.lang.StringIndexOutOfBoundsException,2,62328,2.333333333333333,11044,"[2.333333333333333,1]"
13,lang,LANG-19b,19b,java.lang.StringIndexOutOfBoundsException,2,62328,2.333333333333333,8439,"[2.333333333333333,1]"
14,lang,LANG-19b,19b,java.lang.StringIndexOutOfBoundsException,2,62328,2.333333333333333,10018,"[2.333333333333333,1]"
15,lang,LANG-19b,19b,java.lang.StringIndexOutOfBoundsException,2,62328,2.333333333333333,12985,"[2.6,1][2.333333333333333,2]"
16,lang,LANG-19b,19b,java.lang.StringIndexOutOfBoundsException,2,62328,2.333333333333333,7660,"[2.333333333333333,1]"
17,lang,LANG-19b,19b,java.lang.StringIndexOutOfBoundsException,2,62328,2.333333333333333,14507,"[2.333333333333333,1]"
18,lang,LANG-19b,19b,java.lang.StringIndexOutOfBoundsException,2,62328,2.333333333333333,9962,"[2.333333333333333,1]"
19,lang,LANG-19b,19b,java.lang.StringIndexOutOfBoundsException,2,62328,2.333333333333333,11584,"[2.333333333333333,1]"
20,lang,LANG-19b,19b,java.lang.StringIndexOutOfBoundsException,2,62328,2.333333333333333,10722,"[2.333333333333333,1]"
21,lang,LANG-19b,19b,java.lang.StringIndexOutOfBoundsException,2,62328,2.333333333333333,10214,"[2.333333333333333,1]"
22,lang,LANG-19b,19b,java.lang.StringIndexOutOfBoundsException,2,62328,2.333333333333333,12385,"[2.333333333333333,1]"
23,lang,LANG-19b,19b,java.lang.StringIndexOutOfBoundsException,2,62328,2.333333333333333,13306,"[2.962962962962963,1][2.333333333333333,3]"
24,lang,LANG-19b,19b,java.lang.StringIndexOutOfBoundsException,2,62328,2.333333333333333,12285,"[2.333333333333333,1]"
25,lang,LANG-19b,19b,java.lang.StringIndexOutOfBoundsException,2,62328,2.333333333333333,5202,"[2.333333333333333,1]"
26,lang,LANG-19b,19b,java.lang.StringIndexOutOfBoundsException,2,62328,2.333333333333333,9963,"[2.333333333333333,1]"
27,lang,LANG-19b,19b,java.lang.StringIndexOutOfBoundsException,2,62328,2.333333333333333,10822,"[2.333333333333333,1]"
28,lang,LANG-19b,19b,java.lang.StringIndexOutOfBoundsException,2,62328,2.333333333333333,12669,"[2.7142857142857144,1][2.333333333333333,2]"
29,lang,LANG-19b,19b,java.lang.StringIndexOutOfBoundsException,2,62328,2.333333333333333,11616,"[2.333333333333333,1]"
30,lang,LANG-19b,19b,java.lang.StringIndexOutOfBoundsException,2,62328,2.333333333333333,10790,"[2.333333333333333,1]"
1,lang,LANG-19b,19b,java.lang.StringIndexOutOfBoundsException,3,62328,2.333333333333333,4661,"[3.333333333333333,1][2.333333333333333,5]"
2,lang,LANG-19b,19b,java.lang.StringIndexOutOfBoundsException,3,62328,2.333333333333333,2852,"[2.333333333333333,1]"
3,lang,LANG-19b,19b,java.lang.StringIndexOutOfBoundsException,3,62328,2.333333333333333,2383,"[2.333333333333333,1]"
4,lang,LANG-19b,19b,java.lang.StringIndexOutOfBoundsException,3,62328,2.333333333333333,3681,"[3.333333333333333,1][2.333333333333333,2]"
5,lang,LANG-19b,19b,java.lang.StringIndexOutOfBoundsException,3,62328,2.333333333333333,4799,"[2.333333333333333,1]"
6,lang,LANG-19b,19b,java.lang.StringIndexOutOfBoundsException,3,62328,2.333333333333333,4790,"[2.333333333333333,1]"
7,lang,LANG-19b,19b,java.lang.StringIndexOutOfBoundsException,3,62328,2.333333333333333,610,"[2.333333333333333,1]"
8,lang,LANG-19b,19b,java.lang.StringIndexOutOfBoundsException,3,62328,2.333333333333333,3464,"[3.978723404255319,1][2.333333333333333,2]"
9,lang,LANG-19b,19b,java.lang.StringIndexOutOfBoundsException,3,62328,2.333333333333333,2761,"[2.333333333333333,1]"
10,lang,LANG-19b,19b,java.lang.StringIndexOutOfBoundsException,3,62328,2.333333333333333,3456,"[2.333333333333333,1]"
11,lang,LANG-19b,19b,java.lang.StringIndexOutOfBoundsException,3,62328,2.333333333333333,4368,"[3.333333333333333,1][2.333333333333333,3]"
12,lang,LANG-19b,19b,java.lang.StringIndexOutOfBoundsException,3,62328,2.333333333333333,2363,"[3.978723404255319,1][2.333333333333333,3]"
13,lang,LANG-19b,19b,java.lang.StringIndexOutOfBoundsException,3,62328,2.333333333333333,2859,"[2.333333333333333,1]"
14,lang,LANG-19b,19b,java.lang.StringIndexOutOfBoundsException,3,62328,2.333333333333333,4745,"[2.333333333333333,1]"
15,lang,LANG-19b,19b,java.lang.StringIndexOutOfBoundsException,3,62328,2.333333333333333,2543,"[3.978723404255319,1][2.333333333333333,2]"
16,lang,LANG-19b,19b,java.lang.StringIndexOutOfBoundsException,3,62328,2.333333333333333,3122,"[2.333333333333333,1]"
17,lang,LANG-19b,19b,java.lang.StringIndexOutOfBoundsException,3,62328,2.333333333333333,3195,"[2.333333333333333,1]"
18,lang,LANG-19b,19b,java.lang.StringIndexOutOfBoundsException,3,62328,2.333333333333333,3571,"[2.333333333333333,1]"
19,lang,LANG-19b,19b,java.lang.StringIndexOutOfBoundsException,3,62328,2.333333333333333,4117,"[2.333333333333333,1]"
20,lang,LANG-19b,19b,java.lang.StringIndexOutOfBoundsException,3,62328,2.333333333333333,2965,"[2.333333333333333,1]"
21,lang,LANG-19b,19b,java.lang.StringIndexOutOfBoundsException,3,62328,2.333333333333333,1647,"[3.333333333333333,1][2.333333333333333,2]"
22,lang,LANG-19b,19b,java.lang.StringIndexOutOfBoundsException,3,62328,2.333333333333333,3954,"[2.333333333333333,1]"
23,lang,LANG-19b,19b,java.lang.StringIndexOutOfBoundsException,3,62328,2.333333333333333,1848,"[2.333333333333333,1]"
24,lang,LANG-19b,19b,java.lang.StringIndexOutOfBoundsException,3,62328,2.333333333333333,2478,"[2.333333333333333,1]"
25,lang,LANG-19b,19b,java.lang.StringIndexOutOfBoundsException,3,62328,2.333333333333333,3216,"[2.333333333333333,1]"
26,lang,LANG-19b,19b,java.lang.StringIndexOutOfBoundsException,3,62328,2.333333333333333,5297,"[3.978723404255319,1][2.333333333333333,2]"
27,lang,LANG-19b,19b,java.lang.StringIndexOutOfBoundsException,3,62328,2.333333333333333,5447,"[3.978723404255319,1][2.333333333333333,2]"
28,lang,LANG-19b,19b,java.lang.StringIndexOutOfBoundsException,3,62328,2.333333333333333,3008,"[2.333333333333333,1]"
29,lang,LANG-19b,19b,java.lang.StringIndexOutOfBoundsException,3,62328,2.333333333333333,2714,"[2.333333333333333,1]"
30,lang,LANG-19b,19b,java.lang.StringIndexOutOfBoundsException,3,62328,2.333333333333333,4232,"[2.333333333333333,1]"
1,lang,LANG-27b,27b,java.lang.StringIndexOutOfBoundsException,1,62328,0.0,5,"[1.0,1][0.0,5]"
2,lang,LANG-27b,27b,java.lang.StringIndexOutOfBoundsException,1,62328,0.0,9,"[1.0,1][0.0,9]"
3,lang,LANG-27b,27b,java.lang.StringIndexOutOfBoundsException,1,62328,0.0,15,"[1.0,1][0.0,15]"
4,lang,LANG-27b,27b,java.lang.StringIndexOutOfBoundsException,1,62328,0.0,14,"[1.0,1][0.0,14]"
5,lang,LANG-27b,27b,java.lang.StringIndexOutOfBoundsException,1,62328,0.0,4,"[1.0,1][0.0,4]"
6,lang,LANG-27b,27b,java.lang.StringIndexOutOfBoundsException,1,62328,0.0,47,"[1.0,1][0.0,47]"
7,lang,LANG-27b,27b,java.lang.StringIndexOutOfBoundsException,1,62328,0.0,32,"[1.0,1][0.0,32]"
8,lang,LANG-27b,27b,java.lang.StringIndexOutOfBoundsException,1,62328,0.0,10,"[1.0,1][0.0,10]"
9,lang,LANG-27b,27b,java.lang.StringIndexOutOfBoundsException,1,62328,0.0,7,"[1.0,1][0.0,7]"
10,lang,LANG-27b,27b,java.lang.StringIndexOutOfBoundsException,1,62328,0.0,15,"[1.0,1][0.0,15]"
11,lang,LANG-27b,27b,java.lang.StringIndexOutOfBoundsException,1,62328,0.0,55,"[1.0,1][0.0,55]"
12,lang,LANG-27b,27b,java.lang.StringIndexOutOfBoundsException,1,62328,0.0,43,"[1.0,1][0.0,43]"
13,lang,LANG-27b,27b,java.lang.StringIndexOutOfBoundsException,1,62328,0.0,17,"[1.0,1][0.0,17]"
14,lang,LANG-27b,27b,java.lang.StringIndexOutOfBoundsException,1,62328,0.0,107,"[1.0,1][0.0,107]"
15,lang,LANG-27b,27b,java.lang.StringIndexOutOfBoundsException,1,62328,0.0,38,"[1.0,1][0.0,38]"
16,lang,LANG-27b,27b,java.lang.StringIndexOutOfBoundsException,1,62328,0.0,62,"[1.0,1][0.0,62]"
17,lang,LANG-27b,27b,java.lang.StringIndexOutOfBoundsException,1,62328,0.0,7,"[1.0,1][0.0,7]"
18,lang,LANG-27b,27b,java.lang.StringIndexOutOfBoundsException,1,62328,0.0,68,"[1.0,1][0.0,68]"
19,lang,LANG-27b,27b,java.lang.StringIndexOutOfBoundsException,1,62328,0.0,152,"[1.0,1][0.0,152]"
20,lang,LANG-27b,27b,java.lang.StringIndexOutOfBoundsException,1,62328,0.0,23,"[1.0,1][0.0,23]"
21,lang,LANG-27b,27b,java.lang.StringIndexOutOfBoundsException,1,62328,0.0,20,"[1.0,1][0.0,20]"
22,lang,LANG-27b,27b,java.lang.StringIndexOutOfBoundsException,1,62328,0.0,24,"[1.0,1][0.0,24]"
23,lang,LANG-27b,27b,java.lang.StringIndexOutOfBoundsException,1,62328,0.0,38,"[1.0,1][0.0,38]"
24,lang,LANG-27b,27b,java.lang.StringIndexOutOfBoundsException,1,62328,0.0,53,"[1.0,1][0.0,53]"
25,lang,LANG-27b,27b,java.lang.StringIndexOutOfBoundsException,1,62328,0.0,22,"[1.0,1][0.0,22]"
26,lang,LANG-27b,27b,java.lang.StringIndexOutOfBoundsException,1,62328,0.0,53,"[1.0,1][0.0,53]"
27,lang,LANG-27b,27b,java.lang.StringIndexOutOfBoundsException,1,62328,0.0,64,"[1.0,1][0.0,64]"
28,lang,LANG-27b,27b,java.lang.StringIndexOutOfBoundsException,1,62328,0.0,62,"[1.0,1][0.0,62]"
29,lang,LANG-27b,27b,java.lang.StringIndexOutOfBoundsException,1,62328,0.0,22,"[1.0,1][0.0,22]"
30,lang,LANG-27b,27b,java.lang.StringIndexOutOfBoundsException,1,62328,0.0,30,"[1.0,1][0.0,30]"
1,lang,LANG-44b,44b,java.lang.StringIndexOutOfBoundsException,1,62328,0.0,86,"[1.0,1][0.0,86]"
2,lang,LANG-44b,44b,java.lang.StringIndexOutOfBoundsException,1,62328,0.0,219,"[1.0,1][0.0,219]"
3,lang,LANG-44b,44b,java.lang.StringIndexOutOfBoundsException,1,62328,0.0,280,"[1.7391304347826089,1][1.3333333333333333,3][1.0,7][0.0,280]"
4,lang,LANG-44b,44b,java.lang.StringIndexOutOfBoundsException,1,62328,0.0,69,"[1.7428571428571429,1][1.7333333333333334,2][1.7272727272727273,7][1.3333333333333333,11][1.0,22][0.0,69]"
5,lang,LANG-44b,44b,java.lang.StringIndexOutOfBoundsException,1,62328,0.0,124,"[1.736842105263158,1][1.3333333333333333,5][1.0,14][0.0,124]"
6,lang,LANG-44b,44b,java.lang.StringIndexOutOfBoundsException,1,62328,0.0,38,"[1.7407407407407407,1][1.3333333333333333,2][1.0,14][0.0,38]"
7,lang,LANG-44b,44b,java.lang.StringIndexOutOfBoundsException,1,62328,0.0,649,"[1.746031746031746,1][1.0,3][0.0,649]"
8,lang,LANG-44b,44b,java.lang.StringIndexOutOfBoundsException,1,62328,0.0,143,"[1.7391304347826089,1][1.3333333333333333,5][1.0,18][0.0,143]"
9,lang,LANG-44b,44b,java.lang.StringIndexOutOfBoundsException,1,62328,0.0,23,"[1.7333333333333334,1][1.7142857142857144,6][1.3333333333333333,7][1.0,20][0.0,23]"
10,lang,LANG-44b,44b,java.lang.StringIndexOutOfBoundsException,1,62328,0.0,124,"[1.7454545454545456,1][1.7391304347826089,2][1.7272727272727273,3][1.3333333333333333,6][1.0,13][0.0,124]"
11,lang,LANG-44b,44b,java.lang.StringIndexOutOfBoundsException,1,62328,0.0,56,"[1.736842105263158,1][1.7142857142857144,2][1.0,10][0.0,56]"
12,lang,LANG-44b,44b,java.lang.StringIndexOutOfBoundsException,1,62328,0.0,111,"[1.736842105263158,1][1.7142857142857144,5][1.0,12][0.0,111]"
13,lang,LANG-44b,44b,java.lang.StringIndexOutOfBoundsException,1,62328,0.0,505,"[1.7142857142857144,1][1.3333333333333333,4][1.0,11][0.0,505]"
14,lang,LANG-44b,44b,java.lang.StringIndexOutOfBoundsException,1,62328,0.0,1,"[0.0,1]"
15,lang,LANG-44b,44b,java.lang.StringIndexOutOfBoundsException,1,62328,0.0,103,"[1.736842105263158,1][1.7142857142857144,2][1.0,13][0.0,103]"
16,lang,LANG-44b,44b,java.lang.StringIndexOutOfBoundsException,1,62328,0.0,115,"[1.736842105263158,1][1.3333333333333333,6][1.0,18][0.0,115]"
17,lang,LANG-44b,44b,java.lang.StringIndexOutOfBoundsException,1,62328,0.0,166,"[1.7419354838709677,1][1.3333333333333333,2][1.0,5][0.0,166]"
18,lang,LANG-44b,44b,java.lang.StringIndexOutOfBoundsException,1,62328,0.0,30,"[1.7142857142857144,1][1.6,24][1.3333333333333333,26][0.0,30]"
19,lang,LANG-44b,44b,java.lang.StringIndexOutOfBoundsException,1,62328,0.0,25,"[1.7407407407407407,1][1.7272727272727273,2][1.7142857142857144,4][1.0,13][0.0,25]"
20,lang,LANG-44b,44b,java.lang.StringIndexOutOfBoundsException,1,62328,0.0,44,"[1.736842105263158,1][1.7142857142857144,2][1.3333333333333333,16][1.0,22][0.0,44]"
21,lang,LANG-44b,44b,java.lang.StringIndexOutOfBoundsException,1,62328,0.0,145,"[1.7272727272727273,1][1.7142857142857144,9][1.3333333333333333,13][1.0,17][0.0,145]"
22,lang,LANG-44b,44b,java.lang.StringIndexOutOfBoundsException,1,62328,0.0,111,"[1.6,1][1.0,10][0.0,111]"
23,lang,LANG-44b,44b,java.lang.StringIndexOutOfBoundsException,1,62328,0.0,28,"[1.7142857142857144,1][1.3333333333333333,8][1.0,17][0.0,28]"
24,lang,LANG-44b,44b,java.lang.StringIndexOutOfBoundsException,1,62328,0.0,179,"[1.7272727272727273,1][1.3333333333333333,11][1.0,12][0.0,179]"
25,lang,LANG-44b,44b,java.lang.StringIndexOutOfBoundsException,1,62328,0.0,64,"[1.7142857142857144,1][1.0,14][0.0,64]"
26,lang,LANG-44b,44b,java.lang.StringIndexOutOfBoundsException,1,62328,0.0,385,"[1.7272727272727273,1][1.3333333333333333,7][1.0,25][0.0,385]"
27,lang,LANG-44b,44b,java.lang.StringIndexOutOfBoundsException,1,62328,0.0,275,"[1.7435897435897436,1][1.7272727272727273,5][1.3333333333333333,9][1.0,11][0.0,275]"
28,lang,LANG-44b,44b,java.lang.StringIndexOutOfBoundsException,1,62328,0.0,102,"[1.7142857142857144,1][1.3333333333333333,4][1.0,10][0.0,102]"
29,lang,LANG-44b,44b,java.lang.StringIndexOutOfBoundsException,1,62328,0.0,20,"[1.7428571428571429,1][1.7333333333333334,3][1.0,11][0.0,20]"
30,lang,LANG-44b,44b,java.lang.StringIndexOutOfBoundsException,1,62328,0.0,34,"[1.7272727272727273,1][1.7142857142857144,6][1.0,17][0.0,34]"
1,lang,LANG-45b,45b,java.lang.StringIndexOutOfBoundsException,1,62328,0.0,1,"[0.0,1]"
2,lang,LANG-45b,45b,java.lang.StringIndexOutOfBoundsException,1,62328,0.0,1,"[0.0,1]"
3,lang,LANG-45b,45b,java.lang.StringIndexOutOfBoundsException,1,62328,0.0,1,"[0.0,1]"
4,lang,LANG-45b,45b,java.lang.StringIndexOutOfBoundsException,1,62328,0.0,1,"[0.0,1]"
5,lang,LANG-45b,45b,java.lang.StringIndexOutOfBoundsException,1,62328,0.0,1,"[0.0,1]"
6,lang,LANG-45b,45b,java.lang.StringIndexOutOfBoundsException,1,62328,0.0,1,"[0.0,1]"
7,lang,LANG-45b,45b,java.lang.StringIndexOutOfBoundsException,1,62328,0.0,1,"[0.0,1]"
8,lang,LANG-45b,45b,java.lang.StringIndexOutOfBoundsException,1,62328,0.0,1,"[0.0,1]"
9,lang,LANG-45b,45b,java.lang.StringIndexOutOfBoundsException,1,62328,0.0,1,"[0.0,1]"
10,lang,LANG-45b,45b,java.lang.StringIndexOutOfBoundsException,1,62328,0.0,1,"[0.0,1]"
11,lang,LANG-45b,45b,java.lang.StringIndexOutOfBoundsException,1,62328,0.0,1,"[0.0,1]"
12,lang,LANG-45b,45b,java.lang.StringIndexOutOfBoundsException,1,62328,0.0,1,"[0.0,1]"
13,lang,LANG-45b,45b,java.lang.StringIndexOutOfBoundsException,1,62328,0.0,1,"[0.0,1]"
14,lang,LANG-45b,45b,java.lang.StringIndexOutOfBoundsException,1,62328,0.0,1,"[0.0,1]"
15,lang,LANG-45b,45b,java.lang.StringIndexOutOfBoundsException,1,62328,0.0,1,"[0.0,1]"
16,lang,LANG-45b,45b,java.lang.StringIndexOutOfBoundsException,1,62328,0.0,1,"[0.0,1]"
17,lang,LANG-45b,45b,java.lang.StringIndexOutOfBoundsException,1,62328,0.0,1,"[0.0,1]"
18,lang,LANG-45b,45b,java.lang.StringIndexOutOfBoundsException,1,62328,0.0,1,"[0.0,1]"
19,lang,LANG-45b,45b,java.lang.StringIndexOutOfBoundsException,1,62328,0.0,1,"[0.0,1]"
20,lang,LANG-45b,45b,java.lang.StringIndexOutOfBoundsException,1,62328,0.0,1,"[0.0,1]"
21,lang,LANG-45b,45b,java.lang.StringIndexOutOfBoundsException,1,62328,0.0,1,"[0.0,1]"
22,lang,LANG-45b,45b,java.lang.StringIndexOutOfBoundsException,1,62328,0.0,1,"[0.0,1]"
23,lang,LANG-45b,45b,java.lang.StringIndexOutOfBoundsException,1,62328,0.0,1,"[0.0,1]"
24,lang,LANG-45b,45b,java.lang.StringIndexOutOfBoundsException,1,62328,0.0,1,"[0.0,1]"
25,lang,LANG-45b,45b,java.lang.StringIndexOutOfBoundsException,1,62328,0.0,1,"[0.0,1]"
26,lang,LANG-45b,45b,java.lang.StringIndexOutOfBoundsException,1,62328,0.0,1,"[0.0,1]"
27,lang,LANG-45b,45b,java.lang.StringIndexOutOfBoundsException,1,62328,0.0,1,"[0.0,1]"
28,lang,LANG-45b,45b,java.lang.StringIndexOutOfBoundsException,1,62328,0.0,1,"[0.0,1]"
29,lang,LANG-45b,45b,java.lang.StringIndexOutOfBoundsException,1,62328,0.0,1,"[0.0,1]"
30,lang,LANG-45b,45b,java.lang.StringIndexOutOfBoundsException,1,62328,0.0,1,"[0.0,1]"
1,lang,LANG-51b,51b,java.lang.StringIndexOutOfBoundsException,1,62328,0.0,142,"[1.4545454545454546,1][1.3333333333333333,5][1.0,57][0.0,142]"
2,lang,LANG-51b,51b,java.lang.StringIndexOutOfBoundsException,1,62328,0.0,1009,"[1.4545454545454546,1][1.4444444444444444,16][1.4285714285714286,18][1.3333333333333333,30][1.0,73][0.0,1009]"
3,lang,LANG-51b,51b,java.lang.StringIndexOutOfBoundsException,1,62328,0.0,1685,"[1.4545454545454546,1][1.4444444444444444,14][1.0,66][0.0,1685]"
4,lang,LANG-51b,51b,java.lang.StringIndexOutOfBoundsException,1,62328,0.0,884,"[1.4666666666666668,1][1.4545454545454546,3][1.4444444444444444,20][1.4,29][1.3333333333333333,94][1.0,104][0.0,884]"
5,lang,LANG-51b,51b,java.lang.StringIndexOutOfBoundsException,1,62328,0.0,1511,"[1.4444444444444444,1][1.0,16][0.0,1511]"
6,lang,LANG-51b,51b,java.lang.StringIndexOutOfBoundsException,1,62328,0.0,449,"[1.6,1][1.4545454545454546,2][1.4444444444444444,8][1.0,39][0.0,449]"
7,lang,LANG-51b,51b,java.lang.StringIndexOutOfBoundsException,1,62328,0.0,14,"[1.4545454545454546,1][1.4285714285714286,4][0.0,14]"
8,lang,LANG-51b,51b,java.lang.StringIndexOutOfBoundsException,1,62328,0.0,298,"[1.4545454545454546,1][1.4,16][1.3333333333333333,27][1.0,81][0.0,298]"
9,lang,LANG-51b,51b,java.lang.StringIndexOutOfBoundsException,1,62328,0.0,519,"[1.4545454545454546,1][1.4285714285714286,3][1.3333333333333333,15][1.0,37][0.0,519]"
10,lang,LANG-51b,51b,java.lang.StringIndexOutOfBoundsException,1,62328,0.0,925,"[1.4545454545454546,1][1.4,5][1.0,33][0.0,925]"
11,lang,LANG-51b,51b,java.lang.StringIndexOutOfBoundsException,1,62328,0.0,300,"[1.4444444444444444,1][1.3333333333333333,2][1.0,53][0.0,300]"
12,lang,LANG-51b,51b,java.lang.StringIndexOutOfBoundsException,1,62328,0.0,33,"[1.4545454545454546,1][1.3333333333333333,5][1.0,16][0.0,33]"
13,lang,LANG-51b,51b,java.lang.StringIndexOutOfBoundsException,1,62328,0.0,110,"[1.0,1][0.0,110]"
14,lang,LANG-51b,51b,java.lang.StringIndexOutOfBoundsException,1,62328,0.0,1909,"[1.4545454545454546,1][1.4285714285714286,14][1.3333333333333333,19][1.0,49][0.0,1909]"
15,lang,LANG-51b,51b,java.lang.StringIndexOutOfBoundsException,1,62328,0.0,728,"[1.4545454545454546,1][1.4444444444444444,5][1.0,21][0.0,728]"
16,lang,LANG-51b,51b,java.lang.StringIndexOutOfBoundsException,1,62328,0.0,4548,"[1.4545454545454546,1][1.0,2][0.0,4548]"
17,lang,LANG-51b,51b,java.lang.StringIndexOutOfBoundsException,1,62328,0.0,3260,"[1.4545454545454546,1][1.3333333333333333,4][1.0,58][0.0,3260]"
18,lang,LANG-51b,51b,java.lang.StringIndexOutOfBoundsException,1,62328,0.0,539,"[1.4545454545454546,1][1.4285714285714286,7][1.4,20][1.3333333333333333,60][1.0,69][0.0,539]"
19,lang,LANG-51b,51b,java.lang.StringIndexOutOfBoundsException,1,62328,0.0,295,"[1.4545454545454546,1][1.3333333333333333,11][1.0,41][0.0,295]"
20,lang,LANG-51b,51b,java.lang.StringIndexOutOfBoundsException,1,62328,0.0,717,"[1.3333333333333333,1][1.0,43][0.0,717]"
21,lang,LANG-51b,51b,java.lang.StringIndexOutOfBoundsException,1,62328,0.0,502,"[1.4545454545454546,1][1.3333333333333333,4][1.0,6][0.0,502]"
22,lang,LANG-51b,51b,java.lang.StringIndexOutOfBoundsException,1,62328,0.0,1681,"[1.4871794871794872,1][1.4545454545454546,2][1.4285714285714286,18][1.3333333333333333,21][1.0,24][0.0,1681]"
23,lang,LANG-51b,51b,java.lang.StringIndexOutOfBoundsException,1,62328,0.0,1015,"[1.4545454545454546,1][1.4,4][1.0,26][0.0,1015]"
24,lang,LANG-51b,51b,java.lang.StringIndexOutOfBoundsException,1,62328,0.0,254,"[1.4545454545454546,1][1.4,11][1.0,29][0.0,254]"
25,lang,LANG-51b,51b,java.lang.StringIndexOutOfBoundsException,1,62328,0.0,7754,"[1.48,1][1.0,3][0.0,7754]"
26,lang,LANG-51b,51b,java.lang.StringIndexOutOfBoundsException,1,62328,0.0,830,"[1.4545454545454546,1][1.4444444444444444,3][1.4285714285714286,6][1.4,16][1.3333333333333333,60][1.0,127][0.0,830]"
27,lang,LANG-51b,51b,java.lang.StringIndexOutOfBoundsException,1,62328,0.0,4910,"[1.4444444444444444,1][1.0,11][0.0,4910]"
28,lang,LANG-51b,51b,java.lang.StringIndexOutOfBoundsException,1,62328,0.0,47,"[1.4545454545454546,1][1.4285714285714286,5][1.4,18][1.3333333333333333,24][1.0,26][0.0,47]"
29,lang,LANG-51b,51b,java.lang.StringIndexOutOfBoundsException,1,62328,0.0,924,"[1.4545454545454546,1][1.4444444444444444,2][1.0,12][0.0,924]"
30,lang,LANG-51b,51b,java.lang.StringIndexOutOfBoundsException,1,62328,0.0,2050,"[1.4285714285714286,1][1.4,8][1.3333333333333333,18][1.0,81][0.0,2050]"
1,lang,LANG-6b,6b,java.lang.StringIndexOutOfBoundsException,1,62328,1.0,5754,"[1.6,1][1.0,2]"
2,lang,LANG-6b,6b,java.lang.StringIndexOutOfBoundsException,1,62328,1.0,6170,"[1.0,1]"
3,lang,LANG-6b,6b,java.lang.StringIndexOutOfBoundsException,1,62328,1.0,5688,"[1.0,1]"
4,lang,LANG-6b,6b,java.lang.StringIndexOutOfBoundsException,1,62328,1.0,3246,"[1.6,1][1.0,3]"
5,lang,LANG-6b,6b,java.lang.StringIndexOutOfBoundsException,1,62328,1.0,1451,"[1.0,1]"
6,lang,LANG-6b,6b,java.lang.StringIndexOutOfBoundsException,1,62328,1.0,5335,"[1.0,1]"
7,lang,LANG-6b,6b,java.lang.StringIndexOutOfBoundsException,1,62328,1.0,5220,"[1.0,1]"
8,lang,LANG-6b,6b,java.lang.StringIndexOutOfBoundsException,1,62328,1.0,5138,"[1.0,1]"
9,lang,LANG-6b,6b,java.lang.StringIndexOutOfBoundsException,1,62328,1.0,4051,"[1.0,1]"
10,lang,LANG-6b,6b,java.lang.StringIndexOutOfBoundsException,1,62328,1.0,6814,"[1.6,1][1.0,3]"
11,lang,LANG-6b,6b,java.lang.StringIndexOutOfBoundsException,1,62328,1.0,4687,"[1.9545454545454546,1][1.0,2]"
12,lang,LANG-6b,6b,java.lang.StringIndexOutOfBoundsException,1,62328,1.0,6320,"[1.0,1]"
13,lang,LANG-6b,6b,java.lang.StringIndexOutOfBoundsException,1,62328,1.0,4927,"[1.7142857142857144,1][1.0,2]"
14,lang,LANG-6b,6b,java.lang.StringIndexOutOfBoundsException,1,62328,1.0,5969,"[1.6,1][1.0,2]"
15,lang,LANG-6b,6b,java.lang.StringIndexOutOfBoundsException,1,62328,1.0,4930,"[1.6,1][1.0,2]"
16,lang,LANG-6b,6b,java.lang.StringIndexOutOfBoundsException,1,62328,1.0,2869,"[1.0,1]"
17,lang,LANG-6b,6b,java.lang.StringIndexOutOfBoundsException,1,62328,1.0,3965,"[1.0,1]"
18,lang,LANG-6b,6b,java.lang.StringIndexOutOfBoundsException,1,62328,1.0,5289,"[1.0,1]"
19,lang,LANG-6b,6b,java.lang.StringIndexOutOfBoundsException,1,62328,1.0,5975,"[1.0,1]"
20,lang,LANG-6b,6b,java.lang.StringIndexOutOfBoundsException,1,62328,1.0,3969,"[1.6,1][1.0,2]"
21,lang,LANG-6b,6b,java.lang.StringIndexOutOfBoundsException,1,62328,1.0,2524,"[1.6,1][1.0,2]"
22,lang,LANG-6b,6b,java.lang.StringIndexOutOfBoundsException,1,62328,1.0,7112,"[1.0,1]"
23,lang,LANG-6b,6b,java.lang.StringIndexOutOfBoundsException,1,62328,1.0,4864,"[1.0,1]"
24,lang,LANG-6b,6b,java.lang.StringIndexOutOfBoundsException,1,62328,0.0,7,"[1.0,1][0.0,7]"
25,lang,LANG-6b,6b,java.lang.StringIndexOutOfBoundsException,1,62328,1.0,6365,"[1.0,1]"
26,lang,LANG-6b,6b,java.lang.StringIndexOutOfBoundsException,1,62328,1.0,3222,"[1.6,1][1.0,2]"
27,lang,LANG-6b,6b,java.lang.StringIndexOutOfBoundsException,1,62328,1.0,4627,"[1.0,1]"
28,lang,LANG-6b,6b,java.lang.StringIndexOutOfBoundsException,1,62328,1.0,4572,"[1.0,1]"
29,lang,LANG-6b,6b,java.lang.StringIndexOutOfBoundsException,1,62328,1.0,7674,"[1.0,1]"
30,lang,LANG-6b,6b,java.lang.StringIndexOutOfBoundsException,1,62328,1.0,9217,"[1.0,1]"
1,lang,LANG-6b,6b,java.lang.StringIndexOutOfBoundsException,2,62328,1.0,3356,"[1.0,1]"
2,lang,LANG-6b,6b,java.lang.StringIndexOutOfBoundsException,2,62328,1.0,6048,"[1.6,1][1.0,2]"
3,lang,LANG-6b,6b,java.lang.StringIndexOutOfBoundsException,2,62328,1.0,11756,"[1.0,1]"
4,lang,LANG-6b,6b,java.lang.StringIndexOutOfBoundsException,2,62328,1.0,4932,"[1.0,1]"
5,lang,LANG-6b,6b,java.lang.StringIndexOutOfBoundsException,2,62328,1.0,6441,"[1.0,1]"
6,lang,LANG-6b,6b,java.lang.StringIndexOutOfBoundsException,2,62328,1.0,6615,"[1.0,1]"
7,lang,LANG-6b,6b,java.lang.StringIndexOutOfBoundsException,2,62328,1.0,3892,"[1.6,1][1.0,2]"
8,lang,LANG-6b,6b,java.lang.StringIndexOutOfBoundsException,2,62328,1.0,6216,"[1.6,1][1.0,2]"
9,lang,LANG-6b,6b,java.lang.StringIndexOutOfBoundsException,2,62328,1.0,5547,"[1.0,1]"
10,lang,LANG-6b,6b,java.lang.StringIndexOutOfBoundsException,2,62328,1.0,3302,"[1.0,1]"
11,lang,LANG-6b,6b,java.lang.StringIndexOutOfBoundsException,2,62328,1.0,6273,"[1.0,1]"
12,lang,LANG-6b,6b,java.lang.StringIndexOutOfBoundsException,2,62328,1.0,4867,"[1.0,1]"
13,lang,LANG-6b,6b,java.lang.StringIndexOutOfBoundsException,2,62328,1.0,2635,"[1.0,1]"
14,lang,LANG-6b,6b,java.lang.StringIndexOutOfBoundsException,2,62328,1.0,3022,"[1.0,1]"
15,lang,LANG-6b,6b,java.lang.StringIndexOutOfBoundsException,2,62328,1.0,6848,"[1.0,1]"
16,lang,LANG-6b,6b,java.lang.StringIndexOutOfBoundsException,2,62328,1.0,6035,"[1.6,1][1.0,2]"
17,lang,LANG-6b,6b,java.lang.StringIndexOutOfBoundsException,2,62328,1.0,6180,"[1.0,1]"
18,lang,LANG-6b,6b,java.lang.StringIndexOutOfBoundsException,2,62328,0.0,6,"[1.7142857142857144,1][1.0,2][0.0,6]"
19,lang,LANG-6b,6b,java.lang.StringIndexOutOfBoundsException,2,62328,1.0,5798,"[1.6,1][1.0,3]"
20,lang,LANG-6b,6b,java.lang.StringIndexOutOfBoundsException,2,62328,1.0,5661,"[1.6,1][1.0,2]"
21,lang,LANG-6b,6b,java.lang.StringIndexOutOfBoundsException,2,62328,1.0,6405,"[1.7142857142857144,1][1.0,2]"
22,lang,LANG-6b,6b,java.lang.StringIndexOutOfBoundsException,2,62328,1.0,6447,"[1.0,1]"
23,lang,LANG-6b,6b,java.lang.StringIndexOutOfBoundsException,2,62328,1.0,5817,"[1.0,1]"
24,lang,LANG-6b,6b,java.lang.StringIndexOutOfBoundsException,2,62328,1.0,6678,"[1.0,1]"
25,lang,LANG-6b,6b,java.lang.StringIndexOutOfBoundsException,2,62328,1.0,8123,"[1.0,1]"
26,lang,LANG-6b,6b,java.lang.StringIndexOutOfBoundsException,2,62328,1.0,6615,"[1.0,1]"
27,lang,LANG-6b,6b,java.lang.StringIndexOutOfBoundsException,2,62328,1.0,7981,"[1.0,1]"
28,lang,LANG-6b,6b,java.lang.StringIndexOutOfBoundsException,2,62328,1.0,6662,"[1.0,1]"
29,lang,LANG-6b,6b,java.lang.StringIndexOutOfBoundsException,2,62328,1.0,8294,"[1.0,1]"
30,lang,LANG-6b,6b,java.lang.StringIndexOutOfBoundsException,2,62328,1.0,6814,"[1.0,1]"
1,lang,LANG-6b,6b,java.lang.StringIndexOutOfBoundsException,3,62328,3.5,22821,"[3.5,1]"
2,lang,LANG-6b,6b,java.lang.StringIndexOutOfBoundsException,3,62328,3.5,17460,"[3.5,1]"
3,lang,LANG-6b,6b,java.lang.StringIndexOutOfBoundsException,3,62328,3.5,24467,"[3.5,1]"
4,lang,LANG-6b,6b,java.lang.StringIndexOutOfBoundsException,3,62328,3.5,22452,"[3.5,1]"
5,lang,LANG-6b,6b,java.lang.StringIndexOutOfBoundsException,3,62328,3.5,20331,"[3.5,1]"
6,lang,LANG-6b,6b,java.lang.StringIndexOutOfBoundsException,3,62328,3.5,22331,"[3.5,1]"
7,lang,LANG-6b,6b,java.lang.StringIndexOutOfBoundsException,3,62328,3.5,24763,"[3.5,1]"
8,lang,LANG-6b,6b,java.lang.StringIndexOutOfBoundsException,3,62328,3.5,25593,"[3.5,1]"
9,lang,LANG-6b,6b,java.lang.StringIndexOutOfBoundsException,3,62328,3.5,21186,"[3.5,1]"
10,lang,LANG-6b,6b,java.lang.StringIndexOutOfBoundsException,3,62328,3.5,20545,"[3.5,1]"
11,lang,LANG-6b,6b,java.lang.StringIndexOutOfBoundsException,3,62328,3.5,23073,"[3.5,1]"
12,lang,LANG-6b,6b,java.lang.StringIndexOutOfBoundsException,3,62328,3.5,25753,"[3.5,1]"
13,lang,LANG-6b,6b,java.lang.StringIndexOutOfBoundsException,3,62328,3.5,23576,"[3.5,1]"
14,lang,LANG-6b,6b,java.lang.StringIndexOutOfBoundsException,3,62328,3.5,22208,"[3.5,1]"
15,lang,LANG-6b,6b,java.lang.StringIndexOutOfBoundsException,3,62328,3.5,25980,"[3.5,1]"
16,lang,LANG-6b,6b,java.lang.StringIndexOutOfBoundsException,3,62328,3.5,23302,"[3.5,1]"
17,lang,LANG-6b,6b,java.lang.StringIndexOutOfBoundsException,3,62328,3.5,22931,"[3.5,1]"
18,lang,LANG-6b,6b,java.lang.StringIndexOutOfBoundsException,3,62328,3.5,26662,"[3.5,1]"
19,lang,LANG-6b,6b,java.lang.StringIndexOutOfBoundsException,3,62328,3.5,23600,"[3.5,1]"
20,lang,LANG-6b,6b,java.lang.StringIndexOutOfBoundsException,3,62328,3.5,21783,"[3.5,1]"
21,lang,LANG-6b,6b,java.lang.StringIndexOutOfBoundsException,3,62328,3.5,23769,"[3.5,1]"
22,lang,LANG-6b,6b,java.lang.StringIndexOutOfBoundsException,3,62328,3.5,28076,"[3.5,1]"
23,lang,LANG-6b,6b,java.lang.StringIndexOutOfBoundsException,3,62328,3.5,26740,"[3.5,1]"
24,lang,LANG-6b,6b,java.lang.StringIndexOutOfBoundsException,3,62328,3.5,25547,"[3.5,1]"
25,lang,LANG-6b,6b,java.lang.StringIndexOutOfBoundsException,3,62328,3.5,28049,"[3.5,1]"
26,lang,LANG-6b,6b,java.lang.StringIndexOutOfBoundsException,3,62328,3.5,26808,"[3.5,1]"
27,lang,LANG-6b,6b,java.lang.StringIndexOutOfBoundsException,3,62328,3.5,28365,"[3.5,1]"
28,lang,LANG-6b,6b,java.lang.StringIndexOutOfBoundsException,3,62328,3.5,27022,"[3.5,1]"
29,lang,LANG-6b,6b,java.lang.StringIndexOutOfBoundsException,3,62328,3.5,25049,"[3.5,1]"
30,lang,LANG-6b,6b,java.lang.StringIndexOutOfBoundsException,3,62328,3.5,1642,"[3.5,1]"
1,math,MATH-101b,101b,java.lang.StringIndexOutOfBoundsException,1,62328,0.0,20,"[1.6640000000000001,1][1.663157894736842,5][1.6615384615384614,6][1.65625,11][0.0,20]"
2,math,MATH-101b,101b,java.lang.StringIndexOutOfBoundsException,1,62328,0.0,51,"[1.6470588235294117,1][1.0,38][0.0,51]"
3,math,MATH-101b,101b,java.lang.StringIndexOutOfBoundsException,1,62328,0.0,45,"[1.6666666666666665,1][1.6642335766423357,3][1.6636363636363636,12][1.6,15][1.3333333333333333,31][1.0,39][0.0,45]"
4,math,MATH-101b,101b,java.lang.StringIndexOutOfBoundsException,1,62328,0.0,1447,"[1.7142857142857144,1][1.6623376623376624,2][1.6470588235294117,13][1.3333333333333333,29][1.0,1424][0.0,1447]"
5,math,MATH-101b,101b,java.lang.StringIndexOutOfBoundsException,1,62328,0.0,230,"[1.6643356643356642,1][1.6642335766423357,3][1.661290322580645,6][1.3333333333333333,14][1.0,215][0.0,230]"
6,math,MATH-101b,101b,java.lang.StringIndexOutOfBoundsException,1,62328,0.0,34,"[1.6642335766423357,1][1.6629213483146068,6][1.6615384615384614,9][1.625,11][1.0,26][0.0,34]"
7,math,MATH-101b,101b,java.lang.StringIndexOutOfBoundsException,1,62328,0.0,8,"[1.6470588235294117,1][1.6363636363636362,3][0.0,8]"
8,math,MATH-101b,101b,java.lang.StringIndexOutOfBoundsException,1,62328,0.0,10,"[1.6642335766423357,1][1.0,6][0.0,10]"
9,math,MATH-101b,101b,java.lang.StringIndexOutOfBoundsException,1,62328,0.0,523,"[1.3333333333333333,1][0.0,523]"
10,math,MATH-101b,101b,java.lang.StringIndexOutOfBoundsException,1,62328,0.0,28,"[1.6642335766423357,1][1.6538461538461537,7][1.3333333333333333,13][1.0,18][0.0,28]"
11,math,MATH-101b,101b,java.lang.StringIndexOutOfBoundsException,1,62328,0.0,299,"[1.7142857142857144,1][1.6642335766423357,2][1.6627906976744187,12][1.6625,18][1.6621621621621623,31][1.6607142857142856,42][1.6470588235294117,66][1.6,74][1.3333333333333333,176][1.0,282][0.0,299]"
12,math,MATH-101b,101b,java.lang.StringIndexOutOfBoundsException,1,62328,0.0,39,"[1.6642335766423357,1][1.6634615384615383,10][1.6,17][1.3333333333333333,23][0.0,39]"
13,math,MATH-101b,101b,java.lang.StringIndexOutOfBoundsException,1,62328,0.0,175,"[1.7142857142857144,1][1.6642335766423357,2][1.657142857142857,6][1.625,31][1.3333333333333333,116][1.0,163][0.0,175]"
14,math,MATH-101b,101b,java.lang.StringIndexOutOfBoundsException,1,62328,0.0,86,"[1.6470588235294117,1][1.6363636363636362,45][1.3333333333333333,55][1.0,78][0.0,86]"
15,math,MATH-101b,101b,java.lang.StringIndexOutOfBoundsException,1,62328,0.0,187,"[1.65,1][1.6470588235294117,3][1.6428571428571428,6][1.625,24][1.6,35][1.0,156][0.0,187]"
16,math,MATH-101b,101b,java.lang.StringIndexOutOfBoundsException,1,62328,0.0,153,"[1.7142857142857144,1][1.6642335766423357,2][1.661764705882353,6][1.6470588235294117,8][1.625,71][1.6,135][0.0,153]"
17,math,MATH-101b,101b,java.lang.StringIndexOutOfBoundsException,1,62328,0.0,18,"[1.7142857142857144,1][1.6642335766423357,2][1.6615384615384614,11][1.6,12][1.0,15][0.0,18]"
18,math,MATH-101b,101b,java.lang.StringIndexOutOfBoundsException,1,62328,0.0,576,"[1.6642335766423357,1][1.6590909090909092,8][1.6470588235294117,14][1.6,17][1.3333333333333333,120][1.0,567][0.0,576]"
19,math,MATH-101b,101b,java.lang.StringIndexOutOfBoundsException,1,62328,0.0,19,"[1.6595744680851063,1][1.0,8][0.0,19]"
20,math,MATH-101b,101b,java.lang.StringIndexOutOfBoundsException,1,62328,0.0,392,"[1.6642335766423357,1][1.6578947368421053,2][1.6538461538461537,8][1.6428571428571428,33][1.3333333333333333,188][0.0,392]"
21,math,MATH-101b,101b,java.lang.StringIndexOutOfBoundsException,1,62328,0.0,580,"[1.7142857142857144,1][1.6642335766423357,2][1.6630434782608696,11][1.6428571428571428,18][1.6363636363636362,19][1.6,42][1.3333333333333333,85][1.0,573][0.0,580]"
22,math,MATH-101b,101b,java.lang.StringIndexOutOfBoundsException,1,62328,0.0,1827,"[1.7142857142857144,1][1.657142857142857,2][1.6551724137931034,7][1.6470588235294117,12][1.6,48][1.3333333333333333,77][0.0,1827]"
23,math,MATH-101b,101b,java.lang.StringIndexOutOfBoundsException,1,62328,0.0,491,"[1.6470588235294117,1][1.6,9][1.3333333333333333,69][1.0,481][0.0,491]"
24,math,MATH-101b,101b,java.lang.StringIndexOutOfBoundsException,1,62328,0.0,47,"[1.6642335766423357,1][1.6470588235294117,7][1.0,38][0.0,47]"
25,math,MATH-101b,101b,java.lang.StringIndexOutOfBoundsException,1,62328,0.0,24,"[1.6521739130434783,1][1.3333333333333333,15][0.0,24]"
26,math,MATH-101b,101b,java.lang.StringIndexOutOfBoundsException,1,62328,0.0,30,"[1.7142857142857144,1][1.6642335766423357,3][1.6470588235294117,5][0.0,30]"
27,math,MATH-101b,101b,java.lang.StringIndexOutOfBoundsException,1,62328,0.0,117,"[1.7142857142857144,1][1.6595744680851063,2][1.65625,12][1.6,16][1.0,89][0.0,117]"
28,math,MATH-101b,101b,java.lang.StringIndexOutOfBoundsException,1,62328,0.0,20,"[1.6642335766423357,1][1.6470588235294117,2][1.3333333333333333,4][1.0,11][0.0,20]"
29,math,MATH-101b,101b,java.lang.StringIndexOutOfBoundsException,1,62328,0.0,667,"[1.7142857142857144,1][1.6642335766423357,2][1.657142857142857,3][1.65625,7][1.6,20][1.3333333333333333,105][0.0,667]"
30,math,MATH-101b,101b,java.lang.StringIndexOutOfBoundsException,1,62328,0.0,46,"[1.7142857142857144,1][1.6578947368421053,2][1.6428571428571428,12][0.0,46]"
1,xwiki,XWIKI-14152,8.4.4,java.lang.StringIndexOutOfBoundsException,2,62328,-1,0,
2,xwiki,XWIKI-14152,8.4.4,java.lang.StringIndexOutOfBoundsException,2,62328,-1,0,
3,xwiki,XWIKI-14152,8.4.4,java.lang.StringIndexOutOfBoundsException,2,62328,-1,0,
4,xwiki,XWIKI-14152,8.4.4,java.lang.StringIndexOutOfBoundsException,2,62328,-1,0,
5,xwiki,XWIKI-14152,8.4.4,java.lang.StringIndexOutOfBoundsException,2,62328,-1,0,
6,xwiki,XWIKI-14152,8.4.4,java.lang.StringIndexOutOfBoundsException,2,62328,-1,0,
7,xwiki,XWIKI-14152,8.4.4,java.lang.StringIndexOutOfBoundsException,2,62328,-1,0,
8,xwiki,XWIKI-14152,8.4.4,java.lang.StringIndexOutOfBoundsException,2,62328,-1,0,
9,xwiki,XWIKI-14152,8.4.4,java.lang.StringIndexOutOfBoundsException,2,62328,-1,0,
10,xwiki,XWIKI-14152,8.4.4,java.lang.StringIndexOutOfBoundsException,2,62328,-1,0,
11,xwiki,XWIKI-14152,8.4.4,java.lang.StringIndexOutOfBoundsException,2,62328,-1,0,
12,xwiki,XWIKI-14152,8.4.4,java.lang.StringIndexOutOfBoundsException,2,62328,-1,0,
13,xwiki,XWIKI-14152,8.4.4,java.lang.StringIndexOutOfBoundsException,2,62328,-1,0,
14,xwiki,XWIKI-14152,8.4.4,java.lang.StringIndexOutOfBoundsException,2,62328,-1,0,
15,xwiki,XWIKI-14152,8.4.4,java.lang.StringIndexOutOfBoundsException,2,62328,-1,0,
16,xwiki,XWIKI-14152,8.4.4,java.lang.StringIndexOutOfBoundsException,2,62328,-1,0,
17,xwiki,XWIKI-14152,8.4.4,java.lang.StringIndexOutOfBoundsException,2,62328,-1,0,
18,xwiki,XWIKI-14152,8.4.4,java.lang.StringIndexOutOfBoundsException,2,62328,-1,0,
19,xwiki,XWIKI-14152,8.4.4,java.lang.StringIndexOutOfBoundsException,2,62328,-1,0,
20,xwiki,XWIKI-14152,8.4.4,java.lang.StringIndexOutOfBoundsException,2,62328,-1,0,
21,xwiki,XWIKI-14152,8.4.4,java.lang.StringIndexOutOfBoundsException,2,62328,-1,0,
22,xwiki,XWIKI-14152,8.4.4,java.lang.StringIndexOutOfBoundsException,2,62328,-1,0,
23,xwiki,XWIKI-14152,8.4.4,java.lang.StringIndexOutOfBoundsException,2,62328,-1,0,
24,xwiki,XWIKI-14152,8.4.4,java.lang.StringIndexOutOfBoundsException,2,62328,-1,0,
25,xwiki,XWIKI-14152,8.4.4,java.lang.StringIndexOutOfBoundsException,2,62328,-1,0,
26,xwiki,XWIKI-14152,8.4.4,java.lang.StringIndexOutOfBoundsException,2,62328,-1,0,
27,xwiki,XWIKI-14152,8.4.4,java.lang.StringIndexOutOfBoundsException,2,62328,-1,0,
28,xwiki,XWIKI-14152,8.4.4,java.lang.StringIndexOutOfBoundsException,2,62328,-1,0,
29,xwiki,XWIKI-14152,8.4.4,java.lang.StringIndexOutOfBoundsException,2,62328,-1,0,
30,xwiki,XWIKI-14152,8.4.4,java.lang.StringIndexOutOfBoundsException,2,62328,-1,0,
1,xwiki,XWIKI-14152,8.4.4,java.lang.StringIndexOutOfBoundsException,3,62328,-1,0,
2,xwiki,XWIKI-14152,8.4.4,java.lang.StringIndexOutOfBoundsException,3,62328,-1,0,
3,xwiki,XWIKI-14152,8.4.4,java.lang.StringIndexOutOfBoundsException,3,62328,-1,0,
4,xwiki,XWIKI-14152,8.4.4,java.lang.StringIndexOutOfBoundsException,3,62328,-1,0,
5,xwiki,XWIKI-14152,8.4.4,java.lang.StringIndexOutOfBoundsException,3,62328,-1,0,
6,xwiki,XWIKI-14152,8.4.4,java.lang.StringIndexOutOfBoundsException,3,62328,-1,0,
7,xwiki,XWIKI-14152,8.4.4,java.lang.StringIndexOutOfBoundsException,3,62328,-1,0,
8,xwiki,XWIKI-14152,8.4.4,java.lang.StringIndexOutOfBoundsException,3,62328,-1,0,
9,xwiki,XWIKI-14152,8.4.4,java.lang.StringIndexOutOfBoundsException,3,62328,-1,0,
10,xwiki,XWIKI-14152,8.4.4,java.lang.StringIndexOutOfBoundsException,3,62328,-1,0,
11,xwiki,XWIKI-14152,8.4.4,java.lang.StringIndexOutOfBoundsException,3,62328,-1,0,
12,xwiki,XWIKI-14152,8.4.4,java.lang.StringIndexOutOfBoundsException,3,62328,-1,0,
13,xwiki,XWIKI-14152,8.4.4,java.lang.StringIndexOutOfBoundsException,3,62328,-1,0,
14,xwiki,XWIKI-14152,8.4.4,java.lang.StringIndexOutOfBoundsException,3,62328,-1,0,
15,xwiki,XWIKI-14152,8.4.4,java.lang.StringIndexOutOfBoundsException,3,62328,-1,0,
16,xwiki,XWIKI-14152,8.4.4,java.lang.StringIndexOutOfBoundsException,3,62328,-1,0,
17,xwiki,XWIKI-14152,8.4.4,java.lang.StringIndexOutOfBoundsException,3,62328,-1,0,
18,xwiki,XWIKI-14152,8.4.4,java.lang.StringIndexOutOfBoundsException,3,62328,-1,0,
19,xwiki,XWIKI-14152,8.4.4,java.lang.StringIndexOutOfBoundsException,3,62328,-1,0,
20,xwiki,XWIKI-14152,8.4.4,java.lang.StringIndexOutOfBoundsException,3,62328,-1,0,
21,xwiki,XWIKI-14152,8.4.4,java.lang.StringIndexOutOfBoundsException,3,62328,-1,0,
22,xwiki,XWIKI-14152,8.4.4,java.lang.StringIndexOutOfBoundsException,3,62328,-1,0,
23,xwiki,XWIKI-14152,8.4.4,java.lang.StringIndexOutOfBoundsException,3,62328,-1,0,
24,xwiki,XWIKI-14152,8.4.4,java.lang.StringIndexOutOfBoundsException,3,62328,-1,0,
25,xwiki,XWIKI-14152,8.4.4,java.lang.StringIndexOutOfBoundsException,3,62328,-1,0,
26,xwiki,XWIKI-14152,8.4.4,java.lang.StringIndexOutOfBoundsException,3,62328,-1,0,
27,xwiki,XWIKI-14152,8.4.4,java.lang.StringIndexOutOfBoundsException,3,62328,-1,0,
28,xwiki,XWIKI-14152,8.4.4,java.lang.StringIndexOutOfBoundsException,3,62328,-1,0,
29,xwiki,XWIKI-14152,8.4.4,java.lang.StringIndexOutOfBoundsException,3,62328,-1,0,
30,xwiki,XWIKI-14152,8.4.4,java.lang.StringIndexOutOfBoundsException,3,62328,-1,0,
1,xwiki,XWIKI-14152,8.4.4,java.lang.StringIndexOutOfBoundsException,4,62328,-1,0,
2,xwiki,XWIKI-14152,8.4.4,java.lang.StringIndexOutOfBoundsException,4,62328,-1,0,
3,xwiki,XWIKI-14152,8.4.4,java.lang.StringIndexOutOfBoundsException,4,62328,-1,0,
4,xwiki,XWIKI-14152,8.4.4,java.lang.StringIndexOutOfBoundsException,4,62328,-1,0,
5,xwiki,XWIKI-14152,8.4.4,java.lang.StringIndexOutOfBoundsException,4,62328,-1,0,
6,xwiki,XWIKI-14152,8.4.4,java.lang.StringIndexOutOfBoundsException,4,62328,-1,0,
7,xwiki,XWIKI-14152,8.4.4,java.lang.StringIndexOutOfBoundsException,4,62328,-1,0,
8,xwiki,XWIKI-14152,8.4.4,java.lang.StringIndexOutOfBoundsException,4,62328,-1,0,
9,xwiki,XWIKI-14152,8.4.4,java.lang.StringIndexOutOfBoundsException,4,62328,-1,0,
10,xwiki,XWIKI-14152,8.4.4,java.lang.StringIndexOutOfBoundsException,4,62328,-1,0,
11,xwiki,XWIKI-14152,8.4.4,java.lang.StringIndexOutOfBoundsException,4,62328,-1,0,
12,xwiki,XWIKI-14152,8.4.4,java.lang.StringIndexOutOfBoundsException,4,62328,-1,0,
13,xwiki,XWIKI-14152,8.4.4,java.lang.StringIndexOutOfBoundsException,4,62328,-1,0,
14,xwiki,XWIKI-14152,8.4.4,java.lang.StringIndexOutOfBoundsException,4,62328,-1,0,
15,xwiki,XWIKI-14152,8.4.4,java.lang.StringIndexOutOfBoundsException,4,62328,-1,0,
16,xwiki,XWIKI-14152,8.4.4,java.lang.StringIndexOutOfBoundsException,4,62328,-1,0,
17,xwiki,XWIKI-14152,8.4.4,java.lang.StringIndexOutOfBoundsException,4,62328,-1,0,
18,xwiki,XWIKI-14152,8.4.4,java.lang.StringIndexOutOfBoundsException,4,62328,-1,0,
19,xwiki,XWIKI-14152,8.4.4,java.lang.StringIndexOutOfBoundsException,4,62328,-1,0,
20,xwiki,XWIKI-14152,8.4.4,java.lang.StringIndexOutOfBoundsException,4,62328,-1,0,
21,xwiki,XWIKI-14152,8.4.4,java.lang.StringIndexOutOfBoundsException,4,62328,-1,0,
22,xwiki,XWIKI-14152,8.4.4,java.lang.StringIndexOutOfBoundsException,4,62328,-1,0,
23,xwiki,XWIKI-14152,8.4.4,java.lang.StringIndexOutOfBoundsException,4,62328,-1,0,
24,xwiki,XWIKI-14152,8.4.4,java.lang.StringIndexOutOfBoundsException,4,62328,-1,0,
25,xwiki,XWIKI-14152,8.4.4,java.lang.StringIndexOutOfBoundsException,4,62328,-1,0,
26,xwiki,XWIKI-14152,8.4.4,java.lang.StringIndexOutOfBoundsException,4,62328,-1,0,
27,xwiki,XWIKI-14152,8.4.4,java.lang.StringIndexOutOfBoundsException,4,62328,-1,0,
28,xwiki,XWIKI-14152,8.4.4,java.lang.StringIndexOutOfBoundsException,4,62328,-1,0,
29,xwiki,XWIKI-14152,8.4.4,java.lang.StringIndexOutOfBoundsException,4,62328,-1,0,
30,xwiki,XWIKI-14152,8.4.4,java.lang.StringIndexOutOfBoundsException,4,62328,-1,0,
1,xwiki,XWIKI-14152,8.4.4,java.lang.StringIndexOutOfBoundsException,5,62328,-1,0,
2,xwiki,XWIKI-14152,8.4.4,java.lang.StringIndexOutOfBoundsException,5,62328,-1,0,
3,xwiki,XWIKI-14152,8.4.4,java.lang.StringIndexOutOfBoundsException,5,62328,-1,0,
4,xwiki,XWIKI-14152,8.4.4,java.lang.StringIndexOutOfBoundsException,5,62328,-1,0,
5,xwiki,XWIKI-14152,8.4.4,java.lang.StringIndexOutOfBoundsException,5,62328,-1,0,
6,xwiki,XWIKI-14152,8.4.4,java.lang.StringIndexOutOfBoundsException,5,62328,-1,0,
7,xwiki,XWIKI-14152,8.4.4,java.lang.StringIndexOutOfBoundsException,5,62328,-1,0,
8,xwiki,XWIKI-14152,8.4.4,java.lang.StringIndexOutOfBoundsException,5,62328,-1,0,
9,xwiki,XWIKI-14152,8.4.4,java.lang.StringIndexOutOfBoundsException,5,62328,-1,0,
10,xwiki,XWIKI-14152,8.4.4,java.lang.StringIndexOutOfBoundsException,5,62328,-1,0,
11,xwiki,XWIKI-14152,8.4.4,java.lang.StringIndexOutOfBoundsException,5,62328,-1,0,
12,xwiki,XWIKI-14152,8.4.4,java.lang.StringIndexOutOfBoundsException,5,62328,-1,0,
13,xwiki,XWIKI-14152,8.4.4,java.lang.StringIndexOutOfBoundsException,5,62328,-1,0,
14,xwiki,XWIKI-14152,8.4.4,java.lang.StringIndexOutOfBoundsException,5,62328,-1,0,
15,xwiki,XWIKI-14152,8.4.4,java.lang.StringIndexOutOfBoundsException,5,62328,-1,0,
16,xwiki,XWIKI-14152,8.4.4,java.lang.StringIndexOutOfBoundsException,5,62328,-1,0,
17,xwiki,XWIKI-14152,8.4.4,java.lang.StringIndexOutOfBoundsException,5,62328,-1,0,
18,xwiki,XWIKI-14152,8.4.4,java.lang.StringIndexOutOfBoundsException,5,62328,-1,0,
19,xwiki,XWIKI-14152,8.4.4,java.lang.StringIndexOutOfBoundsException,5,62328,-1,0,
20,xwiki,XWIKI-14152,8.4.4,java.lang.StringIndexOutOfBoundsException,5,62328,-1,0,
21,xwiki,XWIKI-14152,8.4.4,java.lang.StringIndexOutOfBoundsException,5,62328,-1,0,
22,xwiki,XWIKI-14152,8.4.4,java.lang.StringIndexOutOfBoundsException,5,62328,-1,0,
23,xwiki,XWIKI-14152,8.4.4,java.lang.StringIndexOutOfBoundsException,5,62328,-1,0,
24,xwiki,XWIKI-14152,8.4.4,java.lang.StringIndexOutOfBoundsException,5,62328,-1,0,
25,xwiki,XWIKI-14152,8.4.4,java.lang.StringIndexOutOfBoundsException,5,62328,-1,0,
26,xwiki,XWIKI-14152,8.4.4,java.lang.StringIndexOutOfBoundsException,5,62328,-1,0,
27,xwiki,XWIKI-14152,8.4.4,java.lang.StringIndexOutOfBoundsException,5,62328,-1,0,
28,xwiki,XWIKI-14152,8.4.4,java.lang.StringIndexOutOfBoundsException,5,62328,-1,0,
29,xwiki,XWIKI-14152,8.4.4,java.lang.StringIndexOutOfBoundsException,5,62328,-1,0,
30,xwiki,XWIKI-14152,8.4.4,java.lang.StringIndexOutOfBoundsException,5,62328,-1,0,
1,xwiki,XWIKI-14152,8.4.4,java.lang.StringIndexOutOfBoundsException,6,62328,-1,0,
2,xwiki,XWIKI-14152,8.4.4,java.lang.StringIndexOutOfBoundsException,6,62328,-1,0,
3,xwiki,XWIKI-14152,8.4.4,java.lang.StringIndexOutOfBoundsException,6,62328,-1,0,
4,xwiki,XWIKI-14152,8.4.4,java.lang.StringIndexOutOfBoundsException,6,62328,-1,0,
5,xwiki,XWIKI-14152,8.4.4,java.lang.StringIndexOutOfBoundsException,6,62328,-1,0,
6,xwiki,XWIKI-14152,8.4.4,java.lang.StringIndexOutOfBoundsException,6,62328,-1,0,
7,xwiki,XWIKI-14152,8.4.4,java.lang.StringIndexOutOfBoundsException,6,62328,-1,0,
8,xwiki,XWIKI-14152,8.4.4,java.lang.StringIndexOutOfBoundsException,6,62328,-1,0,
9,xwiki,XWIKI-14152,8.4.4,java.lang.StringIndexOutOfBoundsException,6,62328,-1,0,
10,xwiki,XWIKI-14152,8.4.4,java.lang.StringIndexOutOfBoundsException,6,62328,-1,0,
11,xwiki,XWIKI-14152,8.4.4,java.lang.StringIndexOutOfBoundsException,6,62328,-1,0,
12,xwiki,XWIKI-14152,8.4.4,java.lang.StringIndexOutOfBoundsException,6,62328,-1,0,
13,xwiki,XWIKI-14152,8.4.4,java.lang.StringIndexOutOfBoundsException,6,62328,-1,0,
14,xwiki,XWIKI-14152,8.4.4,java.lang.StringIndexOutOfBoundsException,6,62328,-1,0,
15,xwiki,XWIKI-14152,8.4.4,java.lang.StringIndexOutOfBoundsException,6,62328,-1,0,
16,xwiki,XWIKI-14152,8.4.4,java.lang.StringIndexOutOfBoundsException,6,62328,-1,0,
17,xwiki,XWIKI-14152,8.4.4,java.lang.StringIndexOutOfBoundsException,6,62328,-1,0,
18,xwiki,XWIKI-14152,8.4.4,java.lang.StringIndexOutOfBoundsException,6,62328,-1,0,
19,xwiki,XWIKI-14152,8.4.4,java.lang.StringIndexOutOfBoundsException,6,62328,-1,0,
20,xwiki,XWIKI-14152,8.4.4,java.lang.StringIndexOutOfBoundsException,6,62328,-1,0,
21,xwiki,XWIKI-14152,8.4.4,java.lang.StringIndexOutOfBoundsException,6,62328,-1,0,
22,xwiki,XWIKI-14152,8.4.4,java.lang.StringIndexOutOfBoundsException,6,62328,-1,0,
23,xwiki,XWIKI-14152,8.4.4,java.lang.StringIndexOutOfBoundsException,6,62328,-1,0,
24,xwiki,XWIKI-14152,8.4.4,java.lang.StringIndexOutOfBoundsException,6,62328,-1,0,
25,xwiki,XWIKI-14152,8.4.4,java.lang.StringIndexOutOfBoundsException,6,62328,-1,0,
26,xwiki,XWIKI-14152,8.4.4,java.lang.StringIndexOutOfBoundsException,6,62328,-1,0,
27,xwiki,XWIKI-14152,8.4.4,java.lang.StringIndexOutOfBoundsException,6,62328,-1,0,
28,xwiki,XWIKI-14152,8.4.4,java.lang.StringIndexOutOfBoundsException,6,62328,-1,0,
29,xwiki,XWIKI-14152,8.4.4,java.lang.StringIndexOutOfBoundsException,6,62328,-1,0,
30,xwiki,XWIKI-14152,8.4.4,java.lang.StringIndexOutOfBoundsException,6,62328,-1,0,
1,xwiki,XWIKI-14152,8.4.4,java.lang.StringIndexOutOfBoundsException,7,62328,-1,0,
2,xwiki,XWIKI-14152,8.4.4,java.lang.StringIndexOutOfBoundsException,7,62328,-1,0,
3,xwiki,XWIKI-14152,8.4.4,java.lang.StringIndexOutOfBoundsException,7,62328,-1,0,
4,xwiki,XWIKI-14152,8.4.4,java.lang.StringIndexOutOfBoundsException,7,62328,-1,0,
5,xwiki,XWIKI-14152,8.4.4,java.lang.StringIndexOutOfBoundsException,7,62328,-1,0,
6,xwiki,XWIKI-14152,8.4.4,java.lang.StringIndexOutOfBoundsException,7,62328,-1,0,
7,xwiki,XWIKI-14152,8.4.4,java.lang.StringIndexOutOfBoundsException,7,62328,-1,0,
8,xwiki,XWIKI-14152,8.4.4,java.lang.StringIndexOutOfBoundsException,7,62328,-1,0,
9,xwiki,XWIKI-14152,8.4.4,java.lang.StringIndexOutOfBoundsException,7,62328,-1,0,
10,xwiki,XWIKI-14152,8.4.4,java.lang.StringIndexOutOfBoundsException,7,62328,-1,0,
11,xwiki,XWIKI-14152,8.4.4,java.lang.StringIndexOutOfBoundsException,7,62328,-1,0,
12,xwiki,XWIKI-14152,8.4.4,java.lang.StringIndexOutOfBoundsException,7,62328,-1,0,
13,xwiki,XWIKI-14152,8.4.4,java.lang.StringIndexOutOfBoundsException,7,62328,-1,0,
14,xwiki,XWIKI-14152,8.4.4,java.lang.StringIndexOutOfBoundsException,7,62328,-1,0,
15,xwiki,XWIKI-14152,8.4.4,java.lang.StringIndexOutOfBoundsException,7,62328,-1,0,
16,xwiki,XWIKI-14152,8.4.4,java.lang.StringIndexOutOfBoundsException,7,62328,-1,0,
17,xwiki,XWIKI-14152,8.4.4,java.lang.StringIndexOutOfBoundsException,7,62328,-1,0,
18,xwiki,XWIKI-14152,8.4.4,java.lang.StringIndexOutOfBoundsException,7,62328,-1,0,
19,xwiki,XWIKI-14152,8.4.4,java.lang.StringIndexOutOfBoundsException,7,62328,-1,0,
20,xwiki,XWIKI-14152,8.4.4,java.lang.StringIndexOutOfBoundsException,7,62328,-1,0,
21,xwiki,XWIKI-14152,8.4.4,java.lang.StringIndexOutOfBoundsException,7,62328,-1,0,
22,xwiki,XWIKI-14152,8.4.4,java.lang.StringIndexOutOfBoundsException,7,62328,-1,0,
23,xwiki,XWIKI-14152,8.4.4,java.lang.StringIndexOutOfBoundsException,7,62328,-1,0,
24,xwiki,XWIKI-14152,8.4.4,java.lang.StringIndexOutOfBoundsException,7,62328,-1,0,
25,xwiki,XWIKI-14152,8.4.4,java.lang.StringIndexOutOfBoundsException,7,62328,-1,0,
26,xwiki,XWIKI-14152,8.4.4,java.lang.StringIndexOutOfBoundsException,7,62328,-1,0,
27,xwiki,XWIKI-14152,8.4.4,java.lang.StringIndexOutOfBoundsException,7,62328,-1,0,
28,xwiki,XWIKI-14152,8.4.4,java.lang.StringIndexOutOfBoundsException,7,62328,-1,0,
29,xwiki,XWIKI-14152,8.4.4,java.lang.StringIndexOutOfBoundsException,7,62328,-1,0,
30,xwiki,XWIKI-14152,8.4.4,java.lang.StringIndexOutOfBoundsException,7,62328,-1,0,
1,xwiki,XWIKI-14152,8.4.4,java.lang.StringIndexOutOfBoundsException,8,62328,-1,0,
2,xwiki,XWIKI-14152,8.4.4,java.lang.StringIndexOutOfBoundsException,8,62328,-1,0,
3,xwiki,XWIKI-14152,8.4.4,java.lang.StringIndexOutOfBoundsException,8,62328,-1,0,
4,xwiki,XWIKI-14152,8.4.4,java.lang.StringIndexOutOfBoundsException,8,62328,-1,0,
5,xwiki,XWIKI-14152,8.4.4,java.lang.StringIndexOutOfBoundsException,8,62328,-1,0,
6,xwiki,XWIKI-14152,8.4.4,java.lang.StringIndexOutOfBoundsException,8,62328,-1,0,
7,xwiki,XWIKI-14152,8.4.4,java.lang.StringIndexOutOfBoundsException,8,62328,-1,0,
8,xwiki,XWIKI-14152,8.4.4,java.lang.StringIndexOutOfBoundsException,8,62328,-1,0,
9,xwiki,XWIKI-14152,8.4.4,java.lang.StringIndexOutOfBoundsException,8,62328,-1,0,
10,xwiki,XWIKI-14152,8.4.4,java.lang.StringIndexOutOfBoundsException,8,62328,-1,0,
11,xwiki,XWIKI-14152,8.4.4,java.lang.StringIndexOutOfBoundsException,8,62328,-1,0,
12,xwiki,XWIKI-14152,8.4.4,java.lang.StringIndexOutOfBoundsException,8,62328,-1,0,
13,xwiki,XWIKI-14152,8.4.4,java.lang.StringIndexOutOfBoundsException,8,62328,-1,0,
14,xwiki,XWIKI-14152,8.4.4,java.lang.StringIndexOutOfBoundsException,8,62328,-1,0,
15,xwiki,XWIKI-14152,8.4.4,java.lang.StringIndexOutOfBoundsException,8,62328,-1,0,
16,xwiki,XWIKI-14152,8.4.4,java.lang.StringIndexOutOfBoundsException,8,62328,-1,0,
17,xwiki,XWIKI-14152,8.4.4,java.lang.StringIndexOutOfBoundsException,8,62328,-1,0,
18,xwiki,XWIKI-14152,8.4.4,java.lang.StringIndexOutOfBoundsException,8,62328,-1,0,
19,xwiki,XWIKI-14152,8.4.4,java.lang.StringIndexOutOfBoundsException,8,62328,-1,0,
20,xwiki,XWIKI-14152,8.4.4,java.lang.StringIndexOutOfBoundsException,8,62328,-1,0,
21,xwiki,XWIKI-14152,8.4.4,java.lang.StringIndexOutOfBoundsException,8,62328,-1,0,
22,xwiki,XWIKI-14152,8.4.4,java.lang.StringIndexOutOfBoundsException,8,62328,-1,0,
23,xwiki,XWIKI-14152,8.4.4,java.lang.StringIndexOutOfBoundsException,8,62328,-1,0,
24,xwiki,XWIKI-14152,8.4.4,java.lang.StringIndexOutOfBoundsException,8,62328,-1,0,
25,xwiki,XWIKI-14152,8.4.4,java.lang.StringIndexOutOfBoundsException,8,62328,-1,0,
26,xwiki,XWIKI-14152,8.4.4,java.lang.StringIndexOutOfBoundsException,8,62328,-1,0,
27,xwiki,XWIKI-14152,8.4.4,java.lang.StringIndexOutOfBoundsException,8,62328,-1,0,
28,xwiki,XWIKI-14152,8.4.4,java.lang.StringIndexOutOfBoundsException,8,62328,-1,0,
29,xwiki,XWIKI-14152,8.4.4,java.lang.StringIndexOutOfBoundsException,8,62328,-1,0,
30,xwiki,XWIKI-14152,8.4.4,java.lang.StringIndexOutOfBoundsException,8,62328,-1,0,